--------------------------------------------------------
-- Archivo creado  - lunes-marzo-28-2022   
--------------------------------------------------------
--------------------------------------------------------
--  DDL for Table CONTACTS
--------------------------------------------------------

  CREATE TABLE "AMERICA"."CONTACTS" ("CONTACT_ID" NUMBER GENERATED BY DEFAULT AS IDENTITY MINVALUE 1 MAXVALUE 9999999999999999999999999999 INCREMENT BY 1 START WITH 320 CACHE 20 NOORDER  NOCYCLE  NOKEEP  NOSCALE , "FIRST_NAME" VARCHAR2(255 BYTE) COLLATE "USING_NLS_COMP", "LAST_NAME" VARCHAR2(255 BYTE) COLLATE "USING_NLS_COMP", "EMAIL" VARCHAR2(255 BYTE) COLLATE "USING_NLS_COMP", "PHONE" VARCHAR2(20 BYTE) COLLATE "USING_NLS_COMP", "CUSTOMER_ID" NUMBER)  DEFAULT COLLATION "USING_NLS_COMP"
--------------------------------------------------------
--  DDL for Table COUNTRIES
--------------------------------------------------------

  CREATE TABLE "AMERICA"."COUNTRIES" ("COUNTRY_ID" CHAR(2 BYTE) COLLATE "USING_NLS_COMP", "COUNTRY_NAME" VARCHAR2(40 BYTE) COLLATE "USING_NLS_COMP", "REGION_ID" NUMBER)  DEFAULT COLLATION "USING_NLS_COMP"
--------------------------------------------------------
--  DDL for Table CUSTOMERS
--------------------------------------------------------

  CREATE TABLE "AMERICA"."CUSTOMERS" ("CUSTOMER_ID" NUMBER GENERATED BY DEFAULT AS IDENTITY MINVALUE 1 MAXVALUE 9999999999999999999999999999 INCREMENT BY 1 START WITH 320 CACHE 20 NOORDER  NOCYCLE  NOKEEP  NOSCALE , "NAME" VARCHAR2(255 BYTE) COLLATE "USING_NLS_COMP", "ADDRESS" VARCHAR2(255 BYTE) COLLATE "USING_NLS_COMP", "WEBSITE" VARCHAR2(255 BYTE) COLLATE "USING_NLS_COMP", "CREDIT_LIMIT" NUMBER(8,2), "REGION_ID" NUMBER)  DEFAULT COLLATION "USING_NLS_COMP"
--------------------------------------------------------
--  DDL for Table EMPLOYEES
--------------------------------------------------------

  CREATE TABLE "AMERICA"."EMPLOYEES" ("EMPLOYEE_ID" NUMBER GENERATED BY DEFAULT AS IDENTITY MINVALUE 1 MAXVALUE 9999999999999999999999999999 INCREMENT BY 1 START WITH 108 CACHE 20 NOORDER  NOCYCLE  NOKEEP  NOSCALE , "FIRST_NAME" VARCHAR2(255 BYTE) COLLATE "USING_NLS_COMP", "LAST_NAME" VARCHAR2(255 BYTE) COLLATE "USING_NLS_COMP", "EMAIL" VARCHAR2(255 BYTE) COLLATE "USING_NLS_COMP", "PHONE" VARCHAR2(50 BYTE) COLLATE "USING_NLS_COMP", "HIRE_DATE" DATE, "MANAGER_ID" NUMBER(12,0), "JOB_TITLE" VARCHAR2(255 BYTE) COLLATE "USING_NLS_COMP", "REGION_ID" NUMBER)  DEFAULT COLLATION "USING_NLS_COMP"
--------------------------------------------------------
--  DDL for Table INVENTORIES
--------------------------------------------------------

  CREATE TABLE "AMERICA"."INVENTORIES" ("PRODUCT_ID" NUMBER(12,0), "WAREHOUSE_ID" NUMBER(12,0), "QUANTITY" NUMBER(8,0))  DEFAULT COLLATION "USING_NLS_COMP"
--------------------------------------------------------
--  DDL for Table LOCATIONS
--------------------------------------------------------

  CREATE TABLE "AMERICA"."LOCATIONS" ("LOCATION_ID" NUMBER GENERATED BY DEFAULT AS IDENTITY MINVALUE 1 MAXVALUE 9999999999999999999999999999 INCREMENT BY 1 START WITH 24 CACHE 20 NOORDER  NOCYCLE  NOKEEP  NOSCALE , "ADDRESS" VARCHAR2(255 BYTE) COLLATE "USING_NLS_COMP", "POSTAL_CODE" VARCHAR2(20 BYTE) COLLATE "USING_NLS_COMP", "CITY" VARCHAR2(50 BYTE) COLLATE "USING_NLS_COMP", "STATE" VARCHAR2(50 BYTE) COLLATE "USING_NLS_COMP", "COUNTRY_ID" CHAR(2 BYTE) COLLATE "USING_NLS_COMP")  DEFAULT COLLATION "USING_NLS_COMP"
--------------------------------------------------------
--  DDL for Table ORDERS
--------------------------------------------------------

  CREATE TABLE "AMERICA"."ORDERS" ("ORDER_ID" NUMBER GENERATED BY DEFAULT AS IDENTITY MINVALUE 1 MAXVALUE 9999999999999999999999999999 INCREMENT BY 1 START WITH 106 CACHE 20 NOORDER  NOCYCLE  NOKEEP  NOSCALE , "CUSTOMER_ID" NUMBER(6,0), "STATUS" VARCHAR2(20 BYTE) COLLATE "USING_NLS_COMP", "SALESMAN_ID" NUMBER(6,0), "ORDER_DATE" DATE)  DEFAULT COLLATION "USING_NLS_COMP"
--------------------------------------------------------
--  DDL for Table ORDER_ITEMS
--------------------------------------------------------

  CREATE TABLE "AMERICA"."ORDER_ITEMS" ("ORDER_ID" NUMBER(12,0), "ITEM_ID" NUMBER(12,0), "PRODUCT_ID" NUMBER(12,0), "QUANTITY" NUMBER(8,2), "UNIT_PRICE" NUMBER(8,2))  DEFAULT COLLATION "USING_NLS_COMP"
--------------------------------------------------------
--  DDL for Table PRODUCTS
--------------------------------------------------------

  CREATE TABLE "AMERICA"."PRODUCTS" ("PRODUCT_ID" NUMBER GENERATED BY DEFAULT AS IDENTITY MINVALUE 1 MAXVALUE 9999999999999999999999999999 INCREMENT BY 1 START WITH 289 CACHE 20 NOORDER  NOCYCLE  NOKEEP  NOSCALE , "PRODUCT_NAME" VARCHAR2(255 BYTE) COLLATE "USING_NLS_COMP", "DESCRIPTION" VARCHAR2(2000 BYTE) COLLATE "USING_NLS_COMP", "STANDARD_COST" NUMBER(9,2), "LIST_PRICE" NUMBER(9,2), "CATEGORY_ID" NUMBER)  DEFAULT COLLATION "USING_NLS_COMP"
--------------------------------------------------------
--  DDL for Table PRODUCT_CATEGORIES
--------------------------------------------------------

  CREATE TABLE "AMERICA"."PRODUCT_CATEGORIES" ("CATEGORY_ID" NUMBER GENERATED BY DEFAULT AS IDENTITY MINVALUE 1 MAXVALUE 9999999999999999999999999999 INCREMENT BY 1 START WITH 6 CACHE 20 NOORDER  NOCYCLE  NOKEEP  NOSCALE , "CATEGORY_NAME" VARCHAR2(255 BYTE) COLLATE "USING_NLS_COMP")  DEFAULT COLLATION "USING_NLS_COMP"
--------------------------------------------------------
--  DDL for Table REGIONS
--------------------------------------------------------

  CREATE TABLE "AMERICA"."REGIONS" ("REGION_ID" NUMBER GENERATED BY DEFAULT AS IDENTITY MINVALUE 1 MAXVALUE 9999999999999999999999999999 INCREMENT BY 1 START WITH 5 CACHE 20 NOORDER  NOCYCLE  NOKEEP  NOSCALE , "REGION_NAME" VARCHAR2(50 BYTE) COLLATE "USING_NLS_COMP")  DEFAULT COLLATION "USING_NLS_COMP"
--------------------------------------------------------
--  DDL for Table WAREHOUSES
--------------------------------------------------------

  CREATE TABLE "AMERICA"."WAREHOUSES" ("WAREHOUSE_ID" NUMBER GENERATED BY DEFAULT AS IDENTITY MINVALUE 1 MAXVALUE 9999999999999999999999999999 INCREMENT BY 1 START WITH 10 CACHE 20 NOORDER  NOCYCLE  NOKEEP  NOSCALE , "WAREHOUSE_NAME" VARCHAR2(255 BYTE) COLLATE "USING_NLS_COMP", "LOCATION_ID" NUMBER(12,0))  DEFAULT COLLATION "USING_NLS_COMP"
REM INSERTING into AMERICA.CONTACTS
SET DEFINE OFF;
Insert into AMERICA.CONTACTS (CONTACT_ID,FIRST_NAME,LAST_NAME,EMAIL,PHONE,CUSTOMER_ID) values (314,'Annabelle','Butler','annabelle.butler@thrivent.com','+91 80 012 3737',314);
Insert into AMERICA.CONTACTS (CONTACT_ID,FIRST_NAME,LAST_NAME,EMAIL,PHONE,CUSTOMER_ID) values (3,'Fern','Head','fern.head@usfoods.com','+1 812 123 4115',3);
Insert into AMERICA.CONTACTS (CONTACT_ID,FIRST_NAME,LAST_NAME,EMAIL,PHONE,CUSTOMER_ID) values (7,'Matthias','Cruise','matthias.cruise@alcoa.com','+1 219 123 4138',7);
Insert into AMERICA.CONTACTS (CONTACT_ID,FIRST_NAME,LAST_NAME,EMAIL,PHONE,CUSTOMER_ID) values (14,'Dianne','Derek','dianne.derek@danaher.com','+1 812 123 4157',14);
Insert into AMERICA.CONTACTS (CONTACT_ID,FIRST_NAME,LAST_NAME,EMAIL,PHONE,CUSTOMER_ID) values (21,'Dianne','Sen','dianne.sen@tenethealth.com','+1 517 123 4201',21);
Insert into AMERICA.CONTACTS (CONTACT_ID,FIRST_NAME,LAST_NAME,EMAIL,PHONE,CUSTOMER_ID) values (23,'Tess','Roth','tess.roth@dteenergy.com','+1 313 123 4219',23);
Insert into AMERICA.CONTACTS (CONTACT_ID,FIRST_NAME,LAST_NAME,EMAIL,PHONE,CUSTOMER_ID) values (29,'Willie','Barrera','willie.barrera@starbucks.com','+1 616 123 4234',29);
Insert into AMERICA.CONTACTS (CONTACT_ID,FIRST_NAME,LAST_NAME,EMAIL,PHONE,CUSTOMER_ID) values (32,'Jaclyn','Atkinson','jaclyn.atkinson@globalp.com','+1 313 123 4248',32);
Insert into AMERICA.CONTACTS (CONTACT_ID,FIRST_NAME,LAST_NAME,EMAIL,PHONE,CUSTOMER_ID) values (33,'Al','Schultz','al.schultz@altria.com','+1 517 123 4253',33);
Insert into AMERICA.CONTACTS (CONTACT_ID,FIRST_NAME,LAST_NAME,EMAIL,PHONE,CUSTOMER_ID) values (38,'Caitlin','Hill','caitlin.hill@kraftheinzcompany.com','+1 515 123 4273',38);
Insert into AMERICA.CONTACTS (CONTACT_ID,FIRST_NAME,LAST_NAME,EMAIL,PHONE,CUSTOMER_ID) values (52,'Lashon','Wall','lashon.wall@pge.com','+1 414 123 4328',52);
Insert into AMERICA.CONTACTS (CONTACT_ID,FIRST_NAME,LAST_NAME,EMAIL,PHONE,CUSTOMER_ID) values (60,'Ophelia','Hurst','ophelia.hurst@colgatepalmolive.com','+1 715 123 4372',60);
Insert into AMERICA.CONTACTS (CONTACT_ID,FIRST_NAME,LAST_NAME,EMAIL,PHONE,CUSTOMER_ID) values (66,'Jessika','Merritt','jessika.merritt@bnymellon.com','+1 612 123 4397',66);
Insert into AMERICA.CONTACTS (CONTACT_ID,FIRST_NAME,LAST_NAME,EMAIL,PHONE,CUSTOMER_ID) values (68,'Roxanna','Wade','roxanna.wade@autozone.com','+1 612 123 4408',68);
Insert into AMERICA.CONTACTS (CONTACT_ID,FIRST_NAME,LAST_NAME,EMAIL,PHONE,CUSTOMER_ID) values (69,'Virgie','Mays','virgie.mays@wholefoodsmarket.com','+1 612 123 4417',69);
Insert into AMERICA.CONTACTS (CONTACT_ID,FIRST_NAME,LAST_NAME,EMAIL,PHONE,CUSTOMER_ID) values (71,'Nada','West','nada.west@genpt.com','+1 507 123 4421',71);
Insert into AMERICA.CONTACTS (CONTACT_ID,FIRST_NAME,LAST_NAME,EMAIL,PHONE,CUSTOMER_ID) values (72,'Catherina','Haney','catherina.haney@ielp.com','+1 218 123 4429',72);
Insert into AMERICA.CONTACTS (CONTACT_ID,FIRST_NAME,LAST_NAME,EMAIL,PHONE,CUSTOMER_ID) values (82,'Jannet','Elliott','jannet.elliott@discoverfinancial.com','+1 716 123 4575',82);
Insert into AMERICA.CONTACTS (CONTACT_ID,FIRST_NAME,LAST_NAME,EMAIL,PHONE,CUSTOMER_ID) values (84,'Francisco','Cummings','francisco.cummings@nrgenergy.com','+1 315 123 4597',84);
Insert into AMERICA.CONTACTS (CONTACT_ID,FIRST_NAME,LAST_NAME,EMAIL,PHONE,CUSTOMER_ID) values (87,'Rayna','Tran','rayna.tran@libertyinteractive.com','+1 518 123 4617',87);
Insert into AMERICA.CONTACTS (CONTACT_ID,FIRST_NAME,LAST_NAME,EMAIL,PHONE,CUSTOMER_ID) values (97,'Denny','Daniel','denny.daniel@att.com','+1 610 123 4669',97);
Insert into AMERICA.CONTACTS (CONTACT_ID,FIRST_NAME,LAST_NAME,EMAIL,PHONE,CUSTOMER_ID) values (98,'Avis','Moore','avis.moore@ge.com','+1 717 123 4674',98);
Insert into AMERICA.CONTACTS (CONTACT_ID,FIRST_NAME,LAST_NAME,EMAIL,PHONE,CUSTOMER_ID) values (101,'Samara','Barnett','samara.barnett@chevron.com','+1 412 123 4684',101);
Insert into AMERICA.CONTACTS (CONTACT_ID,FIRST_NAME,LAST_NAME,EMAIL,PHONE,CUSTOMER_ID) values (104,'Evita','Dickerson','evita.dickerson@thekrogerco.com','+1 717 123 4692',104);
Insert into AMERICA.CONTACTS (CONTACT_ID,FIRST_NAME,LAST_NAME,EMAIL,PHONE,CUSTOMER_ID) values (105,'Aundrea','Barry','aundrea.barry@amazon.com','+1 814 123 4696',105);
Insert into AMERICA.CONTACTS (CONTACT_ID,FIRST_NAME,LAST_NAME,EMAIL,PHONE,CUSTOMER_ID) values (112,'Vanetta','Gross','vanetta.gross@boeing.com','+1 215 123 4721',112);
Insert into AMERICA.CONTACTS (CONTACT_ID,FIRST_NAME,LAST_NAME,EMAIL,PHONE,CUSTOMER_ID) values (113,'Audrea','Hayden','audrea.hayden@microsoft.com','+1 814 123 4722',113);
Insert into AMERICA.CONTACTS (CONTACT_ID,FIRST_NAME,LAST_NAME,EMAIL,PHONE,CUSTOMER_ID) values (117,'Joaquina','Mcconnell','joaquina.mcconnell@homedepot.com','+1 717 123 4739',117);
Insert into AMERICA.CONTACTS (CONTACT_ID,FIRST_NAME,LAST_NAME,EMAIL,PHONE,CUSTOMER_ID) values (127,'Tory','Avila','tory.avila@google.com','+1 814 123 4766',127);
Insert into AMERICA.CONTACTS (CONTACT_ID,FIRST_NAME,LAST_NAME,EMAIL,PHONE,CUSTOMER_ID) values (129,'Jazmin','Burch','jazmin.burch@target.com','+1 215 123 4768',129);
Insert into AMERICA.CONTACTS (CONTACT_ID,FIRST_NAME,LAST_NAME,EMAIL,PHONE,CUSTOMER_ID) values (131,'Debra','Herring','debra.herring@jnj.com','+1 301 123 4794',131);
Insert into AMERICA.CONTACTS (CONTACT_ID,FIRST_NAME,LAST_NAME,EMAIL,PHONE,CUSTOMER_ID) values (132,'Monnie','Walker','monnie.walker@metlife.com','+1 410 123 4795',132);
Insert into AMERICA.CONTACTS (CONTACT_ID,FIRST_NAME,LAST_NAME,EMAIL,PHONE,CUSTOMER_ID) values (137,'Stacia','Rutledge','stacia.rutledge@utc.com','+1 410 123 4812',137);
Insert into AMERICA.CONTACTS (CONTACT_ID,FIRST_NAME,LAST_NAME,EMAIL,PHONE,CUSTOMER_ID) values (138,'Philomena','Elliott','philomena.elliott@aetna.com','+1 410 123 4813',138);
Insert into AMERICA.CONTACTS (CONTACT_ID,FIRST_NAME,LAST_NAME,EMAIL,PHONE,CUSTOMER_ID) values (139,'Gonzalo','Stone','gonzalo.stone@lowes.com','+1 301 123 4814',139);
Insert into AMERICA.CONTACTS (CONTACT_ID,FIRST_NAME,LAST_NAME,EMAIL,PHONE,CUSTOMER_ID) values (140,'So','Hardin','so.hardin@ups.com','+1 410 123 4816',140);
Insert into AMERICA.CONTACTS (CONTACT_ID,FIRST_NAME,LAST_NAME,EMAIL,PHONE,CUSTOMER_ID) values (145,'Melissa','Nichols','melissa.nichols@disney.com','+1 410 123 4840',145);
Insert into AMERICA.CONTACTS (CONTACT_ID,FIRST_NAME,LAST_NAME,EMAIL,PHONE,CUSTOMER_ID) values (147,'Elvera','Benson','elvera.benson@pfizer.com','+1 507 123 4387',147);
Insert into AMERICA.CONTACTS (CONTACT_ID,FIRST_NAME,LAST_NAME,EMAIL,PHONE,CUSTOMER_ID) values (153,'Heike','Emerson','heike.emerson@newyorklife.com','+1 319 123 4269',153);
Insert into AMERICA.CONTACTS (CONTACT_ID,FIRST_NAME,LAST_NAME,EMAIL,PHONE,CUSTOMER_ID) values (155,'Doretha','Tyler','doretha.tyler@coca-colacompany.com','+1 712 123 4289',155);
Insert into AMERICA.CONTACTS (CONTACT_ID,FIRST_NAME,LAST_NAME,EMAIL,PHONE,CUSTOMER_ID) values (160,'Hisako','Herrera','hisako.herrera@tysonfoods.com','+1 716 123 4456',160);
Insert into AMERICA.CONTACTS (CONTACT_ID,FIRST_NAME,LAST_NAME,EMAIL,PHONE,CUSTOMER_ID) values (168,'Arlene','Elliott','arlene.elliott@advanceautoparts.com','+1 313 123 4167',168);
Insert into AMERICA.CONTACTS (CONTACT_ID,FIRST_NAME,LAST_NAME,EMAIL,PHONE,CUSTOMER_ID) values (181,'Shandra','Higgins','shandra.higgins@chsinc.com','+1 215 123 4751',181);
Insert into AMERICA.CONTACTS (CONTACT_ID,FIRST_NAME,LAST_NAME,EMAIL,PHONE,CUSTOMER_ID) values (189,'Jermaine','Cote','jermaine.cote@wfscorp.com','+49 91 012 4133',189);
Insert into AMERICA.CONTACTS (CONTACT_ID,FIRST_NAME,LAST_NAME,EMAIL,PHONE,CUSTOMER_ID) values (191,'Dulce','Matthews','dulce.matthews@mondelezinternational.com','+1 416 012 4147',191);
Insert into AMERICA.CONTACTS (CONTACT_ID,FIRST_NAME,LAST_NAME,EMAIL,PHONE,CUSTOMER_ID) values (193,'Erika','Murray','erika.murray@21cf.com','+39 55 012 4551',193);
Insert into AMERICA.CONTACTS (CONTACT_ID,FIRST_NAME,LAST_NAME,EMAIL,PHONE,CUSTOMER_ID) values (195,'Rolanda','Vang','rolanda.vang@appliedmaterials.com','+39 10 012 4365',195);
Insert into AMERICA.CONTACTS (CONTACT_ID,FIRST_NAME,LAST_NAME,EMAIL,PHONE,CUSTOMER_ID) values (196,'Renea','Carney','renea.carney@dupont.com','+39 55 012 4565',196);
Insert into AMERICA.CONTACTS (CONTACT_ID,FIRST_NAME,LAST_NAME,EMAIL,PHONE,CUSTOMER_ID) values (197,'Sybil','Harding','sybil.harding@avnet.com','+39 10 012 4367',197);
Insert into AMERICA.CONTACTS (CONTACT_ID,FIRST_NAME,LAST_NAME,EMAIL,PHONE,CUSTOMER_ID) values (200,'Kina','Larsen','kina.larsen@enterpriseproducts.com','+39 55 012 4569',200);
Insert into AMERICA.CONTACTS (CONTACT_ID,FIRST_NAME,LAST_NAME,EMAIL,PHONE,CUSTOMER_ID) values (202,'Collene','Newton','collene.newton@sonicautomotive.com','+39 49 012 4373',202);
Insert into AMERICA.CONTACTS (CONTACT_ID,FIRST_NAME,LAST_NAME,EMAIL,PHONE,CUSTOMER_ID) values (203,'Vella','Hancock','vella.hancock@pmi.com','+39 49 012 4375',203);
Insert into AMERICA.CONTACTS (CONTACT_ID,FIRST_NAME,LAST_NAME,EMAIL,PHONE,CUSTOMER_ID) values (205,'Annelle','Lawrence','annelle.lawrence@techdata.com','+39 10 012 4379',205);
Insert into AMERICA.CONTACTS (CONTACT_ID,FIRST_NAME,LAST_NAME,EMAIL,PHONE,CUSTOMER_ID) values (208,'Stephaine','Booker','stephaine.booker@tsocorp.com','+39 55 012 4559',208);
Insert into AMERICA.CONTACTS (CONTACT_ID,FIRST_NAME,LAST_NAME,EMAIL,PHONE,CUSTOMER_ID) values (210,'Jaleesa','Bowen','jaleesa.bowen@cstbrands.com','+66 76 012 4633',210);
Insert into AMERICA.CONTACTS (CONTACT_ID,FIRST_NAME,LAST_NAME,EMAIL,PHONE,CUSTOMER_ID) values (213,'Jess','Nguyen','jess.nguyen@searsholdings.com','+39 2 012 4773',213);
Insert into AMERICA.CONTACTS (CONTACT_ID,FIRST_NAME,LAST_NAME,EMAIL,PHONE,CUSTOMER_ID) values (215,'Herman','Stokes','herman.stokes@capitalone.com','+39 49 012 4777',215);
Insert into AMERICA.CONTACTS (CONTACT_ID,FIRST_NAME,LAST_NAME,EMAIL,PHONE,CUSTOMER_ID) values (219,'Beatrice','Ford','beatrice.ford@duke-energy.com','+91 80 012 4785',219);
Insert into AMERICA.CONTACTS (CONTACT_ID,FIRST_NAME,LAST_NAME,EMAIL,PHONE,CUSTOMER_ID) values (224,'Nichol','Carter','nichol.carter@arrow.com','+91 11 012 4813',224);
Insert into AMERICA.CONTACTS (CONTACT_ID,FIRST_NAME,LAST_NAME,EMAIL,PHONE,CUSTOMER_ID) values (229,'Misti','Velazquez','misti.velazquez@aramark.com','+91 80 012 4829',229);
Insert into AMERICA.CONTACTS (CONTACT_ID,FIRST_NAME,LAST_NAME,EMAIL,PHONE,CUSTOMER_ID) values (232,'Lashonda','Cunningham','lashonda.cunningham@wellcare.com','+91 11 012 4835',232);
Insert into AMERICA.CONTACTS (CONTACT_ID,FIRST_NAME,LAST_NAME,EMAIL,PHONE,CUSTOMER_ID) values (235,'Vida','Kline','vida.kline@lfg.com','+91 80 012 4841',235);
Insert into AMERICA.CONTACTS (CONTACT_ID,FIRST_NAME,LAST_NAME,EMAIL,PHONE,CUSTOMER_ID) values (241,'Johnie','Rojas','johnie.rojas@itw.com','+91 80 012 4887',241);
Insert into AMERICA.CONTACTS (CONTACT_ID,FIRST_NAME,LAST_NAME,EMAIL,PHONE,CUSTOMER_ID) values (247,'Myrna','Romero','myrna.romero@celgene.com','+91 80 012 4931',247);
Insert into AMERICA.CONTACTS (CONTACT_ID,FIRST_NAME,LAST_NAME,EMAIL,PHONE,CUSTOMER_ID) values (248,'Bill','Stein','bill.stein@devonenergy.com','+39 6 012 4501',248);
Insert into AMERICA.CONTACTS (CONTACT_ID,FIRST_NAME,LAST_NAME,EMAIL,PHONE,CUSTOMER_ID) values (252,'Elroy','Wolf','elroy.wolf@ti.com','+39 6 012 4515',252);
Insert into AMERICA.CONTACTS (CONTACT_ID,FIRST_NAME,LAST_NAME,EMAIL,PHONE,CUSTOMER_ID) values (256,'Enriqueta','Odom','enriqueta.odom@mmc.com','+39 6 012 4539',256);
Insert into AMERICA.CONTACTS (CONTACT_ID,FIRST_NAME,LAST_NAME,EMAIL,PHONE,CUSTOMER_ID) values (257,'Don','Hansen','don.hansen@chk.com','+39 10 012 4385',257);
Insert into AMERICA.CONTACTS (CONTACT_ID,FIRST_NAME,LAST_NAME,EMAIL,PHONE,CUSTOMER_ID) values (259,'Blanche','Robbins','blanche.robbins@parker.com','+39 6 012 4389',259);
Insert into AMERICA.CONTACTS (CONTACT_ID,FIRST_NAME,LAST_NAME,EMAIL,PHONE,CUSTOMER_ID) values (268,'Basilia','Downs','basilia.downs@vfc.com','+66 76 012 4441',268);
Insert into AMERICA.CONTACTS (CONTACT_ID,FIRST_NAME,LAST_NAME,EMAIL,PHONE,CUSTOMER_ID) values (269,'Alessandra','Estrada','alessandra.estrada@ameriprise.com','+41 56 012 3527',269);
Insert into AMERICA.CONTACTS (CONTACT_ID,FIRST_NAME,LAST_NAME,EMAIL,PHONE,CUSTOMER_ID) values (270,'Sherron','Flores','sherron.flores@fnf.com','+41 57 012 3529',270);
Insert into AMERICA.CONTACTS (CONTACT_ID,FIRST_NAME,LAST_NAME,EMAIL,PHONE,CUSTOMER_ID) values (272,'Percy','Hernandez','percy.hernandez@lb.com','+41 59 012 3533',272);
Insert into AMERICA.CONTACTS (CONTACT_ID,FIRST_NAME,LAST_NAME,EMAIL,PHONE,CUSTOMER_ID) values (273,'Shelia','Cain','shelia.cain@jacobs.com','+41 60 012 3535',273);
Insert into AMERICA.CONTACTS (CONTACT_ID,FIRST_NAME,LAST_NAME,EMAIL,PHONE,CUSTOMER_ID) values (275,'Mac','Mckay','mac.mckay@principal.com','+41 62 012 3539',275);
Insert into AMERICA.CONTACTS (CONTACT_ID,FIRST_NAME,LAST_NAME,EMAIL,PHONE,CUSTOMER_ID) values (286,'Thi','Maxwell','thi.maxwell@entergy.com','+41 71 012 3561',286);
Insert into AMERICA.CONTACTS (CONTACT_ID,FIRST_NAME,LAST_NAME,EMAIL,PHONE,CUSTOMER_ID) values (290,'Hassan','Rivers','hassan.rivers@westrock.com','+41 31 012 3569',290);
Insert into AMERICA.CONTACTS (CONTACT_ID,FIRST_NAME,LAST_NAME,EMAIL,PHONE,CUSTOMER_ID) values (296,'Josie','Steele','josie.steele@stanleyblackanddecker.com','+41 69 012 3581',296);
Insert into AMERICA.CONTACTS (CONTACT_ID,FIRST_NAME,LAST_NAME,EMAIL,PHONE,CUSTOMER_ID) values (298,'Elly','Salinas','elly.salinas@kiewit.com','+91 80 012 3687',298);
Insert into AMERICA.CONTACTS (CONTACT_ID,FIRST_NAME,LAST_NAME,EMAIL,PHONE,CUSTOMER_ID) values (301,'Adam','Jacobs','adam.jacobs@univar.com','+91 80 012 3699',301);
Insert into AMERICA.CONTACTS (CONTACT_ID,FIRST_NAME,LAST_NAME,EMAIL,PHONE,CUSTOMER_ID) values (302,'Vernia','Hayes','vernia.hayes@drhorton.com','+91 80 012 3701',302);
REM INSERTING into AMERICA.COUNTRIES
SET DEFINE OFF;
Insert into AMERICA.COUNTRIES (COUNTRY_ID,COUNTRY_NAME,REGION_ID) values ('AR','Argentina',2);
Insert into AMERICA.COUNTRIES (COUNTRY_ID,COUNTRY_NAME,REGION_ID) values ('BR','Brazil',2);
Insert into AMERICA.COUNTRIES (COUNTRY_ID,COUNTRY_NAME,REGION_ID) values ('CA','Canada',2);
Insert into AMERICA.COUNTRIES (COUNTRY_ID,COUNTRY_NAME,REGION_ID) values ('MX','Mexico',2);
Insert into AMERICA.COUNTRIES (COUNTRY_ID,COUNTRY_NAME,REGION_ID) values ('US','United States of America',2);
REM INSERTING into AMERICA.CUSTOMERS
SET DEFINE OFF;
Insert into AMERICA.CUSTOMERS (CUSTOMER_ID,NAME,ADDRESS,WEBSITE,CREDIT_LIMIT,REGION_ID) values (23,'DTE Energy','8110 Jackson Rd, Ann Arbor, MI','http://www.dteenergy.com',200,2);
Insert into AMERICA.CUSTOMERS (CUSTOMER_ID,NAME,ADDRESS,WEBSITE,CREDIT_LIMIT,REGION_ID) values (68,'AutoZone','113 N 1St St, Minneapolis, MN','http://www.autozone.com',1200,2);
Insert into AMERICA.CUSTOMERS (CUSTOMER_ID,NAME,ADDRESS,WEBSITE,CREDIT_LIMIT,REGION_ID) values (82,'Discover Financial Services','85 High St, Buffalo, NY','http://www.discoverfinancial.com',1200,2);
Insert into AMERICA.CUSTOMERS (CUSTOMER_ID,NAME,ADDRESS,WEBSITE,CREDIT_LIMIT,REGION_ID) values (87,'Liberty Interactive','2979 Hamburg St, Schenectady, NY','http://www.libertyinteractive.com',1200,2);
Insert into AMERICA.CUSTOMERS (CUSTOMER_ID,NAME,ADDRESS,WEBSITE,CREDIT_LIMIT,REGION_ID) values (168,'Advance Auto Parts','2674 Collingwood St, Detroit, MI','http://www.advanceautoparts.com',3700,2);
Insert into AMERICA.CUSTOMERS (CUSTOMER_ID,NAME,ADDRESS,WEBSITE,CREDIT_LIMIT,REGION_ID) values (202,'Sonic Automotive','Piazza Del Congresso 22, San Giminiano, ','http://www.sonicautomotive.com',3600,2);
Insert into AMERICA.CUSTOMERS (CUSTOMER_ID,NAME,ADDRESS,WEBSITE,CREDIT_LIMIT,REGION_ID) values (210,'CST Brands','2033 Spartacus St, Samutprakarn, ','http://www.cstbrands.com',3700,2);
Insert into AMERICA.CUSTOMERS (CUSTOMER_ID,NAME,ADDRESS,WEBSITE,CREDIT_LIMIT,REGION_ID) values (247,'Celgene','1667 2010 St, Batavia, Ker','http://www.celgene.com',500,2);
Insert into AMERICA.CUSTOMERS (CUSTOMER_ID,NAME,ADDRESS,WEBSITE,CREDIT_LIMIT,REGION_ID) values (270,'Fidelity National Financial','Sonnenberg 4, Baden-Daettwil, AG','http://www.fnf.com',500,2);
Insert into AMERICA.CUSTOMERS (CUSTOMER_ID,NAME,ADDRESS,WEBSITE,CREDIT_LIMIT,REGION_ID) values (298,'Peter Kiewit Sons?','1592 Silverado St, Bangalore, Kar','http://www.kiewit.com',1400,2);
Insert into AMERICA.CUSTOMERS (CUSTOMER_ID,NAME,ADDRESS,WEBSITE,CREDIT_LIMIT,REGION_ID) values (131,'Johnson & Johnson','5640 Fishers Ln, Rockville, MD','http://www.jnj.com',2400,2);
Insert into AMERICA.CUSTOMERS (CUSTOMER_ID,NAME,ADDRESS,WEBSITE,CREDIT_LIMIT,REGION_ID) values (138,'Aetna','200 E Fort Ave, Baltimore, MD','http://www.aetna.com',2400,2);
Insert into AMERICA.CUSTOMERS (CUSTOMER_ID,NAME,ADDRESS,WEBSITE,CREDIT_LIMIT,REGION_ID) values (147,'Pfizer','206 S Broadway # 707, Rochester, MN','http://www.pfizer.com',2400,2);
Insert into AMERICA.CUSTOMERS (CUSTOMER_ID,NAME,ADDRESS,WEBSITE,CREDIT_LIMIT,REGION_ID) values (153,'New York Life Insurance','215 4Th Ave Se, Cedar Rapids, IA','http://www.newyorklife.com',2500,2);
Insert into AMERICA.CUSTOMERS (CUSTOMER_ID,NAME,ADDRESS,WEBSITE,CREDIT_LIMIT,REGION_ID) values (208,'Tesoro','Via Notoriosa 1942, Firenze, ','http://www.tsocorp.com',500,2);
Insert into AMERICA.CUSTOMERS (CUSTOMER_ID,NAME,ADDRESS,WEBSITE,CREDIT_LIMIT,REGION_ID) values (200,'Enterprise Products Partners','Via Notoriosa 1949, Firenze, ','http://www.enterpriseproducts.com',2400,2);
Insert into AMERICA.CUSTOMERS (CUSTOMER_ID,NAME,ADDRESS,WEBSITE,CREDIT_LIMIT,REGION_ID) values (52,'PG&E Corp.','8600 W National Ave, Milwaukee, WI','http://www.pge.com',700,2);
Insert into AMERICA.CUSTOMERS (CUSTOMER_ID,NAME,ADDRESS,WEBSITE,CREDIT_LIMIT,REGION_ID) values (66,'Bank of New York Mellon Corp.','666 22Nd Ave Ne, Minneapolis, MN','http://www.bnymellon.com',1200,2);
Insert into AMERICA.CUSTOMERS (CUSTOMER_ID,NAME,ADDRESS,WEBSITE,CREDIT_LIMIT,REGION_ID) values (71,'Genuine Parts','200 1St St Sw, Rochester, MN','http://www.genpt.com',1200,2);
Insert into AMERICA.CUSTOMERS (CUSTOMER_ID,NAME,ADDRESS,WEBSITE,CREDIT_LIMIT,REGION_ID) values (235,'Lincoln National','1622 Roja St, Chennai, Tam','http://www.lfg.com',5000,2);
Insert into AMERICA.CUSTOMERS (CUSTOMER_ID,NAME,ADDRESS,WEBSITE,CREDIT_LIMIT,REGION_ID) values (259,'Parker-Hannifin','Canale Grande 2, Roma, ','http://www.parker.com',700,2);
Insert into AMERICA.CUSTOMERS (CUSTOMER_ID,NAME,ADDRESS,WEBSITE,CREDIT_LIMIT,REGION_ID) values (268,'VF','1971 Limelight Blvd, Samutprakarn, ','http://www.vfc.com',1200,2);
Insert into AMERICA.CUSTOMERS (CUSTOMER_ID,NAME,ADDRESS,WEBSITE,CREDIT_LIMIT,REGION_ID) values (32,'Global Partners','1135 Catherine St, Ann Arbor, MI','http://www.globalp.com',400,2);
Insert into AMERICA.CUSTOMERS (CUSTOMER_ID,NAME,ADDRESS,WEBSITE,CREDIT_LIMIT,REGION_ID) values (195,'Applied Materials','Via Dolorosa 69, Tellaro, ','http://www.appliedmaterials.com',700,2);
Insert into AMERICA.CUSTOMERS (CUSTOMER_ID,NAME,ADDRESS,WEBSITE,CREDIT_LIMIT,REGION_ID) values (301,'Univar','1598 Legend St, Bangalore, Kar','http://www.univar.com',5000,2);
Insert into AMERICA.CUSTOMERS (CUSTOMER_ID,NAME,ADDRESS,WEBSITE,CREDIT_LIMIT,REGION_ID) values (314,'Thrivent Financial for Lutherans','1617 Crackers St, Bangalore - India, Kar','http://www.thrivent.com',900,2);
Insert into AMERICA.CUSTOMERS (CUSTOMER_ID,NAME,ADDRESS,WEBSITE,CREDIT_LIMIT,REGION_ID) values (97,'AT&T','55 Church Hill Rd, Reading, PA','http://www.att.com',1200,2);
Insert into AMERICA.CUSTOMERS (CUSTOMER_ID,NAME,ADDRESS,WEBSITE,CREDIT_LIMIT,REGION_ID) values (98,'General Electric','354 N Prince St, Lancaster, PA','http://www.ge.com',1200,2);
Insert into AMERICA.CUSTOMERS (CUSTOMER_ID,NAME,ADDRESS,WEBSITE,CREDIT_LIMIT,REGION_ID) values (101,'Chevron','Po Box 39, Indiana, PA','http://www.chevron.com',1400,2);
Insert into AMERICA.CUSTOMERS (CUSTOMER_ID,NAME,ADDRESS,WEBSITE,CREDIT_LIMIT,REGION_ID) values (104,'Kroger','21 Thornwood Rd, Harrisburg, PA','http://www.thekrogerco.com',1400,2);
Insert into AMERICA.CUSTOMERS (CUSTOMER_ID,NAME,ADDRESS,WEBSITE,CREDIT_LIMIT,REGION_ID) values (105,'Amazon.com','3725 W Lake Rd, Erie, PA','http://www.amazon.com',1400,2);
Insert into AMERICA.CUSTOMERS (CUSTOMER_ID,NAME,ADDRESS,WEBSITE,CREDIT_LIMIT,REGION_ID) values (112,'Boeing','5643 N 5Th St, Philadelphia, PA','http://www.boeing.com',1500,2);
Insert into AMERICA.CUSTOMERS (CUSTOMER_ID,NAME,ADDRESS,WEBSITE,CREDIT_LIMIT,REGION_ID) values (113,'Microsoft','1401 W Warren Rd, Bradford, PA','http://www.microsoft.com',1500,2);
Insert into AMERICA.CUSTOMERS (CUSTOMER_ID,NAME,ADDRESS,WEBSITE,CREDIT_LIMIT,REGION_ID) values (117,'Home Depot','4901 Locust Ln, Harrisburg, PA','http://www.homedepot.com',2300,2);
Insert into AMERICA.CUSTOMERS (CUSTOMER_ID,NAME,ADDRESS,WEBSITE,CREDIT_LIMIT,REGION_ID) values (127,'Alphabet','36 W 34Th St, Erie, PA','http://www.google.com',2400,2);
Insert into AMERICA.CUSTOMERS (CUSTOMER_ID,NAME,ADDRESS,WEBSITE,CREDIT_LIMIT,REGION_ID) values (129,'Target','601 Market St, Philadelphia, PA','http://www.target.com',2400,2);
Insert into AMERICA.CUSTOMERS (CUSTOMER_ID,NAME,ADDRESS,WEBSITE,CREDIT_LIMIT,REGION_ID) values (132,'MetLife','5122 Sinclair Ln, Baltimore, MD','http://www.metlife.com',2400,2);
Insert into AMERICA.CUSTOMERS (CUSTOMER_ID,NAME,ADDRESS,WEBSITE,CREDIT_LIMIT,REGION_ID) values (137,'United Technologies','3000 Greenmount Ave, Baltimore, MD','http://www.utc.com',2400,2);
Insert into AMERICA.CUSTOMERS (CUSTOMER_ID,NAME,ADDRESS,WEBSITE,CREDIT_LIMIT,REGION_ID) values (139,'Lowe?s','1262 Vocke Rd, Cumberland, MD','http://www.lowes.com',2400,2);
Insert into AMERICA.CUSTOMERS (CUSTOMER_ID,NAME,ADDRESS,WEBSITE,CREDIT_LIMIT,REGION_ID) values (140,'UPS','3314 Eastern Ave, Baltimore, MD','http://www.ups.com',2400,2);
Insert into AMERICA.CUSTOMERS (CUSTOMER_ID,NAME,ADDRESS,WEBSITE,CREDIT_LIMIT,REGION_ID) values (145,'Disney','2 2Nd St # A, Ocean City, MD','http://www.disney.com',2400,2);
Insert into AMERICA.CUSTOMERS (CUSTOMER_ID,NAME,ADDRESS,WEBSITE,CREDIT_LIMIT,REGION_ID) values (155,'Coca-Cola','810 1St Ave, Council Bluffs, IA','http://www.coca-colacompany.com',3500,2);
Insert into AMERICA.CUSTOMERS (CUSTOMER_ID,NAME,ADDRESS,WEBSITE,CREDIT_LIMIT,REGION_ID) values (160,'Tyson Foods','255 Great Arrow Ave, Buffalo, NY','http://www.tysonfoods.com',3600,2);
Insert into AMERICA.CUSTOMERS (CUSTOMER_ID,NAME,ADDRESS,WEBSITE,CREDIT_LIMIT,REGION_ID) values (181,'CHS','6959 Tulip St, Philadelphia, PA','http://www.chsinc.com',5000,2);
Insert into AMERICA.CUSTOMERS (CUSTOMER_ID,NAME,ADDRESS,WEBSITE,CREDIT_LIMIT,REGION_ID) values (189,'World Fuel Services','Theresienstr 15, Munich, ','http://www.wfscorp.com',2400,2);
Insert into AMERICA.CUSTOMERS (CUSTOMER_ID,NAME,ADDRESS,WEBSITE,CREDIT_LIMIT,REGION_ID) values (191,'Mondelez International','1822 Ironweed St, Toronto, ONT','http://www.mondelezinternational.com',1200,2);
Insert into AMERICA.CUSTOMERS (CUSTOMER_ID,NAME,ADDRESS,WEBSITE,CREDIT_LIMIT,REGION_ID) values (193,'Twenty-First Century Fox','Via Notoriosa 1932 Rd, Firenze, ','http://www.21cf.com',500,2);
Insert into AMERICA.CUSTOMERS (CUSTOMER_ID,NAME,ADDRESS,WEBSITE,CREDIT_LIMIT,REGION_ID) values (196,'DuPont','Via Notoriosa 1943, Firenze, ','http://www.dupont.com',2400,2);
Insert into AMERICA.CUSTOMERS (CUSTOMER_ID,NAME,ADDRESS,WEBSITE,CREDIT_LIMIT,REGION_ID) values (197,'Avnet','Via Luminosa 162, Tellaro, ','http://www.avnet.com',700,2);
Insert into AMERICA.CUSTOMERS (CUSTOMER_ID,NAME,ADDRESS,WEBSITE,CREDIT_LIMIT,REGION_ID) values (203,'Philip Morris International','Piazza Quattre Stagioni 4, San Giminiano, ','http://www.pmi.com',3600,2);
Insert into AMERICA.CUSTOMERS (CUSTOMER_ID,NAME,ADDRESS,WEBSITE,CREDIT_LIMIT,REGION_ID) values (205,'Tech Data','Via Notoriosa 1932, Tellaro, ','http://www.techdata.com',3600,2);
Insert into AMERICA.CUSTOMERS (CUSTOMER_ID,NAME,ADDRESS,WEBSITE,CREDIT_LIMIT,REGION_ID) values (213,'Sears Holdings','Ruella Delle Spiriti, Milano, ','http://www.searsholdings.com',500,2);
Insert into AMERICA.CUSTOMERS (CUSTOMER_ID,NAME,ADDRESS,WEBSITE,CREDIT_LIMIT,REGION_ID) values (215,'Capital One Financial','Via Delle Capeletti 52, San Giminiano, ','http://www.capitalone.com',1500,2);
Insert into AMERICA.CUSTOMERS (CUSTOMER_ID,NAME,ADDRESS,WEBSITE,CREDIT_LIMIT,REGION_ID) values (219,'Duke Energy','1593 Silverado St, Bangalore, Kar','http://www.duke-energy.com',5000,2);
Insert into AMERICA.CUSTOMERS (CUSTOMER_ID,NAME,ADDRESS,WEBSITE,CREDIT_LIMIT,REGION_ID) values (224,'Arrow Electronics','1607 Sangam Blvd, New Delhi, ','http://www.arrow.com',5000,2);
Insert into AMERICA.CUSTOMERS (CUSTOMER_ID,NAME,ADDRESS,WEBSITE,CREDIT_LIMIT,REGION_ID) values (3,'US Foods Holding','8768 N State Rd 37, Bloomington, IN','http://www.usfoods.com',100,2);
Insert into AMERICA.CUSTOMERS (CUSTOMER_ID,NAME,ADDRESS,WEBSITE,CREDIT_LIMIT,REGION_ID) values (7,'Alcoa','23943 Us Highway 33, Elkhart, IN','http://www.alcoa.com',100,2);
Insert into AMERICA.CUSTOMERS (CUSTOMER_ID,NAME,ADDRESS,WEBSITE,CREDIT_LIMIT,REGION_ID) values (14,'Danaher','1105 E Allendale Dr, Bloomington, IN','http://www.danaher.com',200,2);
Insert into AMERICA.CUSTOMERS (CUSTOMER_ID,NAME,ADDRESS,WEBSITE,CREDIT_LIMIT,REGION_ID) values (21,'Tenet Healthcare','2500 S Pennsylvania Ave, Lansing, MI','http://www.tenethealth.com',200,2);
Insert into AMERICA.CUSTOMERS (CUSTOMER_ID,NAME,ADDRESS,WEBSITE,CREDIT_LIMIT,REGION_ID) values (29,'Starbucks','952 Vassar Dr, Kalamazoo, MI','http://www.starbucks.com',400,2);
Insert into AMERICA.CUSTOMERS (CUSTOMER_ID,NAME,ADDRESS,WEBSITE,CREDIT_LIMIT,REGION_ID) values (33,'Altria Group','301 E Genesee Ave, Saginaw, MI','http://www.altria.com',400,2);
Insert into AMERICA.CUSTOMERS (CUSTOMER_ID,NAME,ADDRESS,WEBSITE,CREDIT_LIMIT,REGION_ID) values (38,'Kraft Heinz','10315 Hickman Rd, Des Moines, IA','http://www.kraftheinzcompany.com',500,2);
Insert into AMERICA.CUSTOMERS (CUSTOMER_ID,NAME,ADDRESS,WEBSITE,CREDIT_LIMIT,REGION_ID) values (60,'Colgate-Palmolive','808 3Rd St # 100, Wausau, WI','http://www.colgatepalmolive.com',700,2);
Insert into AMERICA.CUSTOMERS (CUSTOMER_ID,NAME,ADDRESS,WEBSITE,CREDIT_LIMIT,REGION_ID) values (69,'Whole Foods Market','4200 Yosemite Ave S, Minneapolis, MN','http://www.wholefoodsmarket.com',1200,2);
Insert into AMERICA.CUSTOMERS (CUSTOMER_ID,NAME,ADDRESS,WEBSITE,CREDIT_LIMIT,REGION_ID) values (72,'Icahn Enterprises','314 W Superior St # 1015, Duluth, MN','http://www.ielp.com',1200,2);
Insert into AMERICA.CUSTOMERS (CUSTOMER_ID,NAME,ADDRESS,WEBSITE,CREDIT_LIMIT,REGION_ID) values (84,'NRG Energy','500 S Salina St # 500, Syracuse, NY','http://www.nrgenergy.com',1200,2);
Insert into AMERICA.CUSTOMERS (CUSTOMER_ID,NAME,ADDRESS,WEBSITE,CREDIT_LIMIT,REGION_ID) values (229,'Aramark','1615 Crackers Crt, Chennai - India, ','http://www.aramark.com',300,2);
Insert into AMERICA.CUSTOMERS (CUSTOMER_ID,NAME,ADDRESS,WEBSITE,CREDIT_LIMIT,REGION_ID) values (232,'WellCare Health Plans','1618 Villains St, New Delhi - India, ','http://www.wellcare.com',1200,2);
Insert into AMERICA.CUSTOMERS (CUSTOMER_ID,NAME,ADDRESS,WEBSITE,CREDIT_LIMIT,REGION_ID) values (241,'Illinois Tool Works','1646 Brazil Blvd, Chennai, Tam','http://www.itw.com',500,2);
Insert into AMERICA.CUSTOMERS (CUSTOMER_ID,NAME,ADDRESS,WEBSITE,CREDIT_LIMIT,REGION_ID) values (248,'Devon Energy','Piazza Del Congresso 22, Roma, ','http://www.devonenergy.com',3700,2);
Insert into AMERICA.CUSTOMERS (CUSTOMER_ID,NAME,ADDRESS,WEBSITE,CREDIT_LIMIT,REGION_ID) values (252,'Texas Instruments','Via Del Disegno 194, Roma, ','http://www.ti.com',500,2);
Insert into AMERICA.CUSTOMERS (CUSTOMER_ID,NAME,ADDRESS,WEBSITE,CREDIT_LIMIT,REGION_ID) values (256,'Marsh & McLennan','Via Dolorosa 69, Roma, ','http://www.mmc.com',2400,2);
Insert into AMERICA.CUSTOMERS (CUSTOMER_ID,NAME,ADDRESS,WEBSITE,CREDIT_LIMIT,REGION_ID) values (257,'Chesapeake Energy','Via Notoriosa 1942, Ventimiglia, ','http://www.chk.com',700,2);
Insert into AMERICA.CUSTOMERS (CUSTOMER_ID,NAME,ADDRESS,WEBSITE,CREDIT_LIMIT,REGION_ID) values (269,'Ameriprise Financial','Harmoniegasse 3, Baden-Daettwil, AG','http://www.ameriprise.com',500,2);
Insert into AMERICA.CUSTOMERS (CUSTOMER_ID,NAME,ADDRESS,WEBSITE,CREDIT_LIMIT,REGION_ID) values (272,'L Brands','Dr. Herbert Bitto Str 23, Baden-Daettwil, AG','http://www.lb.com',2300,2);
Insert into AMERICA.CUSTOMERS (CUSTOMER_ID,NAME,ADDRESS,WEBSITE,CREDIT_LIMIT,REGION_ID) values (273,'Jacobs Engineering Group','Taefernstr 4, Baden-Daettwil, AG','http://www.jacobs.com',2300,2);
Insert into AMERICA.CUSTOMERS (CUSTOMER_ID,NAME,ADDRESS,WEBSITE,CREDIT_LIMIT,REGION_ID) values (275,'Principal Financial','Helebardenweg 5, Baden-Daettwil, AG','http://www.principal.com',3500,2);
Insert into AMERICA.CUSTOMERS (CUSTOMER_ID,NAME,ADDRESS,WEBSITE,CREDIT_LIMIT,REGION_ID) values (286,'Entergy','Spisertor 3, St. Gallen, SG','http://www.entergy.com',1400,2);
Insert into AMERICA.CUSTOMERS (CUSTOMER_ID,NAME,ADDRESS,WEBSITE,CREDIT_LIMIT,REGION_ID) values (290,'WestRock','Chrottenweg, Bern, BE','http://www.westrock.com',5000,2);
Insert into AMERICA.CUSTOMERS (CUSTOMER_ID,NAME,ADDRESS,WEBSITE,CREDIT_LIMIT,REGION_ID) values (296,'Stanley Black & Decker','1539 Stripes Rd, Baden-Daettwil, AG','http://www.stanleyblackanddecker.com',2300,2);
Insert into AMERICA.CUSTOMERS (CUSTOMER_ID,NAME,ADDRESS,WEBSITE,CREDIT_LIMIT,REGION_ID) values (302,'D.R. Horton','1599 Legend Rd, Bangalore, Kar','http://www.drhorton.com',5000,2);
REM INSERTING into AMERICA.EMPLOYEES
SET DEFINE OFF;
Insert into AMERICA.EMPLOYEES (EMPLOYEE_ID,FIRST_NAME,LAST_NAME,EMAIL,PHONE,HIRE_DATE,MANAGER_ID,JOB_TITLE,REGION_ID) values (106,'Rose','Stephens','rose.stephens@example.com','515.123.8080',to_date('07-JUN-16','DD-MON-RR'),2,'Accounting Manager',2);
Insert into AMERICA.EMPLOYEES (EMPLOYEE_ID,FIRST_NAME,LAST_NAME,EMAIL,PHONE,HIRE_DATE,MANAGER_ID,JOB_TITLE,REGION_ID) values (101,'Annabelle','Dunn','annabelle.dunn@example.com','515.123.4444',to_date('17-SEP-16','DD-MON-RR'),2,'Administration Assistant',2);
Insert into AMERICA.EMPLOYEES (EMPLOYEE_ID,FIRST_NAME,LAST_NAME,EMAIL,PHONE,HIRE_DATE,MANAGER_ID,JOB_TITLE,REGION_ID) values (7,'Charles','Ward','charles.ward@example.com','590.423.4560',to_date('05-FEB-16','DD-MON-RR'),4,'Programmer',2);
Insert into AMERICA.EMPLOYEES (EMPLOYEE_ID,FIRST_NAME,LAST_NAME,EMAIL,PHONE,HIRE_DATE,MANAGER_ID,JOB_TITLE,REGION_ID) values (6,'Gabriel','Howard','gabriel.howard@example.com','590.423.4569',to_date('25-JUN-16','DD-MON-RR'),4,'Programmer',2);
Insert into AMERICA.EMPLOYEES (EMPLOYEE_ID,FIRST_NAME,LAST_NAME,EMAIL,PHONE,HIRE_DATE,MANAGER_ID,JOB_TITLE,REGION_ID) values (105,'Gracie','Gardner','gracie.gardner@example.com','515.123.8888',to_date('07-JUN-16','DD-MON-RR'),2,'Public Relations Representative',2);
Insert into AMERICA.EMPLOYEES (EMPLOYEE_ID,FIRST_NAME,LAST_NAME,EMAIL,PHONE,HIRE_DATE,MANAGER_ID,JOB_TITLE,REGION_ID) values (15,'Rory','Kelly','rory.kelly@example.com','515.127.4561',to_date('07-DEC-16','DD-MON-RR'),1,'Purchasing Manager',2);
Insert into AMERICA.EMPLOYEES (EMPLOYEE_ID,FIRST_NAME,LAST_NAME,EMAIL,PHONE,HIRE_DATE,MANAGER_ID,JOB_TITLE,REGION_ID) values (48,'Jessica','Woods','jessica.woods@example.com','011.44.1344.429278',to_date('10-MAR-16','DD-MON-RR'),1,'Sales Manager',2);
Insert into AMERICA.EMPLOYEES (EMPLOYEE_ID,FIRST_NAME,LAST_NAME,EMAIL,PHONE,HIRE_DATE,MANAGER_ID,JOB_TITLE,REGION_ID) values (58,'Ruby','Mcdonald','ruby.mcdonald@example.com','011.44.1345.929268',to_date('04-MAR-16','DD-MON-RR'),47,'Sales Representative',2);
Insert into AMERICA.EMPLOYEES (EMPLOYEE_ID,FIRST_NAME,LAST_NAME,EMAIL,PHONE,HIRE_DATE,MANAGER_ID,JOB_TITLE,REGION_ID) values (60,'Isabelle','Marshall','isabelle.marshall@example.com','011.44.1345.729268',to_date('10-MAR-16','DD-MON-RR'),47,'Sales Representative',2);
Insert into AMERICA.EMPLOYEES (EMPLOYEE_ID,FIRST_NAME,LAST_NAME,EMAIL,PHONE,HIRE_DATE,MANAGER_ID,JOB_TITLE,REGION_ID) values (62,'Freya','Gomez','freya.gomez@example.com','011.44.1345.529268',to_date('03-NOV-16','DD-MON-RR'),47,'Sales Representative',2);
Insert into AMERICA.EMPLOYEES (EMPLOYEE_ID,FIRST_NAME,LAST_NAME,EMAIL,PHONE,HIRE_DATE,MANAGER_ID,JOB_TITLE,REGION_ID) values (80,'Elizabeth','Dixon','elizabeth.dixon@example.com','011.44.1644.429262',to_date('04-JAN-16','DD-MON-RR'),50,'Sales Representative',2);
Insert into AMERICA.EMPLOYEES (EMPLOYEE_ID,FIRST_NAME,LAST_NAME,EMAIL,PHONE,HIRE_DATE,MANAGER_ID,JOB_TITLE,REGION_ID) values (67,'Sienna','Simpson','sienna.simpson@example.com','011.44.1346.629268',to_date('24-MAR-16','DD-MON-RR'),48,'Sales Representative',2);
Insert into AMERICA.EMPLOYEES (EMPLOYEE_ID,FIRST_NAME,LAST_NAME,EMAIL,PHONE,HIRE_DATE,MANAGER_ID,JOB_TITLE,REGION_ID) values (68,'Matilda','Stevens','matilda.stevens@example.com','011.44.1346.729268',to_date('21-APR-16','DD-MON-RR'),48,'Sales Representative',2);
Insert into AMERICA.EMPLOYEES (EMPLOYEE_ID,FIRST_NAME,LAST_NAME,EMAIL,PHONE,HIRE_DATE,MANAGER_ID,JOB_TITLE,REGION_ID) values (77,'Rosie','Morales','rosie.morales@example.com','011.44.1644.429265',to_date('24-MAR-16','DD-MON-RR'),50,'Sales Representative',2);
Insert into AMERICA.EMPLOYEES (EMPLOYEE_ID,FIRST_NAME,LAST_NAME,EMAIL,PHONE,HIRE_DATE,MANAGER_ID,JOB_TITLE,REGION_ID) values (79,'Esme','Warren','esme.warren@example.com','011.44.1644.429263',to_date('24-MAY-16','DD-MON-RR'),50,'Sales Representative',2);
Insert into AMERICA.EMPLOYEES (EMPLOYEE_ID,FIRST_NAME,LAST_NAME,EMAIL,PHONE,HIRE_DATE,MANAGER_ID,JOB_TITLE,REGION_ID) values (53,'Sophia','Reynolds','sophia.reynolds@example.com','011.44.1344.478968',to_date('20-AUG-16','DD-MON-RR'),46,'Sales Representative',2);
Insert into AMERICA.EMPLOYEES (EMPLOYEE_ID,FIRST_NAME,LAST_NAME,EMAIL,PHONE,HIRE_DATE,MANAGER_ID,JOB_TITLE,REGION_ID) values (89,'Jasmine','Hunt','jasmine.hunt@example.com','650.505.1876',to_date('14-JUN-16','DD-MON-RR'),23,'Shipping Clerk',2);
Insert into AMERICA.EMPLOYEES (EMPLOYEE_ID,FIRST_NAME,LAST_NAME,EMAIL,PHONE,HIRE_DATE,MANAGER_ID,JOB_TITLE,REGION_ID) values (90,'Eliza','Black','eliza.black@example.com','650.505.2876',to_date('13-AUG-16','DD-MON-RR'),23,'Shipping Clerk',2);
Insert into AMERICA.EMPLOYEES (EMPLOYEE_ID,FIRST_NAME,LAST_NAME,EMAIL,PHONE,HIRE_DATE,MANAGER_ID,JOB_TITLE,REGION_ID) values (92,'Abigail','Palmer','abigail.palmer@example.com','650.505.4876',to_date('19-DEC-16','DD-MON-RR'),23,'Shipping Clerk',2);
Insert into AMERICA.EMPLOYEES (EMPLOYEE_ID,FIRST_NAME,LAST_NAME,EMAIL,PHONE,HIRE_DATE,MANAGER_ID,JOB_TITLE,REGION_ID) values (96,'Hannah','Knight','hannah.knight@example.com','650.501.4876',to_date('17-MAR-16','DD-MON-RR'),24,'Shipping Clerk',2);
Insert into AMERICA.EMPLOYEES (EMPLOYEE_ID,FIRST_NAME,LAST_NAME,EMAIL,PHONE,HIRE_DATE,MANAGER_ID,JOB_TITLE,REGION_ID) values (97,'Harriet','Ferguson','harriet.ferguson@example.com','650.507.9811',to_date('24-APR-16','DD-MON-RR'),25,'Shipping Clerk',2);
Insert into AMERICA.EMPLOYEES (EMPLOYEE_ID,FIRST_NAME,LAST_NAME,EMAIL,PHONE,HIRE_DATE,MANAGER_ID,JOB_TITLE,REGION_ID) values (82,'Willow','Reyes','willow.reyes@example.com','650.507.9877',to_date('23-FEB-16','DD-MON-RR'),21,'Shipping Clerk',2);
Insert into AMERICA.EMPLOYEES (EMPLOYEE_ID,FIRST_NAME,LAST_NAME,EMAIL,PHONE,HIRE_DATE,MANAGER_ID,JOB_TITLE,REGION_ID) values (33,'Reggie','Simmons','reggie.simmons@example.com','650.124.8234',to_date('10-APR-16','DD-MON-RR'),22,'Stock Clerk',2);
Insert into AMERICA.EMPLOYEES (EMPLOYEE_ID,FIRST_NAME,LAST_NAME,EMAIL,PHONE,HIRE_DATE,MANAGER_ID,JOB_TITLE,REGION_ID) values (26,'Leon','Powell','leon.powell@example.com','650.124.1214',to_date('16-JUL-16','DD-MON-RR'),21,'Stock Clerk',2);
Insert into AMERICA.EMPLOYEES (EMPLOYEE_ID,FIRST_NAME,LAST_NAME,EMAIL,PHONE,HIRE_DATE,MANAGER_ID,JOB_TITLE,REGION_ID) values (34,'Seth','Foster','seth.foster@example.com','650.127.1934',to_date('14-JUN-16','DD-MON-RR'),23,'Stock Clerk',2);
Insert into AMERICA.EMPLOYEES (EMPLOYEE_ID,FIRST_NAME,LAST_NAME,EMAIL,PHONE,HIRE_DATE,MANAGER_ID,JOB_TITLE,REGION_ID) values (36,'Felix','Bryant','felix.bryant@example.com','650.127.1734',to_date('12-DEC-16','DD-MON-RR'),23,'Stock Clerk',2);
Insert into AMERICA.EMPLOYEES (EMPLOYEE_ID,FIRST_NAME,LAST_NAME,EMAIL,PHONE,HIRE_DATE,MANAGER_ID,JOB_TITLE,REGION_ID) values (25,'Ronnie','Perry','ronnie.perry@example.com','650.123.5234',to_date('16-NOV-16','DD-MON-RR'),1,'Stock Manager',2);
Insert into AMERICA.EMPLOYEES (EMPLOYEE_ID,FIRST_NAME,LAST_NAME,EMAIL,PHONE,HIRE_DATE,MANAGER_ID,JOB_TITLE,REGION_ID) values (21,'Jaxon','Ross','jaxon.ross@example.com','650.123.1234',to_date('18-JUL-16','DD-MON-RR'),1,'Stock Manager',2);
REM INSERTING into AMERICA.INVENTORIES
SET DEFINE OFF;
Insert into AMERICA.INVENTORIES (PRODUCT_ID,WAREHOUSE_ID,QUANTITY) values (265,5,177);
Insert into AMERICA.INVENTORIES (PRODUCT_ID,WAREHOUSE_ID,QUANTITY) values (269,5,237);
Insert into AMERICA.INVENTORIES (PRODUCT_ID,WAREHOUSE_ID,QUANTITY) values (270,5,237);
Insert into AMERICA.INVENTORIES (PRODUCT_ID,WAREHOUSE_ID,QUANTITY) values (273,5,199);
Insert into AMERICA.INVENTORIES (PRODUCT_ID,WAREHOUSE_ID,QUANTITY) values (279,5,193);
Insert into AMERICA.INVENTORIES (PRODUCT_ID,WAREHOUSE_ID,QUANTITY) values (280,5,194);
Insert into AMERICA.INVENTORIES (PRODUCT_ID,WAREHOUSE_ID,QUANTITY) values (281,5,203);
Insert into AMERICA.INVENTORIES (PRODUCT_ID,WAREHOUSE_ID,QUANTITY) values (284,5,220);
Insert into AMERICA.INVENTORIES (PRODUCT_ID,WAREHOUSE_ID,QUANTITY) values (285,5,216);
Insert into AMERICA.INVENTORIES (PRODUCT_ID,WAREHOUSE_ID,QUANTITY) values (286,5,216);
Insert into AMERICA.INVENTORIES (PRODUCT_ID,WAREHOUSE_ID,QUANTITY) values (2,7,46);
Insert into AMERICA.INVENTORIES (PRODUCT_ID,WAREHOUSE_ID,QUANTITY) values (3,7,63);
Insert into AMERICA.INVENTORIES (PRODUCT_ID,WAREHOUSE_ID,QUANTITY) values (4,7,63);
Insert into AMERICA.INVENTORIES (PRODUCT_ID,WAREHOUSE_ID,QUANTITY) values (5,7,63);
Insert into AMERICA.INVENTORIES (PRODUCT_ID,WAREHOUSE_ID,QUANTITY) values (6,7,63);
Insert into AMERICA.INVENTORIES (PRODUCT_ID,WAREHOUSE_ID,QUANTITY) values (11,7,65);
Insert into AMERICA.INVENTORIES (PRODUCT_ID,WAREHOUSE_ID,QUANTITY) values (12,7,65);
Insert into AMERICA.INVENTORIES (PRODUCT_ID,WAREHOUSE_ID,QUANTITY) values (22,7,50);
Insert into AMERICA.INVENTORIES (PRODUCT_ID,WAREHOUSE_ID,QUANTITY) values (23,7,50);
Insert into AMERICA.INVENTORIES (PRODUCT_ID,WAREHOUSE_ID,QUANTITY) values (24,7,50);
Insert into AMERICA.INVENTORIES (PRODUCT_ID,WAREHOUSE_ID,QUANTITY) values (25,7,51);
Insert into AMERICA.INVENTORIES (PRODUCT_ID,WAREHOUSE_ID,QUANTITY) values (26,7,51);
Insert into AMERICA.INVENTORIES (PRODUCT_ID,WAREHOUSE_ID,QUANTITY) values (33,7,53);
Insert into AMERICA.INVENTORIES (PRODUCT_ID,WAREHOUSE_ID,QUANTITY) values (35,7,54);
Insert into AMERICA.INVENTORIES (PRODUCT_ID,WAREHOUSE_ID,QUANTITY) values (36,7,54);
Insert into AMERICA.INVENTORIES (PRODUCT_ID,WAREHOUSE_ID,QUANTITY) values (37,7,55);
Insert into AMERICA.INVENTORIES (PRODUCT_ID,WAREHOUSE_ID,QUANTITY) values (38,7,55);
Insert into AMERICA.INVENTORIES (PRODUCT_ID,WAREHOUSE_ID,QUANTITY) values (39,7,55);
Insert into AMERICA.INVENTORIES (PRODUCT_ID,WAREHOUSE_ID,QUANTITY) values (40,7,55);
Insert into AMERICA.INVENTORIES (PRODUCT_ID,WAREHOUSE_ID,QUANTITY) values (41,7,55);
Insert into AMERICA.INVENTORIES (PRODUCT_ID,WAREHOUSE_ID,QUANTITY) values (42,7,57);
Insert into AMERICA.INVENTORIES (PRODUCT_ID,WAREHOUSE_ID,QUANTITY) values (43,7,58);
Insert into AMERICA.INVENTORIES (PRODUCT_ID,WAREHOUSE_ID,QUANTITY) values (44,7,58);
Insert into AMERICA.INVENTORIES (PRODUCT_ID,WAREHOUSE_ID,QUANTITY) values (46,7,18);
Insert into AMERICA.INVENTORIES (PRODUCT_ID,WAREHOUSE_ID,QUANTITY) values (47,7,22);
Insert into AMERICA.INVENTORIES (PRODUCT_ID,WAREHOUSE_ID,QUANTITY) values (50,7,58);
Insert into AMERICA.INVENTORIES (PRODUCT_ID,WAREHOUSE_ID,QUANTITY) values (80,7,53);
Insert into AMERICA.INVENTORIES (PRODUCT_ID,WAREHOUSE_ID,QUANTITY) values (87,7,59);
Insert into AMERICA.INVENTORIES (PRODUCT_ID,WAREHOUSE_ID,QUANTITY) values (88,7,27);
Insert into AMERICA.INVENTORIES (PRODUCT_ID,WAREHOUSE_ID,QUANTITY) values (89,7,27);
Insert into AMERICA.INVENTORIES (PRODUCT_ID,WAREHOUSE_ID,QUANTITY) values (90,7,27);
Insert into AMERICA.INVENTORIES (PRODUCT_ID,WAREHOUSE_ID,QUANTITY) values (91,7,46);
Insert into AMERICA.INVENTORIES (PRODUCT_ID,WAREHOUSE_ID,QUANTITY) values (94,7,57);
Insert into AMERICA.INVENTORIES (PRODUCT_ID,WAREHOUSE_ID,QUANTITY) values (98,7,58);
Insert into AMERICA.INVENTORIES (PRODUCT_ID,WAREHOUSE_ID,QUANTITY) values (99,7,60);
Insert into AMERICA.INVENTORIES (PRODUCT_ID,WAREHOUSE_ID,QUANTITY) values (100,7,60);
Insert into AMERICA.INVENTORIES (PRODUCT_ID,WAREHOUSE_ID,QUANTITY) values (102,7,62);
Insert into AMERICA.INVENTORIES (PRODUCT_ID,WAREHOUSE_ID,QUANTITY) values (103,7,35);
Insert into AMERICA.INVENTORIES (PRODUCT_ID,WAREHOUSE_ID,QUANTITY) values (104,7,58);
Insert into AMERICA.INVENTORIES (PRODUCT_ID,WAREHOUSE_ID,QUANTITY) values (105,7,35);
Insert into AMERICA.INVENTORIES (PRODUCT_ID,WAREHOUSE_ID,QUANTITY) values (108,7,36);
Insert into AMERICA.INVENTORIES (PRODUCT_ID,WAREHOUSE_ID,QUANTITY) values (110,7,36);
Insert into AMERICA.INVENTORIES (PRODUCT_ID,WAREHOUSE_ID,QUANTITY) values (114,7,37);
Insert into AMERICA.INVENTORIES (PRODUCT_ID,WAREHOUSE_ID,QUANTITY) values (123,7,41);
Insert into AMERICA.INVENTORIES (PRODUCT_ID,WAREHOUSE_ID,QUANTITY) values (130,7,66);
Insert into AMERICA.INVENTORIES (PRODUCT_ID,WAREHOUSE_ID,QUANTITY) values (131,7,66);
Insert into AMERICA.INVENTORIES (PRODUCT_ID,WAREHOUSE_ID,QUANTITY) values (132,7,45);
Insert into AMERICA.INVENTORIES (PRODUCT_ID,WAREHOUSE_ID,QUANTITY) values (133,7,45);
Insert into AMERICA.INVENTORIES (PRODUCT_ID,WAREHOUSE_ID,QUANTITY) values (134,7,17);
Insert into AMERICA.INVENTORIES (PRODUCT_ID,WAREHOUSE_ID,QUANTITY) values (135,7,17);
Insert into AMERICA.INVENTORIES (PRODUCT_ID,WAREHOUSE_ID,QUANTITY) values (139,7,21);
Insert into AMERICA.INVENTORIES (PRODUCT_ID,WAREHOUSE_ID,QUANTITY) values (140,7,21);
Insert into AMERICA.INVENTORIES (PRODUCT_ID,WAREHOUSE_ID,QUANTITY) values (142,7,51);
Insert into AMERICA.INVENTORIES (PRODUCT_ID,WAREHOUSE_ID,QUANTITY) values (144,7,23);
Insert into AMERICA.INVENTORIES (PRODUCT_ID,WAREHOUSE_ID,QUANTITY) values (145,7,23);
Insert into AMERICA.INVENTORIES (PRODUCT_ID,WAREHOUSE_ID,QUANTITY) values (146,7,24);
Insert into AMERICA.INVENTORIES (PRODUCT_ID,WAREHOUSE_ID,QUANTITY) values (147,7,24);
Insert into AMERICA.INVENTORIES (PRODUCT_ID,WAREHOUSE_ID,QUANTITY) values (148,7,24);
Insert into AMERICA.INVENTORIES (PRODUCT_ID,WAREHOUSE_ID,QUANTITY) values (149,7,24);
Insert into AMERICA.INVENTORIES (PRODUCT_ID,WAREHOUSE_ID,QUANTITY) values (150,7,28);
Insert into AMERICA.INVENTORIES (PRODUCT_ID,WAREHOUSE_ID,QUANTITY) values (151,7,28);
Insert into AMERICA.INVENTORIES (PRODUCT_ID,WAREHOUSE_ID,QUANTITY) values (152,7,28);
Insert into AMERICA.INVENTORIES (PRODUCT_ID,WAREHOUSE_ID,QUANTITY) values (159,7,39);
Insert into AMERICA.INVENTORIES (PRODUCT_ID,WAREHOUSE_ID,QUANTITY) values (160,7,45);
Insert into AMERICA.INVENTORIES (PRODUCT_ID,WAREHOUSE_ID,QUANTITY) values (161,7,60);
Insert into AMERICA.INVENTORIES (PRODUCT_ID,WAREHOUSE_ID,QUANTITY) values (163,7,59);
Insert into AMERICA.INVENTORIES (PRODUCT_ID,WAREHOUSE_ID,QUANTITY) values (168,7,68);
Insert into AMERICA.INVENTORIES (PRODUCT_ID,WAREHOUSE_ID,QUANTITY) values (174,7,98);
Insert into AMERICA.INVENTORIES (PRODUCT_ID,WAREHOUSE_ID,QUANTITY) values (175,7,98);
Insert into AMERICA.INVENTORIES (PRODUCT_ID,WAREHOUSE_ID,QUANTITY) values (182,7,143);
Insert into AMERICA.INVENTORIES (PRODUCT_ID,WAREHOUSE_ID,QUANTITY) values (184,7,143);
Insert into AMERICA.INVENTORIES (PRODUCT_ID,WAREHOUSE_ID,QUANTITY) values (185,7,144);
Insert into AMERICA.INVENTORIES (PRODUCT_ID,WAREHOUSE_ID,QUANTITY) values (207,7,133);
Insert into AMERICA.INVENTORIES (PRODUCT_ID,WAREHOUSE_ID,QUANTITY) values (216,7,137);
Insert into AMERICA.INVENTORIES (PRODUCT_ID,WAREHOUSE_ID,QUANTITY) values (220,7,167);
Insert into AMERICA.INVENTORIES (PRODUCT_ID,WAREHOUSE_ID,QUANTITY) values (221,7,168);
Insert into AMERICA.INVENTORIES (PRODUCT_ID,WAREHOUSE_ID,QUANTITY) values (222,7,168);
Insert into AMERICA.INVENTORIES (PRODUCT_ID,WAREHOUSE_ID,QUANTITY) values (223,7,168);
Insert into AMERICA.INVENTORIES (PRODUCT_ID,WAREHOUSE_ID,QUANTITY) values (229,7,136);
Insert into AMERICA.INVENTORIES (PRODUCT_ID,WAREHOUSE_ID,QUANTITY) values (230,7,136);
Insert into AMERICA.INVENTORIES (PRODUCT_ID,WAREHOUSE_ID,QUANTITY) values (231,7,136);
Insert into AMERICA.INVENTORIES (PRODUCT_ID,WAREHOUSE_ID,QUANTITY) values (232,7,137);
Insert into AMERICA.INVENTORIES (PRODUCT_ID,WAREHOUSE_ID,QUANTITY) values (233,7,137);
Insert into AMERICA.INVENTORIES (PRODUCT_ID,WAREHOUSE_ID,QUANTITY) values (234,7,137);
Insert into AMERICA.INVENTORIES (PRODUCT_ID,WAREHOUSE_ID,QUANTITY) values (235,7,137);
Insert into AMERICA.INVENTORIES (PRODUCT_ID,WAREHOUSE_ID,QUANTITY) values (241,7,133);
Insert into AMERICA.INVENTORIES (PRODUCT_ID,WAREHOUSE_ID,QUANTITY) values (242,7,133);
Insert into AMERICA.INVENTORIES (PRODUCT_ID,WAREHOUSE_ID,QUANTITY) values (243,7,133);
Insert into AMERICA.INVENTORIES (PRODUCT_ID,WAREHOUSE_ID,QUANTITY) values (245,7,149);
Insert into AMERICA.INVENTORIES (PRODUCT_ID,WAREHOUSE_ID,QUANTITY) values (254,7,148);
Insert into AMERICA.INVENTORIES (PRODUCT_ID,WAREHOUSE_ID,QUANTITY) values (255,7,148);
Insert into AMERICA.INVENTORIES (PRODUCT_ID,WAREHOUSE_ID,QUANTITY) values (256,7,149);
Insert into AMERICA.INVENTORIES (PRODUCT_ID,WAREHOUSE_ID,QUANTITY) values (257,7,149);
Insert into AMERICA.INVENTORIES (PRODUCT_ID,WAREHOUSE_ID,QUANTITY) values (258,7,149);
Insert into AMERICA.INVENTORIES (PRODUCT_ID,WAREHOUSE_ID,QUANTITY) values (259,7,149);
Insert into AMERICA.INVENTORIES (PRODUCT_ID,WAREHOUSE_ID,QUANTITY) values (260,7,149);
Insert into AMERICA.INVENTORIES (PRODUCT_ID,WAREHOUSE_ID,QUANTITY) values (263,7,150);
Insert into AMERICA.INVENTORIES (PRODUCT_ID,WAREHOUSE_ID,QUANTITY) values (264,7,150);
Insert into AMERICA.INVENTORIES (PRODUCT_ID,WAREHOUSE_ID,QUANTITY) values (269,7,196);
Insert into AMERICA.INVENTORIES (PRODUCT_ID,WAREHOUSE_ID,QUANTITY) values (270,7,196);
Insert into AMERICA.INVENTORIES (PRODUCT_ID,WAREHOUSE_ID,QUANTITY) values (273,7,170);
Insert into AMERICA.INVENTORIES (PRODUCT_ID,WAREHOUSE_ID,QUANTITY) values (280,7,167);
Insert into AMERICA.INVENTORIES (PRODUCT_ID,WAREHOUSE_ID,QUANTITY) values (281,7,179);
Insert into AMERICA.INVENTORIES (PRODUCT_ID,WAREHOUSE_ID,QUANTITY) values (284,7,294);
Insert into AMERICA.INVENTORIES (PRODUCT_ID,WAREHOUSE_ID,QUANTITY) values (285,7,189);
Insert into AMERICA.INVENTORIES (PRODUCT_ID,WAREHOUSE_ID,QUANTITY) values (286,7,189);
Insert into AMERICA.INVENTORIES (PRODUCT_ID,WAREHOUSE_ID,QUANTITY) values (3,1,106);
Insert into AMERICA.INVENTORIES (PRODUCT_ID,WAREHOUSE_ID,QUANTITY) values (4,1,106);
Insert into AMERICA.INVENTORIES (PRODUCT_ID,WAREHOUSE_ID,QUANTITY) values (5,1,106);
Insert into AMERICA.INVENTORIES (PRODUCT_ID,WAREHOUSE_ID,QUANTITY) values (6,1,107);
Insert into AMERICA.INVENTORIES (PRODUCT_ID,WAREHOUSE_ID,QUANTITY) values (11,1,108);
Insert into AMERICA.INVENTORIES (PRODUCT_ID,WAREHOUSE_ID,QUANTITY) values (12,1,108);
Insert into AMERICA.INVENTORIES (PRODUCT_ID,WAREHOUSE_ID,QUANTITY) values (80,1,125);
Insert into AMERICA.INVENTORIES (PRODUCT_ID,WAREHOUSE_ID,QUANTITY) values (87,1,131);
Insert into AMERICA.INVENTORIES (PRODUCT_ID,WAREHOUSE_ID,QUANTITY) values (88,1,117);
Insert into AMERICA.INVENTORIES (PRODUCT_ID,WAREHOUSE_ID,QUANTITY) values (89,1,118);
Insert into AMERICA.INVENTORIES (PRODUCT_ID,WAREHOUSE_ID,QUANTITY) values (90,1,118);
Insert into AMERICA.INVENTORIES (PRODUCT_ID,WAREHOUSE_ID,QUANTITY) values (103,1,125);
Insert into AMERICA.INVENTORIES (PRODUCT_ID,WAREHOUSE_ID,QUANTITY) values (105,1,126);
Insert into AMERICA.INVENTORIES (PRODUCT_ID,WAREHOUSE_ID,QUANTITY) values (108,1,126);
Insert into AMERICA.INVENTORIES (PRODUCT_ID,WAREHOUSE_ID,QUANTITY) values (110,1,127);
Insert into AMERICA.INVENTORIES (PRODUCT_ID,WAREHOUSE_ID,QUANTITY) values (114,1,128);
Insert into AMERICA.INVENTORIES (PRODUCT_ID,WAREHOUSE_ID,QUANTITY) values (123,1,131);
Insert into AMERICA.INVENTORIES (PRODUCT_ID,WAREHOUSE_ID,QUANTITY) values (132,1,133);
Insert into AMERICA.INVENTORIES (PRODUCT_ID,WAREHOUSE_ID,QUANTITY) values (133,1,133);
Insert into AMERICA.INVENTORIES (PRODUCT_ID,WAREHOUSE_ID,QUANTITY) values (142,1,89);
Insert into AMERICA.INVENTORIES (PRODUCT_ID,WAREHOUSE_ID,QUANTITY) values (161,1,132);
Insert into AMERICA.INVENTORIES (PRODUCT_ID,WAREHOUSE_ID,QUANTITY) values (174,1,170);
Insert into AMERICA.INVENTORIES (PRODUCT_ID,WAREHOUSE_ID,QUANTITY) values (175,1,170);
Insert into AMERICA.INVENTORIES (PRODUCT_ID,WAREHOUSE_ID,QUANTITY) values (182,1,175);
Insert into AMERICA.INVENTORIES (PRODUCT_ID,WAREHOUSE_ID,QUANTITY) values (184,1,175);
Insert into AMERICA.INVENTORIES (PRODUCT_ID,WAREHOUSE_ID,QUANTITY) values (185,1,176);
Insert into AMERICA.INVENTORIES (PRODUCT_ID,WAREHOUSE_ID,QUANTITY) values (207,1,205);
Insert into AMERICA.INVENTORIES (PRODUCT_ID,WAREHOUSE_ID,QUANTITY) values (216,1,209);
Insert into AMERICA.INVENTORIES (PRODUCT_ID,WAREHOUSE_ID,QUANTITY) values (220,1,196);
Insert into AMERICA.INVENTORIES (PRODUCT_ID,WAREHOUSE_ID,QUANTITY) values (221,1,197);
Insert into AMERICA.INVENTORIES (PRODUCT_ID,WAREHOUSE_ID,QUANTITY) values (222,1,197);
Insert into AMERICA.INVENTORIES (PRODUCT_ID,WAREHOUSE_ID,QUANTITY) values (223,1,197);
Insert into AMERICA.INVENTORIES (PRODUCT_ID,WAREHOUSE_ID,QUANTITY) values (245,1,221);
Insert into AMERICA.INVENTORIES (PRODUCT_ID,WAREHOUSE_ID,QUANTITY) values (269,1,222);
Insert into AMERICA.INVENTORIES (PRODUCT_ID,WAREHOUSE_ID,QUANTITY) values (270,1,222);
Insert into AMERICA.INVENTORIES (PRODUCT_ID,WAREHOUSE_ID,QUANTITY) values (281,1,251);
Insert into AMERICA.INVENTORIES (PRODUCT_ID,WAREHOUSE_ID,QUANTITY) values (3,2,96);
Insert into AMERICA.INVENTORIES (PRODUCT_ID,WAREHOUSE_ID,QUANTITY) values (4,2,96);
Insert into AMERICA.INVENTORIES (PRODUCT_ID,WAREHOUSE_ID,QUANTITY) values (5,2,96);
Insert into AMERICA.INVENTORIES (PRODUCT_ID,WAREHOUSE_ID,QUANTITY) values (6,2,96);
Insert into AMERICA.INVENTORIES (PRODUCT_ID,WAREHOUSE_ID,QUANTITY) values (7,2,97);
Insert into AMERICA.INVENTORIES (PRODUCT_ID,WAREHOUSE_ID,QUANTITY) values (8,2,97);
Insert into AMERICA.INVENTORIES (PRODUCT_ID,WAREHOUSE_ID,QUANTITY) values (9,2,97);
Insert into AMERICA.INVENTORIES (PRODUCT_ID,WAREHOUSE_ID,QUANTITY) values (11,2,98);
Insert into AMERICA.INVENTORIES (PRODUCT_ID,WAREHOUSE_ID,QUANTITY) values (12,2,98);
Insert into AMERICA.INVENTORIES (PRODUCT_ID,WAREHOUSE_ID,QUANTITY) values (13,2,98);
Insert into AMERICA.INVENTORIES (PRODUCT_ID,WAREHOUSE_ID,QUANTITY) values (14,2,98);
Insert into AMERICA.INVENTORIES (PRODUCT_ID,WAREHOUSE_ID,QUANTITY) values (15,2,99);
Insert into AMERICA.INVENTORIES (PRODUCT_ID,WAREHOUSE_ID,QUANTITY) values (17,2,100);
Insert into AMERICA.INVENTORIES (PRODUCT_ID,WAREHOUSE_ID,QUANTITY) values (18,2,101);
Insert into AMERICA.INVENTORIES (PRODUCT_ID,WAREHOUSE_ID,QUANTITY) values (19,2,101);
Insert into AMERICA.INVENTORIES (PRODUCT_ID,WAREHOUSE_ID,QUANTITY) values (20,2,104);
Insert into AMERICA.INVENTORIES (PRODUCT_ID,WAREHOUSE_ID,QUANTITY) values (21,2,105);
Insert into AMERICA.INVENTORIES (PRODUCT_ID,WAREHOUSE_ID,QUANTITY) values (22,2,114);
Insert into AMERICA.INVENTORIES (PRODUCT_ID,WAREHOUSE_ID,QUANTITY) values (23,2,114);
Insert into AMERICA.INVENTORIES (PRODUCT_ID,WAREHOUSE_ID,QUANTITY) values (24,2,115);
Insert into AMERICA.INVENTORIES (PRODUCT_ID,WAREHOUSE_ID,QUANTITY) values (25,2,115);
Insert into AMERICA.INVENTORIES (PRODUCT_ID,WAREHOUSE_ID,QUANTITY) values (26,2,115);
Insert into AMERICA.INVENTORIES (PRODUCT_ID,WAREHOUSE_ID,QUANTITY) values (27,2,106);
Insert into AMERICA.INVENTORIES (PRODUCT_ID,WAREHOUSE_ID,QUANTITY) values (29,2,107);
Insert into AMERICA.INVENTORIES (PRODUCT_ID,WAREHOUSE_ID,QUANTITY) values (30,2,107);
Insert into AMERICA.INVENTORIES (PRODUCT_ID,WAREHOUSE_ID,QUANTITY) values (33,2,117);
Insert into AMERICA.INVENTORIES (PRODUCT_ID,WAREHOUSE_ID,QUANTITY) values (35,2,118);
Insert into AMERICA.INVENTORIES (PRODUCT_ID,WAREHOUSE_ID,QUANTITY) values (36,2,118);
Insert into AMERICA.INVENTORIES (PRODUCT_ID,WAREHOUSE_ID,QUANTITY) values (37,2,119);
Insert into AMERICA.INVENTORIES (PRODUCT_ID,WAREHOUSE_ID,QUANTITY) values (38,2,119);
Insert into AMERICA.INVENTORIES (PRODUCT_ID,WAREHOUSE_ID,QUANTITY) values (39,2,119);
Insert into AMERICA.INVENTORIES (PRODUCT_ID,WAREHOUSE_ID,QUANTITY) values (40,2,119);
Insert into AMERICA.INVENTORIES (PRODUCT_ID,WAREHOUSE_ID,QUANTITY) values (41,2,119);
Insert into AMERICA.INVENTORIES (PRODUCT_ID,WAREHOUSE_ID,QUANTITY) values (42,2,122);
Insert into AMERICA.INVENTORIES (PRODUCT_ID,WAREHOUSE_ID,QUANTITY) values (43,2,122);
Insert into AMERICA.INVENTORIES (PRODUCT_ID,WAREHOUSE_ID,QUANTITY) values (44,2,122);
Insert into AMERICA.INVENTORIES (PRODUCT_ID,WAREHOUSE_ID,QUANTITY) values (50,2,117);
Insert into AMERICA.INVENTORIES (PRODUCT_ID,WAREHOUSE_ID,QUANTITY) values (54,2,110);
Insert into AMERICA.INVENTORIES (PRODUCT_ID,WAREHOUSE_ID,QUANTITY) values (62,2,149);
Insert into AMERICA.INVENTORIES (PRODUCT_ID,WAREHOUSE_ID,QUANTITY) values (63,2,149);
Insert into AMERICA.INVENTORIES (PRODUCT_ID,WAREHOUSE_ID,QUANTITY) values (67,2,154);
Insert into AMERICA.INVENTORIES (PRODUCT_ID,WAREHOUSE_ID,QUANTITY) values (68,2,154);
Insert into AMERICA.INVENTORIES (PRODUCT_ID,WAREHOUSE_ID,QUANTITY) values (69,2,154);
Insert into AMERICA.INVENTORIES (PRODUCT_ID,WAREHOUSE_ID,QUANTITY) values (70,2,155);
Insert into AMERICA.INVENTORIES (PRODUCT_ID,WAREHOUSE_ID,QUANTITY) values (71,2,155);
Insert into AMERICA.INVENTORIES (PRODUCT_ID,WAREHOUSE_ID,QUANTITY) values (72,2,155);
Insert into AMERICA.INVENTORIES (PRODUCT_ID,WAREHOUSE_ID,QUANTITY) values (73,2,111);
Insert into AMERICA.INVENTORIES (PRODUCT_ID,WAREHOUSE_ID,QUANTITY) values (74,2,111);
Insert into AMERICA.INVENTORIES (PRODUCT_ID,WAREHOUSE_ID,QUANTITY) values (76,2,112);
Insert into AMERICA.INVENTORIES (PRODUCT_ID,WAREHOUSE_ID,QUANTITY) values (78,2,113);
Insert into AMERICA.INVENTORIES (PRODUCT_ID,WAREHOUSE_ID,QUANTITY) values (79,2,113);
Insert into AMERICA.INVENTORIES (PRODUCT_ID,WAREHOUSE_ID,QUANTITY) values (80,2,113);
Insert into AMERICA.INVENTORIES (PRODUCT_ID,WAREHOUSE_ID,QUANTITY) values (87,2,119);
Insert into AMERICA.INVENTORIES (PRODUCT_ID,WAREHOUSE_ID,QUANTITY) values (88,2,167);
Insert into AMERICA.INVENTORIES (PRODUCT_ID,WAREHOUSE_ID,QUANTITY) values (89,2,167);
Insert into AMERICA.INVENTORIES (PRODUCT_ID,WAREHOUSE_ID,QUANTITY) values (90,2,167);
Insert into AMERICA.INVENTORIES (PRODUCT_ID,WAREHOUSE_ID,QUANTITY) values (94,2,91);
Insert into AMERICA.INVENTORIES (PRODUCT_ID,WAREHOUSE_ID,QUANTITY) values (99,2,94);
Insert into AMERICA.INVENTORIES (PRODUCT_ID,WAREHOUSE_ID,QUANTITY) values (100,2,94);
Insert into AMERICA.INVENTORIES (PRODUCT_ID,WAREHOUSE_ID,QUANTITY) values (101,2,173);
Insert into AMERICA.INVENTORIES (PRODUCT_ID,WAREHOUSE_ID,QUANTITY) values (103,2,178);
Insert into AMERICA.INVENTORIES (PRODUCT_ID,WAREHOUSE_ID,QUANTITY) values (104,2,81);
Insert into AMERICA.INVENTORIES (PRODUCT_ID,WAREHOUSE_ID,QUANTITY) values (105,2,178);
Insert into AMERICA.INVENTORIES (PRODUCT_ID,WAREHOUSE_ID,QUANTITY) values (106,2,178);
Insert into AMERICA.INVENTORIES (PRODUCT_ID,WAREHOUSE_ID,QUANTITY) values (107,2,178);
Insert into AMERICA.INVENTORIES (PRODUCT_ID,WAREHOUSE_ID,QUANTITY) values (108,2,179);
Insert into AMERICA.INVENTORIES (PRODUCT_ID,WAREHOUSE_ID,QUANTITY) values (109,2,179);
Insert into AMERICA.INVENTORIES (PRODUCT_ID,WAREHOUSE_ID,QUANTITY) values (110,2,179);
Insert into AMERICA.INVENTORIES (PRODUCT_ID,WAREHOUSE_ID,QUANTITY) values (114,2,180);
Insert into AMERICA.INVENTORIES (PRODUCT_ID,WAREHOUSE_ID,QUANTITY) values (115,2,181);
Insert into AMERICA.INVENTORIES (PRODUCT_ID,WAREHOUSE_ID,QUANTITY) values (116,2,182);
Insert into AMERICA.INVENTORIES (PRODUCT_ID,WAREHOUSE_ID,QUANTITY) values (117,2,182);
Insert into AMERICA.INVENTORIES (PRODUCT_ID,WAREHOUSE_ID,QUANTITY) values (119,2,183);
Insert into AMERICA.INVENTORIES (PRODUCT_ID,WAREHOUSE_ID,QUANTITY) values (120,2,183);
Insert into AMERICA.INVENTORIES (PRODUCT_ID,WAREHOUSE_ID,QUANTITY) values (121,2,183);
Insert into AMERICA.INVENTORIES (PRODUCT_ID,WAREHOUSE_ID,QUANTITY) values (122,2,183);
Insert into AMERICA.INVENTORIES (PRODUCT_ID,WAREHOUSE_ID,QUANTITY) values (123,2,184);
Insert into AMERICA.INVENTORIES (PRODUCT_ID,WAREHOUSE_ID,QUANTITY) values (124,2,184);
Insert into AMERICA.INVENTORIES (PRODUCT_ID,WAREHOUSE_ID,QUANTITY) values (125,2,184);
Insert into AMERICA.INVENTORIES (PRODUCT_ID,WAREHOUSE_ID,QUANTITY) values (126,2,184);
Insert into AMERICA.INVENTORIES (PRODUCT_ID,WAREHOUSE_ID,QUANTITY) values (128,2,185);
Insert into AMERICA.INVENTORIES (PRODUCT_ID,WAREHOUSE_ID,QUANTITY) values (129,2,185);
Insert into AMERICA.INVENTORIES (PRODUCT_ID,WAREHOUSE_ID,QUANTITY) values (130,2,88);
Insert into AMERICA.INVENTORIES (PRODUCT_ID,WAREHOUSE_ID,QUANTITY) values (131,2,88);
Insert into AMERICA.INVENTORIES (PRODUCT_ID,WAREHOUSE_ID,QUANTITY) values (132,2,185);
Insert into AMERICA.INVENTORIES (PRODUCT_ID,WAREHOUSE_ID,QUANTITY) values (133,2,185);
Insert into AMERICA.INVENTORIES (PRODUCT_ID,WAREHOUSE_ID,QUANTITY) values (134,2,89);
Insert into AMERICA.INVENTORIES (PRODUCT_ID,WAREHOUSE_ID,QUANTITY) values (135,2,89);
Insert into AMERICA.INVENTORIES (PRODUCT_ID,WAREHOUSE_ID,QUANTITY) values (136,2,186);
Insert into AMERICA.INVENTORIES (PRODUCT_ID,WAREHOUSE_ID,QUANTITY) values (138,2,191);
Insert into AMERICA.INVENTORIES (PRODUCT_ID,WAREHOUSE_ID,QUANTITY) values (139,2,93);
Insert into AMERICA.INVENTORIES (PRODUCT_ID,WAREHOUSE_ID,QUANTITY) values (140,2,94);
Insert into AMERICA.INVENTORIES (PRODUCT_ID,WAREHOUSE_ID,QUANTITY) values (142,2,194);
Insert into AMERICA.INVENTORIES (PRODUCT_ID,WAREHOUSE_ID,QUANTITY) values (144,2,95);
Insert into AMERICA.INVENTORIES (PRODUCT_ID,WAREHOUSE_ID,QUANTITY) values (145,2,96);
Insert into AMERICA.INVENTORIES (PRODUCT_ID,WAREHOUSE_ID,QUANTITY) values (146,2,96);
Insert into AMERICA.INVENTORIES (PRODUCT_ID,WAREHOUSE_ID,QUANTITY) values (147,2,96);
Insert into AMERICA.INVENTORIES (PRODUCT_ID,WAREHOUSE_ID,QUANTITY) values (148,2,97);
Insert into AMERICA.INVENTORIES (PRODUCT_ID,WAREHOUSE_ID,QUANTITY) values (149,2,97);
Insert into AMERICA.INVENTORIES (PRODUCT_ID,WAREHOUSE_ID,QUANTITY) values (150,2,101);
Insert into AMERICA.INVENTORIES (PRODUCT_ID,WAREHOUSE_ID,QUANTITY) values (151,2,101);
Insert into AMERICA.INVENTORIES (PRODUCT_ID,WAREHOUSE_ID,QUANTITY) values (152,2,101);
Insert into AMERICA.INVENTORIES (PRODUCT_ID,WAREHOUSE_ID,QUANTITY) values (161,2,120);
Insert into AMERICA.INVENTORIES (PRODUCT_ID,WAREHOUSE_ID,QUANTITY) values (166,2,138);
Insert into AMERICA.INVENTORIES (PRODUCT_ID,WAREHOUSE_ID,QUANTITY) values (168,2,128);
Insert into AMERICA.INVENTORIES (PRODUCT_ID,WAREHOUSE_ID,QUANTITY) values (174,2,158);
Insert into AMERICA.INVENTORIES (PRODUCT_ID,WAREHOUSE_ID,QUANTITY) values (175,2,158);
Insert into AMERICA.INVENTORIES (PRODUCT_ID,WAREHOUSE_ID,QUANTITY) values (182,2,177);
Insert into AMERICA.INVENTORIES (PRODUCT_ID,WAREHOUSE_ID,QUANTITY) values (184,2,178);
Insert into AMERICA.INVENTORIES (PRODUCT_ID,WAREHOUSE_ID,QUANTITY) values (185,2,178);
Insert into AMERICA.INVENTORIES (PRODUCT_ID,WAREHOUSE_ID,QUANTITY) values (188,2,171);
Insert into AMERICA.INVENTORIES (PRODUCT_ID,WAREHOUSE_ID,QUANTITY) values (189,2,172);
Insert into AMERICA.INVENTORIES (PRODUCT_ID,WAREHOUSE_ID,QUANTITY) values (190,2,172);
Insert into AMERICA.INVENTORIES (PRODUCT_ID,WAREHOUSE_ID,QUANTITY) values (191,2,173);
Insert into AMERICA.INVENTORIES (PRODUCT_ID,WAREHOUSE_ID,QUANTITY) values (193,2,173);
Insert into AMERICA.INVENTORIES (PRODUCT_ID,WAREHOUSE_ID,QUANTITY) values (195,2,174);
Insert into AMERICA.INVENTORIES (PRODUCT_ID,WAREHOUSE_ID,QUANTITY) values (196,2,174);
Insert into AMERICA.INVENTORIES (PRODUCT_ID,WAREHOUSE_ID,QUANTITY) values (198,2,175);
Insert into AMERICA.INVENTORIES (PRODUCT_ID,WAREHOUSE_ID,QUANTITY) values (199,2,176);
Insert into AMERICA.INVENTORIES (PRODUCT_ID,WAREHOUSE_ID,QUANTITY) values (200,2,176);
Insert into AMERICA.INVENTORIES (PRODUCT_ID,WAREHOUSE_ID,QUANTITY) values (201,2,176);
Insert into AMERICA.INVENTORIES (PRODUCT_ID,WAREHOUSE_ID,QUANTITY) values (203,2,177);
Insert into AMERICA.INVENTORIES (PRODUCT_ID,WAREHOUSE_ID,QUANTITY) values (204,2,177);
Insert into AMERICA.INVENTORIES (PRODUCT_ID,WAREHOUSE_ID,QUANTITY) values (205,2,177);
Insert into AMERICA.INVENTORIES (PRODUCT_ID,WAREHOUSE_ID,QUANTITY) values (207,2,193);
Insert into AMERICA.INVENTORIES (PRODUCT_ID,WAREHOUSE_ID,QUANTITY) values (210,2,194);
Insert into AMERICA.INVENTORIES (PRODUCT_ID,WAREHOUSE_ID,QUANTITY) values (211,2,195);
Insert into AMERICA.INVENTORIES (PRODUCT_ID,WAREHOUSE_ID,QUANTITY) values (212,2,195);
Insert into AMERICA.INVENTORIES (PRODUCT_ID,WAREHOUSE_ID,QUANTITY) values (214,2,196);
Insert into AMERICA.INVENTORIES (PRODUCT_ID,WAREHOUSE_ID,QUANTITY) values (216,2,197);
Insert into AMERICA.INVENTORIES (PRODUCT_ID,WAREHOUSE_ID,QUANTITY) values (218,2,198);
Insert into AMERICA.INVENTORIES (PRODUCT_ID,WAREHOUSE_ID,QUANTITY) values (220,2,184);
Insert into AMERICA.INVENTORIES (PRODUCT_ID,WAREHOUSE_ID,QUANTITY) values (221,2,185);
Insert into AMERICA.INVENTORIES (PRODUCT_ID,WAREHOUSE_ID,QUANTITY) values (222,2,185);
Insert into AMERICA.INVENTORIES (PRODUCT_ID,WAREHOUSE_ID,QUANTITY) values (223,2,185);
Insert into AMERICA.INVENTORIES (PRODUCT_ID,WAREHOUSE_ID,QUANTITY) values (227,2,189);
Insert into AMERICA.INVENTORIES (PRODUCT_ID,WAREHOUSE_ID,QUANTITY) values (228,2,189);
Insert into AMERICA.INVENTORIES (PRODUCT_ID,WAREHOUSE_ID,QUANTITY) values (229,2,212);
Insert into AMERICA.INVENTORIES (PRODUCT_ID,WAREHOUSE_ID,QUANTITY) values (230,2,213);
Insert into AMERICA.INVENTORIES (PRODUCT_ID,WAREHOUSE_ID,QUANTITY) values (231,2,213);
Insert into AMERICA.INVENTORIES (PRODUCT_ID,WAREHOUSE_ID,QUANTITY) values (232,2,213);
Insert into AMERICA.INVENTORIES (PRODUCT_ID,WAREHOUSE_ID,QUANTITY) values (233,2,213);
Insert into AMERICA.INVENTORIES (PRODUCT_ID,WAREHOUSE_ID,QUANTITY) values (234,2,213);
Insert into AMERICA.INVENTORIES (PRODUCT_ID,WAREHOUSE_ID,QUANTITY) values (235,2,214);
Insert into AMERICA.INVENTORIES (PRODUCT_ID,WAREHOUSE_ID,QUANTITY) values (236,2,214);
Insert into AMERICA.INVENTORIES (PRODUCT_ID,WAREHOUSE_ID,QUANTITY) values (237,2,214);
Insert into AMERICA.INVENTORIES (PRODUCT_ID,WAREHOUSE_ID,QUANTITY) values (238,2,214);
Insert into AMERICA.INVENTORIES (PRODUCT_ID,WAREHOUSE_ID,QUANTITY) values (239,2,214);
Insert into AMERICA.INVENTORIES (PRODUCT_ID,WAREHOUSE_ID,QUANTITY) values (245,2,209);
Insert into AMERICA.INVENTORIES (PRODUCT_ID,WAREHOUSE_ID,QUANTITY) values (254,2,225);
Insert into AMERICA.INVENTORIES (PRODUCT_ID,WAREHOUSE_ID,QUANTITY) values (255,2,225);
Insert into AMERICA.INVENTORIES (PRODUCT_ID,WAREHOUSE_ID,QUANTITY) values (256,2,225);
Insert into AMERICA.INVENTORIES (PRODUCT_ID,WAREHOUSE_ID,QUANTITY) values (257,2,226);
Insert into AMERICA.INVENTORIES (PRODUCT_ID,WAREHOUSE_ID,QUANTITY) values (258,2,226);
Insert into AMERICA.INVENTORIES (PRODUCT_ID,WAREHOUSE_ID,QUANTITY) values (259,2,226);
Insert into AMERICA.INVENTORIES (PRODUCT_ID,WAREHOUSE_ID,QUANTITY) values (260,2,226);
Insert into AMERICA.INVENTORIES (PRODUCT_ID,WAREHOUSE_ID,QUANTITY) values (261,2,226);
Insert into AMERICA.INVENTORIES (PRODUCT_ID,WAREHOUSE_ID,QUANTITY) values (262,2,227);
Insert into AMERICA.INVENTORIES (PRODUCT_ID,WAREHOUSE_ID,QUANTITY) values (263,2,227);
Insert into AMERICA.INVENTORIES (PRODUCT_ID,WAREHOUSE_ID,QUANTITY) values (264,2,227);
Insert into AMERICA.INVENTORIES (PRODUCT_ID,WAREHOUSE_ID,QUANTITY) values (265,2,227);
Insert into AMERICA.INVENTORIES (PRODUCT_ID,WAREHOUSE_ID,QUANTITY) values (269,2,210);
Insert into AMERICA.INVENTORIES (PRODUCT_ID,WAREHOUSE_ID,QUANTITY) values (270,2,210);
Insert into AMERICA.INVENTORIES (PRODUCT_ID,WAREHOUSE_ID,QUANTITY) values (271,2,215);
Insert into AMERICA.INVENTORIES (PRODUCT_ID,WAREHOUSE_ID,QUANTITY) values (272,2,216);
Insert into AMERICA.INVENTORIES (PRODUCT_ID,WAREHOUSE_ID,QUANTITY) values (273,2,264);
Insert into AMERICA.INVENTORIES (PRODUCT_ID,WAREHOUSE_ID,QUANTITY) values (274,2,232);
Insert into AMERICA.INVENTORIES (PRODUCT_ID,WAREHOUSE_ID,QUANTITY) values (276,2,219);
Insert into AMERICA.INVENTORIES (PRODUCT_ID,WAREHOUSE_ID,QUANTITY) values (277,2,219);
Insert into AMERICA.INVENTORIES (PRODUCT_ID,WAREHOUSE_ID,QUANTITY) values (278,2,220);
Insert into AMERICA.INVENTORIES (PRODUCT_ID,WAREHOUSE_ID,QUANTITY) values (279,2,244);
Insert into AMERICA.INVENTORIES (PRODUCT_ID,WAREHOUSE_ID,QUANTITY) values (280,2,244);
Insert into AMERICA.INVENTORIES (PRODUCT_ID,WAREHOUSE_ID,QUANTITY) values (281,2,239);
Insert into AMERICA.INVENTORIES (PRODUCT_ID,WAREHOUSE_ID,QUANTITY) values (283,2,226);
Insert into AMERICA.INVENTORIES (PRODUCT_ID,WAREHOUSE_ID,QUANTITY) values (284,2,353);
Insert into AMERICA.INVENTORIES (PRODUCT_ID,WAREHOUSE_ID,QUANTITY) values (285,2,267);
Insert into AMERICA.INVENTORIES (PRODUCT_ID,WAREHOUSE_ID,QUANTITY) values (286,2,267);
Insert into AMERICA.INVENTORIES (PRODUCT_ID,WAREHOUSE_ID,QUANTITY) values (2,3,100);
Insert into AMERICA.INVENTORIES (PRODUCT_ID,WAREHOUSE_ID,QUANTITY) values (3,3,88);
Insert into AMERICA.INVENTORIES (PRODUCT_ID,WAREHOUSE_ID,QUANTITY) values (4,3,88);
Insert into AMERICA.INVENTORIES (PRODUCT_ID,WAREHOUSE_ID,QUANTITY) values (5,3,89);
Insert into AMERICA.INVENTORIES (PRODUCT_ID,WAREHOUSE_ID,QUANTITY) values (6,3,89);
Insert into AMERICA.INVENTORIES (PRODUCT_ID,WAREHOUSE_ID,QUANTITY) values (11,3,90);
Insert into AMERICA.INVENTORIES (PRODUCT_ID,WAREHOUSE_ID,QUANTITY) values (12,3,90);
Insert into AMERICA.INVENTORIES (PRODUCT_ID,WAREHOUSE_ID,QUANTITY) values (46,3,112);
Insert into AMERICA.INVENTORIES (PRODUCT_ID,WAREHOUSE_ID,QUANTITY) values (47,3,66);
Insert into AMERICA.INVENTORIES (PRODUCT_ID,WAREHOUSE_ID,QUANTITY) values (80,3,101);
Insert into AMERICA.INVENTORIES (PRODUCT_ID,WAREHOUSE_ID,QUANTITY) values (87,3,107);
Insert into AMERICA.INVENTORIES (PRODUCT_ID,WAREHOUSE_ID,QUANTITY) values (88,3,118);
Insert into AMERICA.INVENTORIES (PRODUCT_ID,WAREHOUSE_ID,QUANTITY) values (89,3,118);
Insert into AMERICA.INVENTORIES (PRODUCT_ID,WAREHOUSE_ID,QUANTITY) values (90,3,118);
Insert into AMERICA.INVENTORIES (PRODUCT_ID,WAREHOUSE_ID,QUANTITY) values (91,3,94);
Insert into AMERICA.INVENTORIES (PRODUCT_ID,WAREHOUSE_ID,QUANTITY) values (98,3,69);
Insert into AMERICA.INVENTORIES (PRODUCT_ID,WAREHOUSE_ID,QUANTITY) values (102,3,73);
Insert into AMERICA.INVENTORIES (PRODUCT_ID,WAREHOUSE_ID,QUANTITY) values (103,3,126);
Insert into AMERICA.INVENTORIES (PRODUCT_ID,WAREHOUSE_ID,QUANTITY) values (105,3,126);
Insert into AMERICA.INVENTORIES (PRODUCT_ID,WAREHOUSE_ID,QUANTITY) values (108,3,127);
Insert into AMERICA.INVENTORIES (PRODUCT_ID,WAREHOUSE_ID,QUANTITY) values (110,3,127);
Insert into AMERICA.INVENTORIES (PRODUCT_ID,WAREHOUSE_ID,QUANTITY) values (114,3,131);
Insert into AMERICA.INVENTORIES (PRODUCT_ID,WAREHOUSE_ID,QUANTITY) values (123,3,135);
Insert into AMERICA.INVENTORIES (PRODUCT_ID,WAREHOUSE_ID,QUANTITY) values (132,3,136);
Insert into AMERICA.INVENTORIES (PRODUCT_ID,WAREHOUSE_ID,QUANTITY) values (133,3,136);
Insert into AMERICA.INVENTORIES (PRODUCT_ID,WAREHOUSE_ID,QUANTITY) values (142,3,142);
Insert into AMERICA.INVENTORIES (PRODUCT_ID,WAREHOUSE_ID,QUANTITY) values (159,3,87);
Insert into AMERICA.INVENTORIES (PRODUCT_ID,WAREHOUSE_ID,QUANTITY) values (160,3,93);
Insert into AMERICA.INVENTORIES (PRODUCT_ID,WAREHOUSE_ID,QUANTITY) values (161,3,108);
Insert into AMERICA.INVENTORIES (PRODUCT_ID,WAREHOUSE_ID,QUANTITY) values (163,3,107);
Insert into AMERICA.INVENTORIES (PRODUCT_ID,WAREHOUSE_ID,QUANTITY) values (174,3,146);
Insert into AMERICA.INVENTORIES (PRODUCT_ID,WAREHOUSE_ID,QUANTITY) values (175,3,146);
Insert into AMERICA.INVENTORIES (PRODUCT_ID,WAREHOUSE_ID,QUANTITY) values (182,3,245);
Insert into AMERICA.INVENTORIES (PRODUCT_ID,WAREHOUSE_ID,QUANTITY) values (184,3,246);
Insert into AMERICA.INVENTORIES (PRODUCT_ID,WAREHOUSE_ID,QUANTITY) values (185,3,246);
Insert into AMERICA.INVENTORIES (PRODUCT_ID,WAREHOUSE_ID,QUANTITY) values (207,3,181);
Insert into AMERICA.INVENTORIES (PRODUCT_ID,WAREHOUSE_ID,QUANTITY) values (216,3,185);
Insert into AMERICA.INVENTORIES (PRODUCT_ID,WAREHOUSE_ID,QUANTITY) values (220,3,272);
Insert into AMERICA.INVENTORIES (PRODUCT_ID,WAREHOUSE_ID,QUANTITY) values (221,3,273);
Insert into AMERICA.INVENTORIES (PRODUCT_ID,WAREHOUSE_ID,QUANTITY) values (222,3,273);
Insert into AMERICA.INVENTORIES (PRODUCT_ID,WAREHOUSE_ID,QUANTITY) values (223,3,273);
Insert into AMERICA.INVENTORIES (PRODUCT_ID,WAREHOUSE_ID,QUANTITY) values (241,3,181);
Insert into AMERICA.INVENTORIES (PRODUCT_ID,WAREHOUSE_ID,QUANTITY) values (242,3,181);
Insert into AMERICA.INVENTORIES (PRODUCT_ID,WAREHOUSE_ID,QUANTITY) values (243,3,181);
Insert into AMERICA.INVENTORIES (PRODUCT_ID,WAREHOUSE_ID,QUANTITY) values (245,3,197);
Insert into AMERICA.INVENTORIES (PRODUCT_ID,WAREHOUSE_ID,QUANTITY) values (269,3,304);
Insert into AMERICA.INVENTORIES (PRODUCT_ID,WAREHOUSE_ID,QUANTITY) values (270,3,304);
Insert into AMERICA.INVENTORIES (PRODUCT_ID,WAREHOUSE_ID,QUANTITY) values (281,3,227);
Insert into AMERICA.INVENTORIES (PRODUCT_ID,WAREHOUSE_ID,QUANTITY) values (3,4,63);
Insert into AMERICA.INVENTORIES (PRODUCT_ID,WAREHOUSE_ID,QUANTITY) values (4,4,63);
Insert into AMERICA.INVENTORIES (PRODUCT_ID,WAREHOUSE_ID,QUANTITY) values (5,4,63);
Insert into AMERICA.INVENTORIES (PRODUCT_ID,WAREHOUSE_ID,QUANTITY) values (6,4,64);
Insert into AMERICA.INVENTORIES (PRODUCT_ID,WAREHOUSE_ID,QUANTITY) values (7,4,64);
Insert into AMERICA.INVENTORIES (PRODUCT_ID,WAREHOUSE_ID,QUANTITY) values (8,4,67);
Insert into AMERICA.INVENTORIES (PRODUCT_ID,WAREHOUSE_ID,QUANTITY) values (9,4,67);
Insert into AMERICA.INVENTORIES (PRODUCT_ID,WAREHOUSE_ID,QUANTITY) values (11,4,68);
Insert into AMERICA.INVENTORIES (PRODUCT_ID,WAREHOUSE_ID,QUANTITY) values (12,4,68);
Insert into AMERICA.INVENTORIES (PRODUCT_ID,WAREHOUSE_ID,QUANTITY) values (13,4,68);
Insert into AMERICA.INVENTORIES (PRODUCT_ID,WAREHOUSE_ID,QUANTITY) values (14,4,68);
Insert into AMERICA.INVENTORIES (PRODUCT_ID,WAREHOUSE_ID,QUANTITY) values (15,4,69);
Insert into AMERICA.INVENTORIES (PRODUCT_ID,WAREHOUSE_ID,QUANTITY) values (17,4,70);
Insert into AMERICA.INVENTORIES (PRODUCT_ID,WAREHOUSE_ID,QUANTITY) values (18,4,71);
Insert into AMERICA.INVENTORIES (PRODUCT_ID,WAREHOUSE_ID,QUANTITY) values (19,4,71);
Insert into AMERICA.INVENTORIES (PRODUCT_ID,WAREHOUSE_ID,QUANTITY) values (20,4,71);
Insert into AMERICA.INVENTORIES (PRODUCT_ID,WAREHOUSE_ID,QUANTITY) values (21,4,72);
Insert into AMERICA.INVENTORIES (PRODUCT_ID,WAREHOUSE_ID,QUANTITY) values (27,4,73);
Insert into AMERICA.INVENTORIES (PRODUCT_ID,WAREHOUSE_ID,QUANTITY) values (29,4,74);
Insert into AMERICA.INVENTORIES (PRODUCT_ID,WAREHOUSE_ID,QUANTITY) values (30,4,74);
Insert into AMERICA.INVENTORIES (PRODUCT_ID,WAREHOUSE_ID,QUANTITY) values (54,4,88);
Insert into AMERICA.INVENTORIES (PRODUCT_ID,WAREHOUSE_ID,QUANTITY) values (62,4,74);
Insert into AMERICA.INVENTORIES (PRODUCT_ID,WAREHOUSE_ID,QUANTITY) values (63,4,74);
Insert into AMERICA.INVENTORIES (PRODUCT_ID,WAREHOUSE_ID,QUANTITY) values (67,4,76);
Insert into AMERICA.INVENTORIES (PRODUCT_ID,WAREHOUSE_ID,QUANTITY) values (68,4,76);
Insert into AMERICA.INVENTORIES (PRODUCT_ID,WAREHOUSE_ID,QUANTITY) values (69,4,76);
Insert into AMERICA.INVENTORIES (PRODUCT_ID,WAREHOUSE_ID,QUANTITY) values (70,4,76);
Insert into AMERICA.INVENTORIES (PRODUCT_ID,WAREHOUSE_ID,QUANTITY) values (71,4,76);
Insert into AMERICA.INVENTORIES (PRODUCT_ID,WAREHOUSE_ID,QUANTITY) values (72,4,77);
Insert into AMERICA.INVENTORIES (PRODUCT_ID,WAREHOUSE_ID,QUANTITY) values (73,4,87);
Insert into AMERICA.INVENTORIES (PRODUCT_ID,WAREHOUSE_ID,QUANTITY) values (74,4,87);
Insert into AMERICA.INVENTORIES (PRODUCT_ID,WAREHOUSE_ID,QUANTITY) values (76,4,88);
Insert into AMERICA.INVENTORIES (PRODUCT_ID,WAREHOUSE_ID,QUANTITY) values (78,4,89);
Insert into AMERICA.INVENTORIES (PRODUCT_ID,WAREHOUSE_ID,QUANTITY) values (79,4,89);
Insert into AMERICA.INVENTORIES (PRODUCT_ID,WAREHOUSE_ID,QUANTITY) values (80,4,89);
Insert into AMERICA.INVENTORIES (PRODUCT_ID,WAREHOUSE_ID,QUANTITY) values (87,4,95);
Insert into AMERICA.INVENTORIES (PRODUCT_ID,WAREHOUSE_ID,QUANTITY) values (88,4,86);
Insert into AMERICA.INVENTORIES (PRODUCT_ID,WAREHOUSE_ID,QUANTITY) values (89,4,86);
Insert into AMERICA.INVENTORIES (PRODUCT_ID,WAREHOUSE_ID,QUANTITY) values (90,4,86);
Insert into AMERICA.INVENTORIES (PRODUCT_ID,WAREHOUSE_ID,QUANTITY) values (101,4,95);
Insert into AMERICA.INVENTORIES (PRODUCT_ID,WAREHOUSE_ID,QUANTITY) values (103,4,97);
Insert into AMERICA.INVENTORIES (PRODUCT_ID,WAREHOUSE_ID,QUANTITY) values (105,4,97);
Insert into AMERICA.INVENTORIES (PRODUCT_ID,WAREHOUSE_ID,QUANTITY) values (106,4,97);
Insert into AMERICA.INVENTORIES (PRODUCT_ID,WAREHOUSE_ID,QUANTITY) values (107,4,97);
Insert into AMERICA.INVENTORIES (PRODUCT_ID,WAREHOUSE_ID,QUANTITY) values (108,4,98);
Insert into AMERICA.INVENTORIES (PRODUCT_ID,WAREHOUSE_ID,QUANTITY) values (109,4,98);
Insert into AMERICA.INVENTORIES (PRODUCT_ID,WAREHOUSE_ID,QUANTITY) values (110,4,98);
Insert into AMERICA.INVENTORIES (PRODUCT_ID,WAREHOUSE_ID,QUANTITY) values (114,4,99);
Insert into AMERICA.INVENTORIES (PRODUCT_ID,WAREHOUSE_ID,QUANTITY) values (115,4,100);
Insert into AMERICA.INVENTORIES (PRODUCT_ID,WAREHOUSE_ID,QUANTITY) values (116,4,100);
Insert into AMERICA.INVENTORIES (PRODUCT_ID,WAREHOUSE_ID,QUANTITY) values (117,4,101);
Insert into AMERICA.INVENTORIES (PRODUCT_ID,WAREHOUSE_ID,QUANTITY) values (119,4,102);
Insert into AMERICA.INVENTORIES (PRODUCT_ID,WAREHOUSE_ID,QUANTITY) values (120,4,102);
Insert into AMERICA.INVENTORIES (PRODUCT_ID,WAREHOUSE_ID,QUANTITY) values (121,4,102);
Insert into AMERICA.INVENTORIES (PRODUCT_ID,WAREHOUSE_ID,QUANTITY) values (122,4,102);
Insert into AMERICA.INVENTORIES (PRODUCT_ID,WAREHOUSE_ID,QUANTITY) values (123,4,103);
Insert into AMERICA.INVENTORIES (PRODUCT_ID,WAREHOUSE_ID,QUANTITY) values (124,4,103);
Insert into AMERICA.INVENTORIES (PRODUCT_ID,WAREHOUSE_ID,QUANTITY) values (125,4,103);
Insert into AMERICA.INVENTORIES (PRODUCT_ID,WAREHOUSE_ID,QUANTITY) values (126,4,103);
Insert into AMERICA.INVENTORIES (PRODUCT_ID,WAREHOUSE_ID,QUANTITY) values (128,4,103);
Insert into AMERICA.INVENTORIES (PRODUCT_ID,WAREHOUSE_ID,QUANTITY) values (129,4,104);
Insert into AMERICA.INVENTORIES (PRODUCT_ID,WAREHOUSE_ID,QUANTITY) values (132,4,104);
Insert into AMERICA.INVENTORIES (PRODUCT_ID,WAREHOUSE_ID,QUANTITY) values (133,4,104);
Insert into AMERICA.INVENTORIES (PRODUCT_ID,WAREHOUSE_ID,QUANTITY) values (136,4,105);
Insert into AMERICA.INVENTORIES (PRODUCT_ID,WAREHOUSE_ID,QUANTITY) values (138,4,107);
Insert into AMERICA.INVENTORIES (PRODUCT_ID,WAREHOUSE_ID,QUANTITY) values (142,4,110);
Insert into AMERICA.INVENTORIES (PRODUCT_ID,WAREHOUSE_ID,QUANTITY) values (161,4,96);
Insert into AMERICA.INVENTORIES (PRODUCT_ID,WAREHOUSE_ID,QUANTITY) values (166,4,114);
Insert into AMERICA.INVENTORIES (PRODUCT_ID,WAREHOUSE_ID,QUANTITY) values (174,4,134);
Insert into AMERICA.INVENTORIES (PRODUCT_ID,WAREHOUSE_ID,QUANTITY) values (175,4,134);
Insert into AMERICA.INVENTORIES (PRODUCT_ID,WAREHOUSE_ID,QUANTITY) values (182,4,210);
Insert into AMERICA.INVENTORIES (PRODUCT_ID,WAREHOUSE_ID,QUANTITY) values (184,4,211);
Insert into AMERICA.INVENTORIES (PRODUCT_ID,WAREHOUSE_ID,QUANTITY) values (185,4,211);
Insert into AMERICA.INVENTORIES (PRODUCT_ID,WAREHOUSE_ID,QUANTITY) values (188,4,219);
Insert into AMERICA.INVENTORIES (PRODUCT_ID,WAREHOUSE_ID,QUANTITY) values (189,4,219);
Insert into AMERICA.INVENTORIES (PRODUCT_ID,WAREHOUSE_ID,QUANTITY) values (190,4,223);
Insert into AMERICA.INVENTORIES (PRODUCT_ID,WAREHOUSE_ID,QUANTITY) values (191,4,223);
Insert into AMERICA.INVENTORIES (PRODUCT_ID,WAREHOUSE_ID,QUANTITY) values (193,4,223);
Insert into AMERICA.INVENTORIES (PRODUCT_ID,WAREHOUSE_ID,QUANTITY) values (195,4,224);
Insert into AMERICA.INVENTORIES (PRODUCT_ID,WAREHOUSE_ID,QUANTITY) values (196,4,225);
Insert into AMERICA.INVENTORIES (PRODUCT_ID,WAREHOUSE_ID,QUANTITY) values (198,4,225);
Insert into AMERICA.INVENTORIES (PRODUCT_ID,WAREHOUSE_ID,QUANTITY) values (199,4,226);
Insert into AMERICA.INVENTORIES (PRODUCT_ID,WAREHOUSE_ID,QUANTITY) values (200,4,226);
Insert into AMERICA.INVENTORIES (PRODUCT_ID,WAREHOUSE_ID,QUANTITY) values (201,4,227);
Insert into AMERICA.INVENTORIES (PRODUCT_ID,WAREHOUSE_ID,QUANTITY) values (203,4,227);
Insert into AMERICA.INVENTORIES (PRODUCT_ID,WAREHOUSE_ID,QUANTITY) values (204,4,227);
Insert into AMERICA.INVENTORIES (PRODUCT_ID,WAREHOUSE_ID,QUANTITY) values (205,4,228);
Insert into AMERICA.INVENTORIES (PRODUCT_ID,WAREHOUSE_ID,QUANTITY) values (207,4,169);
Insert into AMERICA.INVENTORIES (PRODUCT_ID,WAREHOUSE_ID,QUANTITY) values (210,4,170);
Insert into AMERICA.INVENTORIES (PRODUCT_ID,WAREHOUSE_ID,QUANTITY) values (211,4,171);
Insert into AMERICA.INVENTORIES (PRODUCT_ID,WAREHOUSE_ID,QUANTITY) values (212,4,171);
Insert into AMERICA.INVENTORIES (PRODUCT_ID,WAREHOUSE_ID,QUANTITY) values (214,4,172);
Insert into AMERICA.INVENTORIES (PRODUCT_ID,WAREHOUSE_ID,QUANTITY) values (216,4,173);
Insert into AMERICA.INVENTORIES (PRODUCT_ID,WAREHOUSE_ID,QUANTITY) values (218,4,174);
Insert into AMERICA.INVENTORIES (PRODUCT_ID,WAREHOUSE_ID,QUANTITY) values (220,4,234);
Insert into AMERICA.INVENTORIES (PRODUCT_ID,WAREHOUSE_ID,QUANTITY) values (221,4,235);
Insert into AMERICA.INVENTORIES (PRODUCT_ID,WAREHOUSE_ID,QUANTITY) values (222,4,235);
Insert into AMERICA.INVENTORIES (PRODUCT_ID,WAREHOUSE_ID,QUANTITY) values (223,4,236);
Insert into AMERICA.INVENTORIES (PRODUCT_ID,WAREHOUSE_ID,QUANTITY) values (245,4,185);
Insert into AMERICA.INVENTORIES (PRODUCT_ID,WAREHOUSE_ID,QUANTITY) values (269,4,266);
Insert into AMERICA.INVENTORIES (PRODUCT_ID,WAREHOUSE_ID,QUANTITY) values (270,4,266);
Insert into AMERICA.INVENTORIES (PRODUCT_ID,WAREHOUSE_ID,QUANTITY) values (271,4,271);
Insert into AMERICA.INVENTORIES (PRODUCT_ID,WAREHOUSE_ID,QUANTITY) values (272,4,272);
Insert into AMERICA.INVENTORIES (PRODUCT_ID,WAREHOUSE_ID,QUANTITY) values (274,4,208);
Insert into AMERICA.INVENTORIES (PRODUCT_ID,WAREHOUSE_ID,QUANTITY) values (276,4,275);
Insert into AMERICA.INVENTORIES (PRODUCT_ID,WAREHOUSE_ID,QUANTITY) values (277,4,275);
Insert into AMERICA.INVENTORIES (PRODUCT_ID,WAREHOUSE_ID,QUANTITY) values (278,4,276);
Insert into AMERICA.INVENTORIES (PRODUCT_ID,WAREHOUSE_ID,QUANTITY) values (281,4,215);
Insert into AMERICA.INVENTORIES (PRODUCT_ID,WAREHOUSE_ID,QUANTITY) values (283,4,282);
Insert into AMERICA.INVENTORIES (PRODUCT_ID,WAREHOUSE_ID,QUANTITY) values (2,5,71);
Insert into AMERICA.INVENTORIES (PRODUCT_ID,WAREHOUSE_ID,QUANTITY) values (3,5,46);
Insert into AMERICA.INVENTORIES (PRODUCT_ID,WAREHOUSE_ID,QUANTITY) values (4,5,46);
Insert into AMERICA.INVENTORIES (PRODUCT_ID,WAREHOUSE_ID,QUANTITY) values (5,5,47);
Insert into AMERICA.INVENTORIES (PRODUCT_ID,WAREHOUSE_ID,QUANTITY) values (6,5,47);
Insert into AMERICA.INVENTORIES (PRODUCT_ID,WAREHOUSE_ID,QUANTITY) values (11,5,48);
Insert into AMERICA.INVENTORIES (PRODUCT_ID,WAREHOUSE_ID,QUANTITY) values (12,5,48);
Insert into AMERICA.INVENTORIES (PRODUCT_ID,WAREHOUSE_ID,QUANTITY) values (22,5,73);
Insert into AMERICA.INVENTORIES (PRODUCT_ID,WAREHOUSE_ID,QUANTITY) values (23,5,74);
Insert into AMERICA.INVENTORIES (PRODUCT_ID,WAREHOUSE_ID,QUANTITY) values (24,5,74);
Insert into AMERICA.INVENTORIES (PRODUCT_ID,WAREHOUSE_ID,QUANTITY) values (25,5,74);
Insert into AMERICA.INVENTORIES (PRODUCT_ID,WAREHOUSE_ID,QUANTITY) values (26,5,74);
Insert into AMERICA.INVENTORIES (PRODUCT_ID,WAREHOUSE_ID,QUANTITY) values (33,5,77);
Insert into AMERICA.INVENTORIES (PRODUCT_ID,WAREHOUSE_ID,QUANTITY) values (35,5,77);
Insert into AMERICA.INVENTORIES (PRODUCT_ID,WAREHOUSE_ID,QUANTITY) values (36,5,78);
Insert into AMERICA.INVENTORIES (PRODUCT_ID,WAREHOUSE_ID,QUANTITY) values (37,5,78);
Insert into AMERICA.INVENTORIES (PRODUCT_ID,WAREHOUSE_ID,QUANTITY) values (38,5,78);
Insert into AMERICA.INVENTORIES (PRODUCT_ID,WAREHOUSE_ID,QUANTITY) values (39,5,78);
Insert into AMERICA.INVENTORIES (PRODUCT_ID,WAREHOUSE_ID,QUANTITY) values (40,5,78);
Insert into AMERICA.INVENTORIES (PRODUCT_ID,WAREHOUSE_ID,QUANTITY) values (41,5,79);
Insert into AMERICA.INVENTORIES (PRODUCT_ID,WAREHOUSE_ID,QUANTITY) values (42,5,81);
Insert into AMERICA.INVENTORIES (PRODUCT_ID,WAREHOUSE_ID,QUANTITY) values (43,5,81);
Insert into AMERICA.INVENTORIES (PRODUCT_ID,WAREHOUSE_ID,QUANTITY) values (44,5,82);
Insert into AMERICA.INVENTORIES (PRODUCT_ID,WAREHOUSE_ID,QUANTITY) values (46,5,90);
Insert into AMERICA.INVENTORIES (PRODUCT_ID,WAREHOUSE_ID,QUANTITY) values (47,5,44);
Insert into AMERICA.INVENTORIES (PRODUCT_ID,WAREHOUSE_ID,QUANTITY) values (50,5,69);
Insert into AMERICA.INVENTORIES (PRODUCT_ID,WAREHOUSE_ID,QUANTITY) values (80,5,77);
Insert into AMERICA.INVENTORIES (PRODUCT_ID,WAREHOUSE_ID,QUANTITY) values (87,5,83);
Insert into AMERICA.INVENTORIES (PRODUCT_ID,WAREHOUSE_ID,QUANTITY) values (88,5,62);
Insert into AMERICA.INVENTORIES (PRODUCT_ID,WAREHOUSE_ID,QUANTITY) values (89,5,63);
Insert into AMERICA.INVENTORIES (PRODUCT_ID,WAREHOUSE_ID,QUANTITY) values (90,5,63);
Insert into AMERICA.INVENTORIES (PRODUCT_ID,WAREHOUSE_ID,QUANTITY) values (91,5,70);
Insert into AMERICA.INVENTORIES (PRODUCT_ID,WAREHOUSE_ID,QUANTITY) values (94,5,85);
Insert into AMERICA.INVENTORIES (PRODUCT_ID,WAREHOUSE_ID,QUANTITY) values (98,5,86);
Insert into AMERICA.INVENTORIES (PRODUCT_ID,WAREHOUSE_ID,QUANTITY) values (99,5,88);
Insert into AMERICA.INVENTORIES (PRODUCT_ID,WAREHOUSE_ID,QUANTITY) values (100,5,88);
Insert into AMERICA.INVENTORIES (PRODUCT_ID,WAREHOUSE_ID,QUANTITY) values (102,5,90);
Insert into AMERICA.INVENTORIES (PRODUCT_ID,WAREHOUSE_ID,QUANTITY) values (103,5,73);
Insert into AMERICA.INVENTORIES (PRODUCT_ID,WAREHOUSE_ID,QUANTITY) values (104,5,84);
Insert into AMERICA.INVENTORIES (PRODUCT_ID,WAREHOUSE_ID,QUANTITY) values (105,5,74);
Insert into AMERICA.INVENTORIES (PRODUCT_ID,WAREHOUSE_ID,QUANTITY) values (108,5,74);
Insert into AMERICA.INVENTORIES (PRODUCT_ID,WAREHOUSE_ID,QUANTITY) values (110,5,75);
Insert into AMERICA.INVENTORIES (PRODUCT_ID,WAREHOUSE_ID,QUANTITY) values (114,5,76);
Insert into AMERICA.INVENTORIES (PRODUCT_ID,WAREHOUSE_ID,QUANTITY) values (123,5,79);
Insert into AMERICA.INVENTORIES (PRODUCT_ID,WAREHOUSE_ID,QUANTITY) values (130,5,42);
Insert into AMERICA.INVENTORIES (PRODUCT_ID,WAREHOUSE_ID,QUANTITY) values (131,5,42);
Insert into AMERICA.INVENTORIES (PRODUCT_ID,WAREHOUSE_ID,QUANTITY) values (132,5,81);
Insert into AMERICA.INVENTORIES (PRODUCT_ID,WAREHOUSE_ID,QUANTITY) values (133,5,81);
Insert into AMERICA.INVENTORIES (PRODUCT_ID,WAREHOUSE_ID,QUANTITY) values (134,5,42);
Insert into AMERICA.INVENTORIES (PRODUCT_ID,WAREHOUSE_ID,QUANTITY) values (135,5,43);
Insert into AMERICA.INVENTORIES (PRODUCT_ID,WAREHOUSE_ID,QUANTITY) values (139,5,47);
Insert into AMERICA.INVENTORIES (PRODUCT_ID,WAREHOUSE_ID,QUANTITY) values (140,5,47);
Insert into AMERICA.INVENTORIES (PRODUCT_ID,WAREHOUSE_ID,QUANTITY) values (142,5,87);
Insert into AMERICA.INVENTORIES (PRODUCT_ID,WAREHOUSE_ID,QUANTITY) values (144,5,49);
Insert into AMERICA.INVENTORIES (PRODUCT_ID,WAREHOUSE_ID,QUANTITY) values (145,5,49);
Insert into AMERICA.INVENTORIES (PRODUCT_ID,WAREHOUSE_ID,QUANTITY) values (146,5,50);
Insert into AMERICA.INVENTORIES (PRODUCT_ID,WAREHOUSE_ID,QUANTITY) values (147,5,50);
Insert into AMERICA.INVENTORIES (PRODUCT_ID,WAREHOUSE_ID,QUANTITY) values (148,5,50);
Insert into AMERICA.INVENTORIES (PRODUCT_ID,WAREHOUSE_ID,QUANTITY) values (149,5,50);
Insert into AMERICA.INVENTORIES (PRODUCT_ID,WAREHOUSE_ID,QUANTITY) values (150,5,54);
Insert into AMERICA.INVENTORIES (PRODUCT_ID,WAREHOUSE_ID,QUANTITY) values (151,5,54);
Insert into AMERICA.INVENTORIES (PRODUCT_ID,WAREHOUSE_ID,QUANTITY) values (152,5,54);
Insert into AMERICA.INVENTORIES (PRODUCT_ID,WAREHOUSE_ID,QUANTITY) values (159,5,63);
Insert into AMERICA.INVENTORIES (PRODUCT_ID,WAREHOUSE_ID,QUANTITY) values (160,5,69);
Insert into AMERICA.INVENTORIES (PRODUCT_ID,WAREHOUSE_ID,QUANTITY) values (161,5,84);
Insert into AMERICA.INVENTORIES (PRODUCT_ID,WAREHOUSE_ID,QUANTITY) values (163,5,83);
Insert into AMERICA.INVENTORIES (PRODUCT_ID,WAREHOUSE_ID,QUANTITY) values (168,5,92);
Insert into AMERICA.INVENTORIES (PRODUCT_ID,WAREHOUSE_ID,QUANTITY) values (174,5,122);
Insert into AMERICA.INVENTORIES (PRODUCT_ID,WAREHOUSE_ID,QUANTITY) values (175,5,122);
Insert into AMERICA.INVENTORIES (PRODUCT_ID,WAREHOUSE_ID,QUANTITY) values (182,5,184);
Insert into AMERICA.INVENTORIES (PRODUCT_ID,WAREHOUSE_ID,QUANTITY) values (184,5,184);
Insert into AMERICA.INVENTORIES (PRODUCT_ID,WAREHOUSE_ID,QUANTITY) values (185,5,185);
Insert into AMERICA.INVENTORIES (PRODUCT_ID,WAREHOUSE_ID,QUANTITY) values (207,5,157);
Insert into AMERICA.INVENTORIES (PRODUCT_ID,WAREHOUSE_ID,QUANTITY) values (216,5,161);
Insert into AMERICA.INVENTORIES (PRODUCT_ID,WAREHOUSE_ID,QUANTITY) values (220,5,208);
Insert into AMERICA.INVENTORIES (PRODUCT_ID,WAREHOUSE_ID,QUANTITY) values (221,5,209);
Insert into AMERICA.INVENTORIES (PRODUCT_ID,WAREHOUSE_ID,QUANTITY) values (222,5,209);
Insert into AMERICA.INVENTORIES (PRODUCT_ID,WAREHOUSE_ID,QUANTITY) values (223,5,209);
Insert into AMERICA.INVENTORIES (PRODUCT_ID,WAREHOUSE_ID,QUANTITY) values (229,5,163);
Insert into AMERICA.INVENTORIES (PRODUCT_ID,WAREHOUSE_ID,QUANTITY) values (230,5,163);
Insert into AMERICA.INVENTORIES (PRODUCT_ID,WAREHOUSE_ID,QUANTITY) values (231,5,163);
Insert into AMERICA.INVENTORIES (PRODUCT_ID,WAREHOUSE_ID,QUANTITY) values (232,5,163);
Insert into AMERICA.INVENTORIES (PRODUCT_ID,WAREHOUSE_ID,QUANTITY) values (233,5,164);
Insert into AMERICA.INVENTORIES (PRODUCT_ID,WAREHOUSE_ID,QUANTITY) values (234,5,164);
Insert into AMERICA.INVENTORIES (PRODUCT_ID,WAREHOUSE_ID,QUANTITY) values (235,5,164);
Insert into AMERICA.INVENTORIES (PRODUCT_ID,WAREHOUSE_ID,QUANTITY) values (236,5,164);
Insert into AMERICA.INVENTORIES (PRODUCT_ID,WAREHOUSE_ID,QUANTITY) values (237,5,164);
Insert into AMERICA.INVENTORIES (PRODUCT_ID,WAREHOUSE_ID,QUANTITY) values (238,5,165);
Insert into AMERICA.INVENTORIES (PRODUCT_ID,WAREHOUSE_ID,QUANTITY) values (239,5,165);
Insert into AMERICA.INVENTORIES (PRODUCT_ID,WAREHOUSE_ID,QUANTITY) values (241,5,157);
Insert into AMERICA.INVENTORIES (PRODUCT_ID,WAREHOUSE_ID,QUANTITY) values (242,5,157);
Insert into AMERICA.INVENTORIES (PRODUCT_ID,WAREHOUSE_ID,QUANTITY) values (243,5,157);
Insert into AMERICA.INVENTORIES (PRODUCT_ID,WAREHOUSE_ID,QUANTITY) values (245,5,173);
Insert into AMERICA.INVENTORIES (PRODUCT_ID,WAREHOUSE_ID,QUANTITY) values (254,5,175);
Insert into AMERICA.INVENTORIES (PRODUCT_ID,WAREHOUSE_ID,QUANTITY) values (255,5,175);
Insert into AMERICA.INVENTORIES (PRODUCT_ID,WAREHOUSE_ID,QUANTITY) values (256,5,175);
Insert into AMERICA.INVENTORIES (PRODUCT_ID,WAREHOUSE_ID,QUANTITY) values (257,5,176);
Insert into AMERICA.INVENTORIES (PRODUCT_ID,WAREHOUSE_ID,QUANTITY) values (258,5,176);
Insert into AMERICA.INVENTORIES (PRODUCT_ID,WAREHOUSE_ID,QUANTITY) values (259,5,176);
Insert into AMERICA.INVENTORIES (PRODUCT_ID,WAREHOUSE_ID,QUANTITY) values (260,5,176);
Insert into AMERICA.INVENTORIES (PRODUCT_ID,WAREHOUSE_ID,QUANTITY) values (261,5,176);
Insert into AMERICA.INVENTORIES (PRODUCT_ID,WAREHOUSE_ID,QUANTITY) values (262,5,177);
Insert into AMERICA.INVENTORIES (PRODUCT_ID,WAREHOUSE_ID,QUANTITY) values (263,5,177);
Insert into AMERICA.INVENTORIES (PRODUCT_ID,WAREHOUSE_ID,QUANTITY) values (264,5,177);
REM INSERTING into AMERICA.LOCATIONS
SET DEFINE OFF;
Insert into AMERICA.LOCATIONS (LOCATION_ID,ADDRESS,POSTAL_CODE,CITY,STATE,COUNTRY_ID) values (5,'2014 Jabberwocky Rd','26192','Southlake','Texas','US');
Insert into AMERICA.LOCATIONS (LOCATION_ID,ADDRESS,POSTAL_CODE,CITY,STATE,COUNTRY_ID) values (6,'2011 Interiors Blvd','99236','South San Francisco','California','US');
Insert into AMERICA.LOCATIONS (LOCATION_ID,ADDRESS,POSTAL_CODE,CITY,STATE,COUNTRY_ID) values (7,'2007 Zagora St','50090','South Brunswick','New Jersey','US');
Insert into AMERICA.LOCATIONS (LOCATION_ID,ADDRESS,POSTAL_CODE,CITY,STATE,COUNTRY_ID) values (8,'2004 Charade Rd','98199','Seattle','Washington','US');
Insert into AMERICA.LOCATIONS (LOCATION_ID,ADDRESS,POSTAL_CODE,CITY,STATE,COUNTRY_ID) values (9,'147 Spadina Ave','M5V 2L7','Toronto','Ontario','CA');
Insert into AMERICA.LOCATIONS (LOCATION_ID,ADDRESS,POSTAL_CODE,CITY,STATE,COUNTRY_ID) values (10,'6092 Boxwood St','YSW 9T2','Whitehorse','Yukon','CA');
Insert into AMERICA.LOCATIONS (LOCATION_ID,ADDRESS,POSTAL_CODE,CITY,STATE,COUNTRY_ID) values (19,'Rua Frei Caneca 1360 ','01307-002','Sao Paulo','Sao Paulo','BR');
Insert into AMERICA.LOCATIONS (LOCATION_ID,ADDRESS,POSTAL_CODE,CITY,STATE,COUNTRY_ID) values (23,'Mariano Escobedo 9991','11932','Mexico City','Distrito Federal,','MX');
REM INSERTING into AMERICA.ORDERS
SET DEFINE OFF;
REM INSERTING into AMERICA.ORDER_ITEMS
SET DEFINE OFF;
Insert into AMERICA.ORDER_ITEMS (ORDER_ID,ITEM_ID,PRODUCT_ID,QUANTITY,UNIT_PRICE) values (7,1,227,74,305);
Insert into AMERICA.ORDER_ITEMS (ORDER_ID,ITEM_ID,PRODUCT_ID,QUANTITY,UNIT_PRICE) values (7,2,230,49,136.69);
Insert into AMERICA.ORDER_ITEMS (ORDER_ID,ITEM_ID,PRODUCT_ID,QUANTITY,UNIT_PRICE) values (21,1,36,79,1299.99);
Insert into AMERICA.ORDER_ITEMS (ORDER_ID,ITEM_ID,PRODUCT_ID,QUANTITY,UNIT_PRICE) values (21,2,101,146,635.99);
Insert into AMERICA.ORDER_ITEMS (ORDER_ID,ITEM_ID,PRODUCT_ID,QUANTITY,UNIT_PRICE) values (21,3,250,120,338.99);
Insert into AMERICA.ORDER_ITEMS (ORDER_ID,ITEM_ID,PRODUCT_ID,QUANTITY,UNIT_PRICE) values (21,4,1,135,640.99);
Insert into AMERICA.ORDER_ITEMS (ORDER_ID,ITEM_ID,PRODUCT_ID,QUANTITY,UNIT_PRICE) values (23,1,202,104,713.99);
Insert into AMERICA.ORDER_ITEMS (ORDER_ID,ITEM_ID,PRODUCT_ID,QUANTITY,UNIT_PRICE) values (23,2,190,50,948.99);
Insert into AMERICA.ORDER_ITEMS (ORDER_ID,ITEM_ID,PRODUCT_ID,QUANTITY,UNIT_PRICE) values (23,3,210,80,1029.99);
Insert into AMERICA.ORDER_ITEMS (ORDER_ID,ITEM_ID,PRODUCT_ID,QUANTITY,UNIT_PRICE) values (23,4,116,74,731.99);
Insert into AMERICA.ORDER_ITEMS (ORDER_ID,ITEM_ID,PRODUCT_ID,QUANTITY,UNIT_PRICE) values (23,5,5,59,2290.79);
Insert into AMERICA.ORDER_ITEMS (ORDER_ID,ITEM_ID,PRODUCT_ID,QUANTITY,UNIT_PRICE) values (23,6,169,40,1844.89);
Insert into AMERICA.ORDER_ITEMS (ORDER_ID,ITEM_ID,PRODUCT_ID,QUANTITY,UNIT_PRICE) values (23,7,286,36,234);
Insert into AMERICA.ORDER_ITEMS (ORDER_ID,ITEM_ID,PRODUCT_ID,QUANTITY,UNIT_PRICE) values (23,8,241,126,1756);
Insert into AMERICA.ORDER_ITEMS (ORDER_ID,ITEM_ID,PRODUCT_ID,QUANTITY,UNIT_PRICE) values (23,9,14,86,704.99);
Insert into AMERICA.ORDER_ITEMS (ORDER_ID,ITEM_ID,PRODUCT_ID,QUANTITY,UNIT_PRICE) values (23,10,187,110,353.98);
Insert into AMERICA.ORDER_ITEMS (ORDER_ID,ITEM_ID,PRODUCT_ID,QUANTITY,UNIT_PRICE) values (37,1,35,150,1314.99);
Insert into AMERICA.ORDER_ITEMS (ORDER_ID,ITEM_ID,PRODUCT_ID,QUANTITY,UNIT_PRICE) values (37,2,67,129,863.05);
Insert into AMERICA.ORDER_ITEMS (ORDER_ID,ITEM_ID,PRODUCT_ID,QUANTITY,UNIT_PRICE) values (37,3,147,100,283.98);
Insert into AMERICA.ORDER_ITEMS (ORDER_ID,ITEM_ID,PRODUCT_ID,QUANTITY,UNIT_PRICE) values (48,1,165,46,1666.61);
Insert into AMERICA.ORDER_ITEMS (ORDER_ID,ITEM_ID,PRODUCT_ID,QUANTITY,UNIT_PRICE) values (48,2,158,98,2009.46);
Insert into AMERICA.ORDER_ITEMS (ORDER_ID,ITEM_ID,PRODUCT_ID,QUANTITY,UNIT_PRICE) values (55,1,102,127,2042.69);
Insert into AMERICA.ORDER_ITEMS (ORDER_ID,ITEM_ID,PRODUCT_ID,QUANTITY,UNIT_PRICE) values (55,2,32,70,469.99);
Insert into AMERICA.ORDER_ITEMS (ORDER_ID,ITEM_ID,PRODUCT_ID,QUANTITY,UNIT_PRICE) values (55,3,260,79,267.99);
Insert into AMERICA.ORDER_ITEMS (ORDER_ID,ITEM_ID,PRODUCT_ID,QUANTITY,UNIT_PRICE) values (57,1,224,75,349.99);
Insert into AMERICA.ORDER_ITEMS (ORDER_ID,ITEM_ID,PRODUCT_ID,QUANTITY,UNIT_PRICE) values (57,2,177,110,1759.99);
Insert into AMERICA.ORDER_ITEMS (ORDER_ID,ITEM_ID,PRODUCT_ID,QUANTITY,UNIT_PRICE) values (57,3,238,122,741.78);
Insert into AMERICA.ORDER_ITEMS (ORDER_ID,ITEM_ID,PRODUCT_ID,QUANTITY,UNIT_PRICE) values (57,4,164,114,1850);
Insert into AMERICA.ORDER_ITEMS (ORDER_ID,ITEM_ID,PRODUCT_ID,QUANTITY,UNIT_PRICE) values (57,5,132,77,554.99);
Insert into AMERICA.ORDER_ITEMS (ORDER_ID,ITEM_ID,PRODUCT_ID,QUANTITY,UNIT_PRICE) values (57,6,164,44,1850);
Insert into AMERICA.ORDER_ITEMS (ORDER_ID,ITEM_ID,PRODUCT_ID,QUANTITY,UNIT_PRICE) values (58,1,64,55,525.99);
Insert into AMERICA.ORDER_ITEMS (ORDER_ID,ITEM_ID,PRODUCT_ID,QUANTITY,UNIT_PRICE) values (58,2,120,32,892);
Insert into AMERICA.ORDER_ITEMS (ORDER_ID,ITEM_ID,PRODUCT_ID,QUANTITY,UNIT_PRICE) values (58,3,113,73,704.99);
Insert into AMERICA.ORDER_ITEMS (ORDER_ID,ITEM_ID,PRODUCT_ID,QUANTITY,UNIT_PRICE) values (58,4,186,70,1449.98);
Insert into AMERICA.ORDER_ITEMS (ORDER_ID,ITEM_ID,PRODUCT_ID,QUANTITY,UNIT_PRICE) values (58,5,62,143,789.79);
Insert into AMERICA.ORDER_ITEMS (ORDER_ID,ITEM_ID,PRODUCT_ID,QUANTITY,UNIT_PRICE) values (58,6,213,77,1469.96);
Insert into AMERICA.ORDER_ITEMS (ORDER_ID,ITEM_ID,PRODUCT_ID,QUANTITY,UNIT_PRICE) values (58,7,108,49,849.99);
Insert into AMERICA.ORDER_ITEMS (ORDER_ID,ITEM_ID,PRODUCT_ID,QUANTITY,UNIT_PRICE) values (58,8,157,65,388.99);
Insert into AMERICA.ORDER_ITEMS (ORDER_ID,ITEM_ID,PRODUCT_ID,QUANTITY,UNIT_PRICE) values (58,9,136,134,826.99);
Insert into AMERICA.ORDER_ITEMS (ORDER_ID,ITEM_ID,PRODUCT_ID,QUANTITY,UNIT_PRICE) values (58,10,163,31,1899.99);
Insert into AMERICA.ORDER_ITEMS (ORDER_ID,ITEM_ID,PRODUCT_ID,QUANTITY,UNIT_PRICE) values (58,11,152,51,280.98);
Insert into AMERICA.ORDER_ITEMS (ORDER_ID,ITEM_ID,PRODUCT_ID,QUANTITY,UNIT_PRICE) values (58,12,62,148,789.79);
Insert into AMERICA.ORDER_ITEMS (ORDER_ID,ITEM_ID,PRODUCT_ID,QUANTITY,UNIT_PRICE) values (62,1,188,130,482.49);
Insert into AMERICA.ORDER_ITEMS (ORDER_ID,ITEM_ID,PRODUCT_ID,QUANTITY,UNIT_PRICE) values (66,1,77,143,695.99);
Insert into AMERICA.ORDER_ITEMS (ORDER_ID,ITEM_ID,PRODUCT_ID,QUANTITY,UNIT_PRICE) values (66,2,218,40,1388.89);
Insert into AMERICA.ORDER_ITEMS (ORDER_ID,ITEM_ID,PRODUCT_ID,QUANTITY,UNIT_PRICE) values (66,3,286,35,234);
Insert into AMERICA.ORDER_ITEMS (ORDER_ID,ITEM_ID,PRODUCT_ID,QUANTITY,UNIT_PRICE) values (66,4,103,88,809.99);
Insert into AMERICA.ORDER_ITEMS (ORDER_ID,ITEM_ID,PRODUCT_ID,QUANTITY,UNIT_PRICE) values (66,5,174,66,798.26);
Insert into AMERICA.ORDER_ITEMS (ORDER_ID,ITEM_ID,PRODUCT_ID,QUANTITY,UNIT_PRICE) values (66,6,97,130,59.87);
Insert into AMERICA.ORDER_ITEMS (ORDER_ID,ITEM_ID,PRODUCT_ID,QUANTITY,UNIT_PRICE) values (66,7,49,78,1499.99);
Insert into AMERICA.ORDER_ITEMS (ORDER_ID,ITEM_ID,PRODUCT_ID,QUANTITY,UNIT_PRICE) values (66,8,75,122,624.04);
Insert into AMERICA.ORDER_ITEMS (ORDER_ID,ITEM_ID,PRODUCT_ID,QUANTITY,UNIT_PRICE) values (66,9,279,90,1318.99);
Insert into AMERICA.ORDER_ITEMS (ORDER_ID,ITEM_ID,PRODUCT_ID,QUANTITY,UNIT_PRICE) values (80,1,213,63,1469.96);
Insert into AMERICA.ORDER_ITEMS (ORDER_ID,ITEM_ID,PRODUCT_ID,QUANTITY,UNIT_PRICE) values (84,1,106,137,608.95);
Insert into AMERICA.ORDER_ITEMS (ORDER_ID,ITEM_ID,PRODUCT_ID,QUANTITY,UNIT_PRICE) values (84,2,199,137,647.99);
Insert into AMERICA.ORDER_ITEMS (ORDER_ID,ITEM_ID,PRODUCT_ID,QUANTITY,UNIT_PRICE) values (84,3,269,147,759.99);
Insert into AMERICA.ORDER_ITEMS (ORDER_ID,ITEM_ID,PRODUCT_ID,QUANTITY,UNIT_PRICE) values (84,4,95,36,109.99);
Insert into AMERICA.ORDER_ITEMS (ORDER_ID,ITEM_ID,PRODUCT_ID,QUANTITY,UNIT_PRICE) values (84,5,87,119,759.99);
Insert into AMERICA.ORDER_ITEMS (ORDER_ID,ITEM_ID,PRODUCT_ID,QUANTITY,UNIT_PRICE) values (84,6,131,34,279.99);
Insert into AMERICA.ORDER_ITEMS (ORDER_ID,ITEM_ID,PRODUCT_ID,QUANTITY,UNIT_PRICE) values (87,1,47,123,2377.09);
Insert into AMERICA.ORDER_ITEMS (ORDER_ID,ITEM_ID,PRODUCT_ID,QUANTITY,UNIT_PRICE) values (87,2,233,96,59.99);
Insert into AMERICA.ORDER_ITEMS (ORDER_ID,ITEM_ID,PRODUCT_ID,QUANTITY,UNIT_PRICE) values (87,3,130,119,117.45);
Insert into AMERICA.ORDER_ITEMS (ORDER_ID,ITEM_ID,PRODUCT_ID,QUANTITY,UNIT_PRICE) values (87,4,127,59,719.99);
Insert into AMERICA.ORDER_ITEMS (ORDER_ID,ITEM_ID,PRODUCT_ID,QUANTITY,UNIT_PRICE) values (87,5,265,74,1431.99);
Insert into AMERICA.ORDER_ITEMS (ORDER_ID,ITEM_ID,PRODUCT_ID,QUANTITY,UNIT_PRICE) values (87,6,174,84,798.26);
Insert into AMERICA.ORDER_ITEMS (ORDER_ID,ITEM_ID,PRODUCT_ID,QUANTITY,UNIT_PRICE) values (87,7,7,66,680.99);
Insert into AMERICA.ORDER_ITEMS (ORDER_ID,ITEM_ID,PRODUCT_ID,QUANTITY,UNIT_PRICE) values (87,8,257,110,84.95);
Insert into AMERICA.ORDER_ITEMS (ORDER_ID,ITEM_ID,PRODUCT_ID,QUANTITY,UNIT_PRICE) values (87,9,121,142,721.99);
Insert into AMERICA.ORDER_ITEMS (ORDER_ID,ITEM_ID,PRODUCT_ID,QUANTITY,UNIT_PRICE) values (87,10,76,96,629.99);
Insert into AMERICA.ORDER_ITEMS (ORDER_ID,ITEM_ID,PRODUCT_ID,QUANTITY,UNIT_PRICE) values (87,11,271,58,549.59);
Insert into AMERICA.ORDER_ITEMS (ORDER_ID,ITEM_ID,PRODUCT_ID,QUANTITY,UNIT_PRICE) values (89,1,247,45,339.99);
Insert into AMERICA.ORDER_ITEMS (ORDER_ID,ITEM_ID,PRODUCT_ID,QUANTITY,UNIT_PRICE) values (89,2,102,84,2042.69);
Insert into AMERICA.ORDER_ITEMS (ORDER_ID,ITEM_ID,PRODUCT_ID,QUANTITY,UNIT_PRICE) values (89,3,224,89,349.99);
Insert into AMERICA.ORDER_ITEMS (ORDER_ID,ITEM_ID,PRODUCT_ID,QUANTITY,UNIT_PRICE) values (89,4,253,126,579.99);
Insert into AMERICA.ORDER_ITEMS (ORDER_ID,ITEM_ID,PRODUCT_ID,QUANTITY,UNIT_PRICE) values (89,5,44,55,49.37);
Insert into AMERICA.ORDER_ITEMS (ORDER_ID,ITEM_ID,PRODUCT_ID,QUANTITY,UNIT_PRICE) values (89,6,122,140,722.99);
Insert into AMERICA.ORDER_ITEMS (ORDER_ID,ITEM_ID,PRODUCT_ID,QUANTITY,UNIT_PRICE) values (89,7,76,109,629.99);
Insert into AMERICA.ORDER_ITEMS (ORDER_ID,ITEM_ID,PRODUCT_ID,QUANTITY,UNIT_PRICE) values (89,8,151,127,281.97);
Insert into AMERICA.ORDER_ITEMS (ORDER_ID,ITEM_ID,PRODUCT_ID,QUANTITY,UNIT_PRICE) values (101,1,17,47,699.01);
Insert into AMERICA.ORDER_ITEMS (ORDER_ID,ITEM_ID,PRODUCT_ID,QUANTITY,UNIT_PRICE) values (101,2,113,134,704.99);
Insert into AMERICA.ORDER_ITEMS (ORDER_ID,ITEM_ID,PRODUCT_ID,QUANTITY,UNIT_PRICE) values (101,3,135,134,127.88);
Insert into AMERICA.ORDER_ITEMS (ORDER_ID,ITEM_ID,PRODUCT_ID,QUANTITY,UNIT_PRICE) values (101,4,284,52,54.99);
Insert into AMERICA.ORDER_ITEMS (ORDER_ID,ITEM_ID,PRODUCT_ID,QUANTITY,UNIT_PRICE) values (101,5,150,36,281.98);
Insert into AMERICA.ORDER_ITEMS (ORDER_ID,ITEM_ID,PRODUCT_ID,QUANTITY,UNIT_PRICE) values (101,6,20,138,719.99);
Insert into AMERICA.ORDER_ITEMS (ORDER_ID,ITEM_ID,PRODUCT_ID,QUANTITY,UNIT_PRICE) values (101,7,102,123,2042.69);
REM INSERTING into AMERICA.PRODUCTS
SET DEFINE OFF;
Insert into AMERICA.PRODUCTS (PRODUCT_ID,PRODUCT_NAME,DESCRIPTION,STANDARD_COST,LIST_PRICE,CATEGORY_ID) values (240,'Intel Core i7-4960X Extreme Edition','Speed:3.6GHz,Cores:6,TDP:130W',1496.43,1805.97,1);
Insert into AMERICA.PRODUCTS (PRODUCT_ID,PRODUCT_NAME,DESCRIPTION,STANDARD_COST,LIST_PRICE,CATEGORY_ID) values (241,'Intel Xeon E5-2699 V4 (OEM/Tray)','Speed:2.2GHz,Cores:22,TDP:145W',1535.62,1756,1);
Insert into AMERICA.PRODUCTS (PRODUCT_ID,PRODUCT_NAME,DESCRIPTION,STANDARD_COST,LIST_PRICE,CATEGORY_ID) values (242,'Intel Xeon E5-1680 V3 (OEM/Tray)','Speed:3.2GHz,Cores:8,TDP:140W',1519.85,1751.99,1);
Insert into AMERICA.PRODUCTS (PRODUCT_ID,PRODUCT_NAME,DESCRIPTION,STANDARD_COST,LIST_PRICE,CATEGORY_ID) values (243,'Intel Xeon E5-2643 V4 (OEM/Tray)','Speed:3.4GHz,Cores:6,TDP:135W',1225.59,1708.86,1);
Insert into AMERICA.PRODUCTS (PRODUCT_ID,PRODUCT_NAME,DESCRIPTION,STANDARD_COST,LIST_PRICE,CATEGORY_ID) values (19,'Intel Core i7-6950X (OEM/Tray)','Speed:3.0GHz,Cores:10,TDP:140W',1479.56,1704.37,1);
Insert into AMERICA.PRODUCTS (PRODUCT_ID,PRODUCT_NAME,DESCRIPTION,STANDARD_COST,LIST_PRICE,CATEGORY_ID) values (52,'Intel Xeon E5-2670 V3','Speed:2.3GHz,Cores:12,TDP:120W',1453.94,1676.98,1);
Insert into AMERICA.PRODUCTS (PRODUCT_ID,PRODUCT_NAME,DESCRIPTION,STANDARD_COST,LIST_PRICE,CATEGORY_ID) values (165,'Intel Xeon E5-2680','Speed:2.7GHz,Cores:8,TDP:130W',1479.95,1666.61,1);
Insert into AMERICA.PRODUCTS (PRODUCT_ID,PRODUCT_NAME,DESCRIPTION,STANDARD_COST,LIST_PRICE,CATEGORY_ID) values (212,'Intel Xeon E5-2680 V4','Speed:2.4GHz,Cores:14,TDP:120W',1365.13,1639.99,1);
Insert into AMERICA.PRODUCTS (PRODUCT_ID,PRODUCT_NAME,DESCRIPTION,STANDARD_COST,LIST_PRICE,CATEGORY_ID) values (166,'Intel Xeon E5-2680 V3 (OEM/Tray)','Speed:2.5GHz,Cores:12,TDP:120W',1166.89,1638.89,1);
Insert into AMERICA.PRODUCTS (PRODUCT_ID,PRODUCT_NAME,DESCRIPTION,STANDARD_COST,LIST_PRICE,CATEGORY_ID) values (82,'Intel Core i7-6950X','Speed:3.0GHz,Cores:10,TDP:140W',1052.92,1499.89,1);
Insert into AMERICA.PRODUCTS (PRODUCT_ID,PRODUCT_NAME,DESCRIPTION,STANDARD_COST,LIST_PRICE,CATEGORY_ID) values (213,'Intel Xeon E5-2643 V3 (OEM/Tray)','Speed:3.4GHz,Cores:6,TDP:135W',1266.37,1469.96,1);
Insert into AMERICA.PRODUCTS (PRODUCT_ID,PRODUCT_NAME,DESCRIPTION,STANDARD_COST,LIST_PRICE,CATEGORY_ID) values (218,'Intel Xeon E5-2660 V4','Speed:2.0GHz,Cores:14,TDP:105W',1194.03,1388.89,1);
Insert into AMERICA.PRODUCTS (PRODUCT_ID,PRODUCT_NAME,DESCRIPTION,STANDARD_COST,LIST_PRICE,CATEGORY_ID) values (219,'Intel Xeon E5-2660 V3','Speed:2.6GHz,Cores:10,TDP:105W',1041.99,1299.73,1);
Insert into AMERICA.PRODUCTS (PRODUCT_ID,PRODUCT_NAME,DESCRIPTION,STANDARD_COST,LIST_PRICE,CATEGORY_ID) values (85,'Intel Xeon E5-2660 V3 (OEM/Tray)','Speed:2.6GHz,Cores:10,TDP:105W',902.18,1274.99,1);
Insert into AMERICA.PRODUCTS (PRODUCT_ID,PRODUCT_NAME,DESCRIPTION,STANDARD_COST,LIST_PRICE,CATEGORY_ID) values (153,'Intel Xeon E5-2650 V2','Speed:2.6GHz,Cores:8,TDP:95W',961.11,1249,1);
Insert into AMERICA.PRODUCTS (PRODUCT_ID,PRODUCT_NAME,DESCRIPTION,STANDARD_COST,LIST_PRICE,CATEGORY_ID) values (154,'Intel Xeon E5-2650 V3','Speed:2.3GHz,Cores:10,TDP:105W',906.63,1204.98,1);
Insert into AMERICA.PRODUCTS (PRODUCT_ID,PRODUCT_NAME,DESCRIPTION,STANDARD_COST,LIST_PRICE,CATEGORY_ID) values (209,'Intel Core i7-990X Extreme Edition','Speed:3.47GHz,Cores:6,TDP:130W',1072.79,1199.99,1);
Insert into AMERICA.PRODUCTS (PRODUCT_ID,PRODUCT_NAME,DESCRIPTION,STANDARD_COST,LIST_PRICE,CATEGORY_ID) values (81,'Intel Xeon E5-2650 V4','Speed:2.2GHz,Cores:12,TDP:105W',945.11,1099.99,1);
Insert into AMERICA.PRODUCTS (PRODUCT_ID,PRODUCT_NAME,DESCRIPTION,STANDARD_COST,LIST_PRICE,CATEGORY_ID) values (211,'Intel Xeon E5-2650','Speed:2.0GHz,Cores:8,TDP:95W',869.03,1064.99,1);
Insert into AMERICA.PRODUCTS (PRODUCT_ID,PRODUCT_NAME,DESCRIPTION,STANDARD_COST,LIST_PRICE,CATEGORY_ID) values (210,'Intel Core i9-7900X','Speed:3.3GHz,Cores:10,TDP:140W',855.82,1029.99,1);
Insert into AMERICA.PRODUCTS (PRODUCT_ID,PRODUCT_NAME,DESCRIPTION,STANDARD_COST,LIST_PRICE,CATEGORY_ID) values (54,'Intel Xeon E5-1660 V3 (OEM/Tray)','Speed:3.0GHz,Cores:8,TDP:140W',914.52,1019.99,1);
Insert into AMERICA.PRODUCTS (PRODUCT_ID,PRODUCT_NAME,DESCRIPTION,STANDARD_COST,LIST_PRICE,CATEGORY_ID) values (167,'Intel Xeon E5-2650L V3 (OEM/Tray)','Speed:1.8GHz,Cores:12,TDP:65W',779.17,1010.46,1);
Insert into AMERICA.PRODUCTS (PRODUCT_ID,PRODUCT_NAME,DESCRIPTION,STANDARD_COST,LIST_PRICE,CATEGORY_ID) values (214,'Intel Core i7-5960X','Speed:3.0GHz,Cores:8,TDP:140W',865.59,1009.79,1);
Insert into AMERICA.PRODUCTS (PRODUCT_ID,PRODUCT_NAME,DESCRIPTION,STANDARD_COST,LIST_PRICE,CATEGORY_ID) values (53,'Intel Core 2 Extreme QX6800','Speed:2.93GHz,Cores:4,TDP:100W',787.72,1003.98,1);
Insert into AMERICA.PRODUCTS (PRODUCT_ID,PRODUCT_NAME,DESCRIPTION,STANDARD_COST,LIST_PRICE,CATEGORY_ID) values (59,'Intel Core i7-5960X (OEM/Tray)','Speed:3.0GHz,Cores:8,TDP:140W',879.8,977.99,1);
Insert into AMERICA.PRODUCTS (PRODUCT_ID,PRODUCT_NAME,DESCRIPTION,STANDARD_COST,LIST_PRICE,CATEGORY_ID) values (176,'Intel Xeon E5-2650 V3 (OEM/Tray)','Speed:2.3GHz,Cores:10,TDP:105W',799.98,939.49,1);
Insert into AMERICA.PRODUCTS (PRODUCT_ID,PRODUCT_NAME,DESCRIPTION,STANDARD_COST,LIST_PRICE,CATEGORY_ID) values (9,'Intel Xeon E5-2640 V4','Speed:2.4GHz,Cores:10,TDP:90W',738.71,899.99,1);
Insert into AMERICA.PRODUCTS (PRODUCT_ID,PRODUCT_NAME,DESCRIPTION,STANDARD_COST,LIST_PRICE,CATEGORY_ID) values (119,'Intel Xeon E5-2640 V3','Speed:2.6GHz,Cores:8,TDP:90W',668.24,899.99,1);
Insert into AMERICA.PRODUCTS (PRODUCT_ID,PRODUCT_NAME,DESCRIPTION,STANDARD_COST,LIST_PRICE,CATEGORY_ID) values (120,'Intel Core 2 Extreme QX9775','Speed:3.2GHz,Cores:4,TDP:150W',737.68,892,1);
Insert into AMERICA.PRODUCTS (PRODUCT_ID,PRODUCT_NAME,DESCRIPTION,STANDARD_COST,LIST_PRICE,CATEGORY_ID) values (16,'Intel Core i7-6900K','Speed:3.2GHz,Cores:8,TDP:140W',792.89,889.89,1);
Insert into AMERICA.PRODUCTS (PRODUCT_ID,PRODUCT_NAME,DESCRIPTION,STANDARD_COST,LIST_PRICE,CATEGORY_ID) values (111,'Intel Core i7-6900K (OEM/Tray)','Speed:3.2GHz,Cores:8,TDP:140W',620.28,827.37,1);
Insert into AMERICA.PRODUCTS (PRODUCT_ID,PRODUCT_NAME,DESCRIPTION,STANDARD_COST,LIST_PRICE,CATEGORY_ID) values (136,'AMD Opteron 6378','Speed:2.4GHz,Cores:16,TDP:115W',651.92,826.99,1);
Insert into AMERICA.PRODUCTS (PRODUCT_ID,PRODUCT_NAME,DESCRIPTION,STANDARD_COST,LIST_PRICE,CATEGORY_ID) values (27,'Intel Core i7-3960X Extreme Edition','Speed:3.3GHz,Cores:6,TDP:130W',573.41,800.74,1);
Insert into AMERICA.PRODUCTS (PRODUCT_ID,PRODUCT_NAME,DESCRIPTION,STANDARD_COST,LIST_PRICE,CATEGORY_ID) values (73,'Intel Core i7-4770K','Speed:3.5GHz,Cores:4,TDP:84W',714.15,799,1);
Insert into AMERICA.PRODUCTS (PRODUCT_ID,PRODUCT_NAME,DESCRIPTION,STANDARD_COST,LIST_PRICE,CATEGORY_ID) values (70,'Intel Xeon E5-2687W','Speed:3.1GHz,Cores:8,TDP:150W',581.16,710.99,1);
Insert into AMERICA.PRODUCTS (PRODUCT_ID,PRODUCT_NAME,DESCRIPTION,STANDARD_COST,LIST_PRICE,CATEGORY_ID) values (74,'Intel Xeon E5-2680 V2','Speed:2.8GHz,Cores:10,TDP:115W',567.81,701.95,1);
Insert into AMERICA.PRODUCTS (PRODUCT_ID,PRODUCT_NAME,DESCRIPTION,STANDARD_COST,LIST_PRICE,CATEGORY_ID) values (198,'Intel Core i7-980','Speed:3.33GHz,Cores:6,TDP:130W',563.7,699.99,1);
Insert into AMERICA.PRODUCTS (PRODUCT_ID,PRODUCT_NAME,DESCRIPTION,STANDARD_COST,LIST_PRICE,CATEGORY_ID) values (69,'Intel Core i7-7820X','Speed:3.6GHz,Cores:8,TDP:140W',511.1,678.75,1);
Insert into AMERICA.PRODUCTS (PRODUCT_ID,PRODUCT_NAME,DESCRIPTION,STANDARD_COST,LIST_PRICE,CATEGORY_ID) values (71,'Intel Core i7-3930K','Speed:3.2GHz,Cores:6,TDP:130W',509.32,660,1);
Insert into AMERICA.PRODUCTS (PRODUCT_ID,PRODUCT_NAME,DESCRIPTION,STANDARD_COST,LIST_PRICE,CATEGORY_ID) values (199,'Intel Xeon E5-2630 V4','Speed:2.2GHz,Cores:10,TDP:85W',528.95,647.99,1);
Insert into AMERICA.PRODUCTS (PRODUCT_ID,PRODUCT_NAME,DESCRIPTION,STANDARD_COST,LIST_PRICE,CATEGORY_ID) values (76,'Intel Xeon E5-2630 V3','Speed:2.4GHz,Cores:8,TDP:85W',499.96,629.99,1);
Insert into AMERICA.PRODUCTS (PRODUCT_ID,PRODUCT_NAME,DESCRIPTION,STANDARD_COST,LIST_PRICE,CATEGORY_ID) values (75,'Intel Core i7-4930K','Speed:3.4GHz,Cores:6,TDP:130W',527.69,624.04,1);
Insert into AMERICA.PRODUCTS (PRODUCT_ID,PRODUCT_NAME,DESCRIPTION,STANDARD_COST,LIST_PRICE,CATEGORY_ID) values (200,'Intel Core i7-4790K','Speed:4.0GHz,Cores:4,TDP:88W',461.92,620.95,1);
Insert into AMERICA.PRODUCTS (PRODUCT_ID,PRODUCT_NAME,DESCRIPTION,STANDARD_COST,LIST_PRICE,CATEGORY_ID) values (106,'Intel Xeon E5-2640 V2','Speed:2.0GHz,Cores:8,TDP:95W',545.19,608.95,1);
Insert into AMERICA.PRODUCTS (PRODUCT_ID,PRODUCT_NAME,DESCRIPTION,STANDARD_COST,LIST_PRICE,CATEGORY_ID) values (8,'Intel Xeon E5-1650 V4','Speed:3.6GHz,Cores:6,TDP:140W',535.47,601.99,1);
Insert into AMERICA.PRODUCTS (PRODUCT_ID,PRODUCT_NAME,DESCRIPTION,STANDARD_COST,LIST_PRICE,CATEGORY_ID) values (124,'Intel Xeon E5-1650 V4 (OEM/Tray)','Speed:3.6GHz,Cores:6,TDP:140W',453.14,594.99,1);
Insert into AMERICA.PRODUCTS (PRODUCT_ID,PRODUCT_NAME,DESCRIPTION,STANDARD_COST,LIST_PRICE,CATEGORY_ID) values (72,'Intel Xeon E5-2630 V3 (OEM/Tray)','Speed:2.4GHz,Cores:8,TDP:85W',421.9,589.99,1);
Insert into AMERICA.PRODUCTS (PRODUCT_ID,PRODUCT_NAME,DESCRIPTION,STANDARD_COST,LIST_PRICE,CATEGORY_ID) values (155,'Intel Xeon E5-2630 V2','Speed:2.6GHz,Cores:6,TDP:80W',493.48,588.95,1);
Insert into AMERICA.PRODUCTS (PRODUCT_ID,PRODUCT_NAME,DESCRIPTION,STANDARD_COST,LIST_PRICE,CATEGORY_ID) values (80,'Intel Xeon E5-1650 V3','Speed:3.5GHz,Cores:6,TDP:140W',399.77,564.89,1);
Insert into AMERICA.PRODUCTS (PRODUCT_ID,PRODUCT_NAME,DESCRIPTION,STANDARD_COST,LIST_PRICE,CATEGORY_ID) values (132,'Intel Core i7-5930K','Speed:3.5GHz,Cores:6,TDP:140W',481.56,554.99,1);
Insert into AMERICA.PRODUCTS (PRODUCT_ID,PRODUCT_NAME,DESCRIPTION,STANDARD_COST,LIST_PRICE,CATEGORY_ID) values (133,'PNY VCQP6000-PB','Chipset:Quadro P6000,Memory:24GBCore Clock:1.42GHz',4058.99,5499.99,2);
Insert into AMERICA.PRODUCTS (PRODUCT_ID,PRODUCT_NAME,DESCRIPTION,STANDARD_COST,LIST_PRICE,CATEGORY_ID) values (206,'PNY VCQM6000-24GB-PB','Chipset:Quadro M6000,Memory:24GBCore Clock:988MHz',3619.14,4139,2);
Insert into AMERICA.PRODUCTS (PRODUCT_ID,PRODUCT_NAME,DESCRIPTION,STANDARD_COST,LIST_PRICE,CATEGORY_ID) values (207,'PNY VCQM6000-PB','Chipset:Quadro M6000,Memory:12GBCore Clock:988MHz',2505.04,3254.99,2);
Insert into AMERICA.PRODUCTS (PRODUCT_ID,PRODUCT_NAME,DESCRIPTION,STANDARD_COST,LIST_PRICE,CATEGORY_ID) values (110,'ATI FirePro W9000','Chipset:FirePro W9000,Memory:6GBCore Clock:975MHz',2785.55,3192.97,2);
Insert into AMERICA.PRODUCTS (PRODUCT_ID,PRODUCT_NAME,DESCRIPTION,STANDARD_COST,LIST_PRICE,CATEGORY_ID) values (123,'ATI FirePro S9150','Chipset:FirePro S9150,Memory:16GBCore Clock:900MHz',2628.06,3177.44,2);
Insert into AMERICA.PRODUCTS (PRODUCT_ID,PRODUCT_NAME,DESCRIPTION,STANDARD_COST,LIST_PRICE,CATEGORY_ID) values (142,'AMD FirePro W9100','Chipset:FirePro W9100,Memory:16GBCore Clock:930MHz',2483.38,2998.89,2);
Insert into AMERICA.PRODUCTS (PRODUCT_ID,PRODUCT_NAME,DESCRIPTION,STANDARD_COST,LIST_PRICE,CATEGORY_ID) values (105,'EVGA 12G-P4-3992-KR','Chipset:GeForce GTX Titan Z,Memory:12GBCore Clock:732MHz',2313.07,2799.99,2);
Insert into AMERICA.PRODUCTS (PRODUCT_ID,PRODUCT_NAME,DESCRIPTION,STANDARD_COST,LIST_PRICE,CATEGORY_ID) values (4,'AMD 100-505989','Chipset:FirePro W9100,Memory:32GBCore Clock:930MHz',2128.67,2699.99,2);
Insert into AMERICA.PRODUCTS (PRODUCT_ID,PRODUCT_NAME,DESCRIPTION,STANDARD_COST,LIST_PRICE,CATEGORY_ID) values (5,'PNY VCQK6000-PB','Chipset:Quadro K6000,Memory:12GBCore Clock:902MHz',1740.31,2290.79,2);
Insert into AMERICA.PRODUCTS (PRODUCT_ID,PRODUCT_NAME,DESCRIPTION,STANDARD_COST,LIST_PRICE,CATEGORY_ID) values (11,'PNY VCQP5000-PB','Chipset:Quadro P5000,Memory:16GBCore Clock:1.61GHz',1602.21,2015.11,2);
Insert into AMERICA.PRODUCTS (PRODUCT_ID,PRODUCT_NAME,DESCRIPTION,STANDARD_COST,LIST_PRICE,CATEGORY_ID) values (178,'HP C2J95AT','Chipset:Quadro K5000,Memory:4GBCore Clock:706MHz',1715.91,1999.89,2);
Insert into AMERICA.PRODUCTS (PRODUCT_ID,PRODUCT_NAME,DESCRIPTION,STANDARD_COST,LIST_PRICE,CATEGORY_ID) values (267,'EVGA 12G-P4-1999-KR','Chipset:GeForce GTX Titan X,Memory:12GBCore Clock:1.15GHz',1328.03,1799.99,2);
Insert into AMERICA.PRODUCTS (PRODUCT_ID,PRODUCT_NAME,DESCRIPTION,STANDARD_COST,LIST_PRICE,CATEGORY_ID) values (177,'PNY VCQM5000-PB','Chipset:Quadro M5000,Memory:8GBCore Clock:861MHz',1268.42,1759.99,2);
Insert into AMERICA.PRODUCTS (PRODUCT_ID,PRODUCT_NAME,DESCRIPTION,STANDARD_COST,LIST_PRICE,CATEGORY_ID) values (245,'ATI FirePro S9050','Chipset:FirePro S9050,Memory:12GBCore Clock:900MHz',1237.04,1699,2);
Insert into AMERICA.PRODUCTS (PRODUCT_ID,PRODUCT_NAME,DESCRIPTION,STANDARD_COST,LIST_PRICE,CATEGORY_ID) values (161,'AMD 100-5056062','Chipset:Vega Frontier Edition Liquid,Memory:16GBCore Clock:1.5GHz',1343.84,1499.99,2);
Insert into AMERICA.PRODUCTS (PRODUCT_ID,PRODUCT_NAME,DESCRIPTION,STANDARD_COST,LIST_PRICE,CATEGORY_ID) values (186,'PNY VCQK5200-PB','Chipset:Quadro K5200,Memory:8GBCore Clock:667MHz',1129.39,1449.98,2);
Insert into AMERICA.PRODUCTS (PRODUCT_ID,PRODUCT_NAME,DESCRIPTION,STANDARD_COST,LIST_PRICE,CATEGORY_ID) values (48,'AMD FirePro S7000','Chipset:FirePro S7000,Memory:4GBCore Clock:950MHz',936.42,1218.5,2);
Insert into AMERICA.PRODUCTS (PRODUCT_ID,PRODUCT_NAME,DESCRIPTION,STANDARD_COST,LIST_PRICE,CATEGORY_ID) values (184,'AMD 100-506061','Chipset:Vega Frontier Edition,Memory:16GBCore Clock:1.44GHz',706.99,999.99,2);
Insert into AMERICA.PRODUCTS (PRODUCT_ID,PRODUCT_NAME,DESCRIPTION,STANDARD_COST,LIST_PRICE,CATEGORY_ID) values (181,'ATI FirePro R5000','Chipset:FirePro R5000,Memory:2GBCore Clock:825MHz',760.59,999.99,2);
Insert into AMERICA.PRODUCTS (PRODUCT_ID,PRODUCT_NAME,DESCRIPTION,STANDARD_COST,LIST_PRICE,CATEGORY_ID) values (182,'PNY VCQK4200-PB','Chipset:Quadro K4200,Memory:4GBCore Clock:771MHz',799.05,949.89,2);
Insert into AMERICA.PRODUCTS (PRODUCT_ID,PRODUCT_NAME,DESCRIPTION,STANDARD_COST,LIST_PRICE,CATEGORY_ID) values (183,'Asus GTX780TI-3GD5','Chipset:GeForce GTX 780 Ti,Memory:3GBCore Clock:876MHz',781.91,899.99,2);
Insert into AMERICA.PRODUCTS (PRODUCT_ID,PRODUCT_NAME,DESCRIPTION,STANDARD_COST,LIST_PRICE,CATEGORY_ID) values (185,'MSI GTX 1080 TI LIGHTNING Z','Chipset:GeForce GTX 1080 Ti,Memory:11GBCore Clock:1.61GHz',688.35,873.98,2);
Insert into AMERICA.PRODUCTS (PRODUCT_ID,PRODUCT_NAME,DESCRIPTION,STANDARD_COST,LIST_PRICE,CATEGORY_ID) values (281,'Asus ROG-POSEIDON-GTX1080TI-P11G-GAMING','Chipset:GeForce GTX 1080 Ti,Memory:11GBCore Clock:1.62GHz',696.14,864.98,2);
Insert into AMERICA.PRODUCTS (PRODUCT_ID,PRODUCT_NAME,DESCRIPTION,STANDARD_COST,LIST_PRICE,CATEGORY_ID) values (216,'MSI GTX 1080 TI LIGHTNING X','Chipset:GeForce GTX 1080 Ti,Memory:11GBCore Clock:1.57GHz',742.94,863.98,2);
Insert into AMERICA.PRODUCTS (PRODUCT_ID,PRODUCT_NAME,DESCRIPTION,STANDARD_COST,LIST_PRICE,CATEGORY_ID) values (6,'Zotac ZT-P10810A-10P','Chipset:GeForce GTX 1080 Ti,Memory:11GBCore Clock:1.48GHz',702.35,849.99,2);
Insert into AMERICA.PRODUCTS (PRODUCT_ID,PRODUCT_NAME,DESCRIPTION,STANDARD_COST,LIST_PRICE,CATEGORY_ID) values (108,'MSI GAMING','Chipset:GeForce GTX 780 Ti,Memory:3GBCore Clock:1.02GHz',753.18,849.99,2);
Insert into AMERICA.PRODUCTS (PRODUCT_ID,PRODUCT_NAME,DESCRIPTION,STANDARD_COST,LIST_PRICE,CATEGORY_ID) values (83,'Asus STRIX-GTX1080TI-O11G-GAMING','Chipset:GeForce GTX 1080 Ti,Memory:11GBCore Clock:1.57GHz',691.13,829.99,2);
Insert into AMERICA.PRODUCTS (PRODUCT_ID,PRODUCT_NAME,DESCRIPTION,STANDARD_COST,LIST_PRICE,CATEGORY_ID) values (215,'PNY VCQP4000-PB','Chipset:Quadro P4000,Memory:8GBCore Clock:1.23GHz',724,829.89,2);
Insert into AMERICA.PRODUCTS (PRODUCT_ID,PRODUCT_NAME,DESCRIPTION,STANDARD_COST,LIST_PRICE,CATEGORY_ID) values (12,'Gigabyte GV-N108TAORUSX W-11GD','Chipset:GeForce GTX 1080 Ti,Memory:11GBCore Clock:1.63GHz',596.05,824.98,2);
Insert into AMERICA.PRODUCTS (PRODUCT_ID,PRODUCT_NAME,DESCRIPTION,STANDARD_COST,LIST_PRICE,CATEGORY_ID) values (114,'Zotac ZT-70203-10P','Chipset:GeForce GTX 780,Memory:3GBCore Clock:1.01GHz',580.42,820.61,2);
Insert into AMERICA.PRODUCTS (PRODUCT_ID,PRODUCT_NAME,DESCRIPTION,STANDARD_COST,LIST_PRICE,CATEGORY_ID) values (103,'EVGA 11G-P4-6598-KR','Chipset:GeForce GTX 1080 Ti,Memory:11GBCore Clock:1.56GHz',663.54,809.99,2);
Insert into AMERICA.PRODUCTS (PRODUCT_ID,PRODUCT_NAME,DESCRIPTION,STANDARD_COST,LIST_PRICE,CATEGORY_ID) values (86,'MSI GTX 1080 TI SEA HAWK X','Chipset:GeForce GTX 1080 Ti,Memory:11GBCore Clock:1.57GHz',691.32,804.98,2);
Insert into AMERICA.PRODUCTS (PRODUCT_ID,PRODUCT_NAME,DESCRIPTION,STANDARD_COST,LIST_PRICE,CATEGORY_ID) values (3,'Corsair CB-9060011-WW','Chipset:GeForce GTX 1080 Ti,Memory:11GBCore Clock:1.57GHz',573.51,799.99,2);
Insert into AMERICA.PRODUCTS (PRODUCT_ID,PRODUCT_NAME,DESCRIPTION,STANDARD_COST,LIST_PRICE,CATEGORY_ID) values (174,'MSI GTX 1080 TI AERO 11G OC','Chipset:GeForce GTX 1080 Ti,Memory:11GBCore Clock:1.51GHz',715.72,798.26,2);
Insert into AMERICA.PRODUCTS (PRODUCT_ID,PRODUCT_NAME,DESCRIPTION,STANDARD_COST,LIST_PRICE,CATEGORY_ID) values (175,'NVIDIA VCQM4000-PB','Chipset:Quadro M4000,Memory:8GBCore Clock:N/A',682.09,790,2);
Insert into AMERICA.PRODUCTS (PRODUCT_ID,PRODUCT_NAME,DESCRIPTION,STANDARD_COST,LIST_PRICE,CATEGORY_ID) values (58,'Gigabyte GV-N108TAORUS X-11GD','Chipset:GeForce GTX 1080 Ti,Memory:11GBCore Clock:1.61GHz',688.35,784.98,2);
Insert into AMERICA.PRODUCTS (PRODUCT_ID,PRODUCT_NAME,DESCRIPTION,STANDARD_COST,LIST_PRICE,CATEGORY_ID) values (270,'Gigabyte GV-N1070WF2OC-8GD','Chipset:GeForce GTX 1070,Memory:8GBCore Clock:1.56GHz',551.62,769.99,2);
Insert into AMERICA.PRODUCTS (PRODUCT_ID,PRODUCT_NAME,DESCRIPTION,STANDARD_COST,LIST_PRICE,CATEGORY_ID) values (223,'MSI GeForce GTX 1080 TI ARMOR 11G OC','Chipset:GeForce GTX 1080 Ti,Memory:11GBCore Clock:1.48GHz',644.19,764.98,2);
Insert into AMERICA.PRODUCTS (PRODUCT_ID,PRODUCT_NAME,DESCRIPTION,STANDARD_COST,LIST_PRICE,CATEGORY_ID) values (90,'EVGA 11G-P4-6696-KR','Chipset:GeForce GTX 1080 Ti,Memory:11GBCore Clock:1.56GHz',594.46,759.99,2);
Insert into AMERICA.PRODUCTS (PRODUCT_ID,PRODUCT_NAME,DESCRIPTION,STANDARD_COST,LIST_PRICE,CATEGORY_ID) values (220,'MSI GeForce GTX 1080 Ti GAMING X 11G','Chipset:GeForce GTX 1080 Ti,Memory:11GBCore Clock:1.57GHz',666.59,759.99,2);
Insert into AMERICA.PRODUCTS (PRODUCT_ID,PRODUCT_NAME,DESCRIPTION,STANDARD_COST,LIST_PRICE,CATEGORY_ID) values (221,'Zotac ZT-P10810C-10P','Chipset:GeForce GTX 1080 Ti,Memory:11GBCore Clock:1.65GHz',535.03,759.99,2);
Insert into AMERICA.PRODUCTS (PRODUCT_ID,PRODUCT_NAME,DESCRIPTION,STANDARD_COST,LIST_PRICE,CATEGORY_ID) values (269,'Zotac ZT-P10810D-10P','Chipset:GeForce GTX 1080 Ti,Memory:11GBCore Clock:1.57GHz',580.1,759.99,2);
Insert into AMERICA.PRODUCTS (PRODUCT_ID,PRODUCT_NAME,DESCRIPTION,STANDARD_COST,LIST_PRICE,CATEGORY_ID) values (87,'PNY VCGGTX1080T11XGPB-OC','Chipset:GeForce GTX 1080 Ti,Memory:11GBCore Clock:1.53GHz',600.92,759.99,2);
Insert into AMERICA.PRODUCTS (PRODUCT_ID,PRODUCT_NAME,DESCRIPTION,STANDARD_COST,LIST_PRICE,CATEGORY_ID) values (222,'Zotac ZT-P10810G-10P','Chipset:GeForce GTX 1080 Ti,Memory:11GBCore Clock:1.51GHz',598.25,754.98,2);
Insert into AMERICA.PRODUCTS (PRODUCT_ID,PRODUCT_NAME,DESCRIPTION,STANDARD_COST,LIST_PRICE,CATEGORY_ID) values (88,'Gigabyte GV-N98TWF3OC-6GD','Chipset:GeForce GTX 980 Ti,Memory:6GBCore Clock:1.06GHz',633.29,749.99,2);
Insert into AMERICA.PRODUCTS (PRODUCT_ID,PRODUCT_NAME,DESCRIPTION,STANDARD_COST,LIST_PRICE,CATEGORY_ID) values (89,'PNY VCGGTX780T3XPB-OC','Chipset:GeForce GTX 780 Ti,Memory:3GBCore Clock:980MHz',592.12,749.99,2);
Insert into AMERICA.PRODUCTS (PRODUCT_ID,PRODUCT_NAME,DESCRIPTION,STANDARD_COST,LIST_PRICE,CATEGORY_ID) values (236,'MSI GTX 980 Ti Gaming 6G','Chipset:GeForce GTX 980 Ti,Memory:6GBCore Clock:1.18GHz',539.98,745.32,2);
Insert into AMERICA.PRODUCTS (PRODUCT_ID,PRODUCT_NAME,DESCRIPTION,STANDARD_COST,LIST_PRICE,CATEGORY_ID) values (237,'Gigabyte GV-N108TAORUS-11GD','Chipset:GeForce GTX 1080 Ti,Memory:11GBCore Clock:1.59GHz',605.3,744.98,2);
Insert into AMERICA.PRODUCTS (PRODUCT_ID,PRODUCT_NAME,DESCRIPTION,STANDARD_COST,LIST_PRICE,CATEGORY_ID) values (238,'EVGA 06G-P4-4998-KR','Chipset:GeForce GTX 980 Ti,Memory:6GBCore Clock:1.19GHz',521.03,741.78,2);
Insert into AMERICA.PRODUCTS (PRODUCT_ID,PRODUCT_NAME,DESCRIPTION,STANDARD_COST,LIST_PRICE,CATEGORY_ID) values (239,'MSI GTX 1080 Ti DUKE 11G OC','Chipset:GeForce GTX 1080 Ti,Memory:11GBCore Clock:1.53GHz',555.07,739.99,2);
Insert into AMERICA.PRODUCTS (PRODUCT_ID,PRODUCT_NAME,DESCRIPTION,STANDARD_COST,LIST_PRICE,CATEGORY_ID) values (244,'Crucial','Speed:DDR4-2133,Type:288-pin DIMM,CAS:15Module:4x16GBSize:64GB',1139.23,1620.99,5);
Insert into AMERICA.PRODUCTS (PRODUCT_ID,PRODUCT_NAME,DESCRIPTION,STANDARD_COST,LIST_PRICE,CATEGORY_ID) values (261,'G.Skill TridentZ RGB','Speed:DDR4-3200,Type:288-pin DIMM,CAS:14Module:8x16GBSize:128GB',1330.26,1504.99,5);
Insert into AMERICA.PRODUCTS (PRODUCT_ID,PRODUCT_NAME,DESCRIPTION,STANDARD_COST,LIST_PRICE,CATEGORY_ID) values (262,'Corsair Dominator Platinum','Speed:DDR4-3200,Type:288-pin DIMM,CAS:16Module:8x16GBSize:128GB',1051.97,1449.99,5);
Insert into AMERICA.PRODUCTS (PRODUCT_ID,PRODUCT_NAME,DESCRIPTION,STANDARD_COST,LIST_PRICE,CATEGORY_ID) values (265,'G.Skill Trident Z','Speed:DDR4-3200,Type:288-pin DIMM,CAS:14Module:8x16GBSize:128GB',1163.49,1431.99,5);
Insert into AMERICA.PRODUCTS (PRODUCT_ID,PRODUCT_NAME,DESCRIPTION,STANDARD_COST,LIST_PRICE,CATEGORY_ID) values (266,'G.Skill Trident Z RGB','Speed:DDR4-3333,Type:288-pin DIMM,CAS:16Module:8x16GBSize:128GB',1174.36,1418.99,5);
Insert into AMERICA.PRODUCTS (PRODUCT_ID,PRODUCT_NAME,DESCRIPTION,STANDARD_COST,LIST_PRICE,CATEGORY_ID) values (279,'G.Skill Ripjaws V Series','Speed:DDR4-3000,Type:288-pin DIMM,CAS:14Module:8x16GBSize:128GB',1139.87,1318.99,5);
Insert into AMERICA.PRODUCTS (PRODUCT_ID,PRODUCT_NAME,DESCRIPTION,STANDARD_COST,LIST_PRICE,CATEGORY_ID) values (35,'Corsair Dominator Platinum','Speed:DDR4-2800,Type:288-pin DIMM,CAS:15Module:8x16GBSize:128GB',1131.68,1314.99,5);
Insert into AMERICA.PRODUCTS (PRODUCT_ID,PRODUCT_NAME,DESCRIPTION,STANDARD_COST,LIST_PRICE,CATEGORY_ID) values (36,'Corsair Vengeance LPX','Speed:DDR4-3000,Type:288-pin DIMM,CAS:15Module:8x16GBSize:128GB',912.98,1299.99,5);
Insert into AMERICA.PRODUCTS (PRODUCT_ID,PRODUCT_NAME,DESCRIPTION,STANDARD_COST,LIST_PRICE,CATEGORY_ID) values (37,'Corsair Dominator Platinum','Speed:DDR4-2666,Type:288-pin DIMM,CAS:15Module:8x16GBSize:128GB',1068.66,1264.99,5);
Insert into AMERICA.PRODUCTS (PRODUCT_ID,PRODUCT_NAME,DESCRIPTION,STANDARD_COST,LIST_PRICE,CATEGORY_ID) values (38,'Corsair Vengeance LPX','Speed:DDR4-2400,Type:288-pin DIMM,CAS:15Module:8x16GBSize:128GB',1019.51,1199.99,5);
Insert into AMERICA.PRODUCTS (PRODUCT_ID,PRODUCT_NAME,DESCRIPTION,STANDARD_COST,LIST_PRICE,CATEGORY_ID) values (65,'Corsair Dominator Platinum','Speed:DDR4-2400,Type:288-pin DIMM,CAS:15Module:8x16GBSize:128GB',1002.47,1199.99,5);
Insert into AMERICA.PRODUCTS (PRODUCT_ID,PRODUCT_NAME,DESCRIPTION,STANDARD_COST,LIST_PRICE,CATEGORY_ID) values (276,'Corsair Vengeance LPX','Speed:DDR4-2666,Type:288-pin DIMM,CAS:15Module:8x16GBSize:128GB',867.52,1163.99,5);
Insert into AMERICA.PRODUCTS (PRODUCT_ID,PRODUCT_NAME,DESCRIPTION,STANDARD_COST,LIST_PRICE,CATEGORY_ID) values (196,'Corsair Vengeance LPX','Speed:DDR4-2133,Type:288-pin DIMM,CAS:15Module:8x16GBSize:128GB',821.91,1099.99,5);
Insert into AMERICA.PRODUCTS (PRODUCT_ID,PRODUCT_NAME,DESCRIPTION,STANDARD_COST,LIST_PRICE,CATEGORY_ID) values (272,'G.Skill Ripjaws 4 Series','Speed:DDR4-2800,Type:288-pin DIMM,CAS:15Module:8x16GBSize:128GB',834.06,1073.99,5);
Insert into AMERICA.PRODUCTS (PRODUCT_ID,PRODUCT_NAME,DESCRIPTION,STANDARD_COST,LIST_PRICE,CATEGORY_ID) values (195,'G.Skill Ripjaws 4 Series','Speed:DDR4-2400,Type:288-pin DIMM,CAS:14Module:8x16GBSize:128GB',836.03,1055.99,5);
Insert into AMERICA.PRODUCTS (PRODUCT_ID,PRODUCT_NAME,DESCRIPTION,STANDARD_COST,LIST_PRICE,CATEGORY_ID) values (67,'Kingston HyperX Beast','Speed:DDR3-1866,Type:240-pin DIMM,CAS:10Module:8x8GBSize:64GB',708.91,863.05,5);
Insert into AMERICA.PRODUCTS (PRODUCT_ID,PRODUCT_NAME,DESCRIPTION,STANDARD_COST,LIST_PRICE,CATEGORY_ID) values (10,'Crucial','Speed:DDR4-2133,Type:288-pin DIMM,CAS:15Module:2x16GBSize:32GB',580.33,811.99,5);
Insert into AMERICA.PRODUCTS (PRODUCT_ID,PRODUCT_NAME,DESCRIPTION,STANDARD_COST,LIST_PRICE,CATEGORY_ID) values (112,'Corsair Vengeance Pro','Speed:DDR3-2133,Type:240-pin DIMM,CAS:11Module:8x8GBSize:64GB',596.25,808.92,5);
Insert into AMERICA.PRODUCTS (PRODUCT_ID,PRODUCT_NAME,DESCRIPTION,STANDARD_COST,LIST_PRICE,CATEGORY_ID) values (282,'Corsair Dominator Platinum','Speed:DDR4-3200,Type:288-pin DIMM,CAS:15Module:8x8GBSize:64GB',700.5,804.99,5);
Insert into AMERICA.PRODUCTS (PRODUCT_ID,PRODUCT_NAME,DESCRIPTION,STANDARD_COST,LIST_PRICE,CATEGORY_ID) values (197,'G.Skill Trident Z RGB','Speed:DDR4-3600,Type:288-pin DIMM,CAS:17Module:4x16GBSize:64GB',622.47,799.99,5);
Insert into AMERICA.PRODUCTS (PRODUCT_ID,PRODUCT_NAME,DESCRIPTION,STANDARD_COST,LIST_PRICE,CATEGORY_ID) values (18,'Crucial','Speed:DDR4-2400,Type:288-pin DIMM,CAS:17Module:1x64GBSize:64GB',604.04,799,5);
Insert into AMERICA.PRODUCTS (PRODUCT_ID,PRODUCT_NAME,DESCRIPTION,STANDARD_COST,LIST_PRICE,CATEGORY_ID) values (125,'G.Skill Trident Z','Speed:DDR4-3600,Type:288-pin DIMM,CAS:17Module:4x16GBSize:64GB',594.04,768.99,5);
Insert into AMERICA.PRODUCTS (PRODUCT_ID,PRODUCT_NAME,DESCRIPTION,STANDARD_COST,LIST_PRICE,CATEGORY_ID) values (68,'Crucial','Speed:DDR4-2133,Type:288-pin DIMM,CAS:15Module:4x16GBSize:64GB',590.13,766.11,5);
Insert into AMERICA.PRODUCTS (PRODUCT_ID,PRODUCT_NAME,DESCRIPTION,STANDARD_COST,LIST_PRICE,CATEGORY_ID) values (283,'G.Skill Trident Z','Speed:DDR4-3200,Type:288-pin DIMM,CAS:14Module:8x8GBSize:64GB',647.83,760.99,5);
Insert into AMERICA.PRODUCTS (PRODUCT_ID,PRODUCT_NAME,DESCRIPTION,STANDARD_COST,LIST_PRICE,CATEGORY_ID) values (277,'G.Skill Trident Z','Speed:DDR4-3200,Type:288-pin DIMM,CAS:14Module:8x8GBSize:64GB',556.8,758.99,5);
Insert into AMERICA.PRODUCTS (PRODUCT_ID,PRODUCT_NAME,DESCRIPTION,STANDARD_COST,LIST_PRICE,CATEGORY_ID) values (21,'Corsair Dominator Platinum','Speed:DDR4-3466,Type:288-pin DIMM,CAS:16Module:4x16GBSize:64GB',609.89,749.99,5);
Insert into AMERICA.PRODUCTS (PRODUCT_ID,PRODUCT_NAME,DESCRIPTION,STANDARD_COST,LIST_PRICE,CATEGORY_ID) values (128,'Kingston','Speed:DDR4-2133,Type:288-pin DIMM,CAS:15Module:4x16GBSize:64GB',650.48,741.63,5);
Insert into AMERICA.PRODUCTS (PRODUCT_ID,PRODUCT_NAME,DESCRIPTION,STANDARD_COST,LIST_PRICE,CATEGORY_ID) values (129,'Corsair Vengeance LPX','Speed:DDR4-3333,Type:288-pin DIMM,CAS:15Module:4x16GBSize:64GB',609.53,734.99,5);
Insert into AMERICA.PRODUCTS (PRODUCT_ID,PRODUCT_NAME,DESCRIPTION,STANDARD_COST,LIST_PRICE,CATEGORY_ID) values (116,'G.Skill Trident Z','Speed:DDR4-3400,Type:288-pin DIMM,CAS:16Module:4x16GBSize:64GB',565.39,731.99,5);
Insert into AMERICA.PRODUCTS (PRODUCT_ID,PRODUCT_NAME,DESCRIPTION,STANDARD_COST,LIST_PRICE,CATEGORY_ID) values (15,'G.Skill Trident Z','Speed:DDR4-3466,Type:288-pin DIMM,CAS:16Module:4x16GBSize:64GB',601.56,725.99,5);
Insert into AMERICA.PRODUCTS (PRODUCT_ID,PRODUCT_NAME,DESCRIPTION,STANDARD_COST,LIST_PRICE,CATEGORY_ID) values (122,'G.Skill Trident Z','Speed:DDR4-3333,Type:288-pin DIMM,CAS:16Module:4x16GBSize:64GB',532.27,722.99,5);
Insert into AMERICA.PRODUCTS (PRODUCT_ID,PRODUCT_NAME,DESCRIPTION,STANDARD_COST,LIST_PRICE,CATEGORY_ID) values (121,'G.Skill Ripjaws V Series','Speed:DDR4-3200,Type:288-pin DIMM,CAS:14Module:8x8GBSize:64GB',603.22,721.99,5);
Insert into AMERICA.PRODUCTS (PRODUCT_ID,PRODUCT_NAME,DESCRIPTION,STANDARD_COST,LIST_PRICE,CATEGORY_ID) values (20,'Corsair Dominator Platinum','Speed:DDR4-3200,Type:288-pin DIMM,CAS:15Module:4x16GBSize:64GB',616.53,719.99,5);
Insert into AMERICA.PRODUCTS (PRODUCT_ID,PRODUCT_NAME,DESCRIPTION,STANDARD_COST,LIST_PRICE,CATEGORY_ID) values (127,'Corsair Dominator Platinum','Speed:DDR4-3333,Type:288-pin DIMM,CAS:15Module:4x16GBSize:64GB',538.55,719.99,5);
Insert into AMERICA.PRODUCTS (PRODUCT_ID,PRODUCT_NAME,DESCRIPTION,STANDARD_COST,LIST_PRICE,CATEGORY_ID) values (109,'G.Skill Trident Z','Speed:DDR4-3200,Type:288-pin DIMM,CAS:14Module:4x16GBSize:64GB',585.26,713.99,5);
Insert into AMERICA.PRODUCTS (PRODUCT_ID,PRODUCT_NAME,DESCRIPTION,STANDARD_COST,LIST_PRICE,CATEGORY_ID) values (202,'G.Skill Trident Z','Speed:DDR4-3200,Type:288-pin DIMM,CAS:14Module:4x16GBSize:64GB',533.21,713.99,5);
Insert into AMERICA.PRODUCTS (PRODUCT_ID,PRODUCT_NAME,DESCRIPTION,STANDARD_COST,LIST_PRICE,CATEGORY_ID) values (113,'G.Skill Trident Z','Speed:DDR4-3200,Type:288-pin DIMM,CAS:15Module:4x16GBSize:64GB',580.21,704.99,5);
Insert into AMERICA.PRODUCTS (PRODUCT_ID,PRODUCT_NAME,DESCRIPTION,STANDARD_COST,LIST_PRICE,CATEGORY_ID) values (13,'G.Skill Ripjaws V Series','Speed:DDR4-3333,Type:288-pin DIMM,CAS:16Module:4x16GBSize:64GB',618.63,704.99,5);
Insert into AMERICA.PRODUCTS (PRODUCT_ID,PRODUCT_NAME,DESCRIPTION,STANDARD_COST,LIST_PRICE,CATEGORY_ID) values (14,'G.Skill Ripjaws V Series','Speed:DDR4-3333,Type:288-pin DIMM,CAS:16Module:4x16GBSize:64GB',633.65,704.99,5);
Insert into AMERICA.PRODUCTS (PRODUCT_ID,PRODUCT_NAME,DESCRIPTION,STANDARD_COST,LIST_PRICE,CATEGORY_ID) values (115,'Corsair Vengeance LPX','Speed:DDR4-3200,Type:288-pin DIMM,CAS:15Module:8x8GBSize:64GB',565.73,699.99,5);
Insert into AMERICA.PRODUCTS (PRODUCT_ID,PRODUCT_NAME,DESCRIPTION,STANDARD_COST,LIST_PRICE,CATEGORY_ID) values (118,'Corsair Dominator Platinum','Speed:DDR4-2800,Type:288-pin DIMM,CAS:15Module:8x8GBSize:64GB',578.46,699.89,5);
Insert into AMERICA.PRODUCTS (PRODUCT_ID,PRODUCT_NAME,DESCRIPTION,STANDARD_COST,LIST_PRICE,CATEGORY_ID) values (17,'Corsair Vengeance LPX','Speed:DDR4-3333,Type:288-pin DIMM,CAS:15Module:4x16GBSize:64GB',595.42,699.01,5);
Insert into AMERICA.PRODUCTS (PRODUCT_ID,PRODUCT_NAME,DESCRIPTION,STANDARD_COST,LIST_PRICE,CATEGORY_ID) values (117,'G.Skill Ripjaws V Series','Speed:DDR4-3200,Type:288-pin DIMM,CAS:14Module:4x16GBSize:64GB',617.62,695.99,5);
Insert into AMERICA.PRODUCTS (PRODUCT_ID,PRODUCT_NAME,DESCRIPTION,STANDARD_COST,LIST_PRICE,CATEGORY_ID) values (77,'G.Skill Ripjaws V Series','Speed:DDR4-3200,Type:288-pin DIMM,CAS:14Module:4x16GBSize:64GB',577.25,695.99,5);
Insert into AMERICA.PRODUCTS (PRODUCT_ID,PRODUCT_NAME,DESCRIPTION,STANDARD_COST,LIST_PRICE,CATEGORY_ID) values (78,'G.Skill Ripjaws V Series','Speed:DDR4-3200,Type:288-pin DIMM,CAS:15Module:4x16GBSize:64GB',517.78,686.99,5);
Insert into AMERICA.PRODUCTS (PRODUCT_ID,PRODUCT_NAME,DESCRIPTION,STANDARD_COST,LIST_PRICE,CATEGORY_ID) values (204,'G.Skill Ripjaws V Series','Speed:DDR4-3200,Type:288-pin DIMM,CAS:15Module:4x16GBSize:64GB',546.64,686.99,5);
Insert into AMERICA.PRODUCTS (PRODUCT_ID,PRODUCT_NAME,DESCRIPTION,STANDARD_COST,LIST_PRICE,CATEGORY_ID) values (7,'G.Skill Ripjaws V Series','Speed:DDR4-3200,Type:288-pin DIMM,CAS:15Module:8x8GBSize:64GB',602.4,680.99,5);
Insert into AMERICA.PRODUCTS (PRODUCT_ID,PRODUCT_NAME,DESCRIPTION,STANDARD_COST,LIST_PRICE,CATEGORY_ID) values (278,'G.Skill Ripjaws V Series','Speed:DDR4-3000,Type:288-pin DIMM,CAS:14Module:8x8GBSize:64GB',546.05,677.99,5);
Insert into AMERICA.PRODUCTS (PRODUCT_ID,PRODUCT_NAME,DESCRIPTION,STANDARD_COST,LIST_PRICE,CATEGORY_ID) values (203,'Kingston','Speed:DDR3-1333,Type:240-pin DIMM,CAS:9Module:4x16GBSize:64GB',556.84,671.38,5);
Insert into AMERICA.PRODUCTS (PRODUCT_ID,PRODUCT_NAME,DESCRIPTION,STANDARD_COST,LIST_PRICE,CATEGORY_ID) values (79,'Corsair Dominator Platinum','Speed:DDR4-2666,Type:288-pin DIMM,CAS:15Module:8x8GBSize:64GB',537.63,659.99,5);
Insert into AMERICA.PRODUCTS (PRODUCT_ID,PRODUCT_NAME,DESCRIPTION,STANDARD_COST,LIST_PRICE,CATEGORY_ID) values (201,'Kingston','Speed:DDR3-1600,Type:240-pin DIMM,CAS:11Module:4x8GBSize:32GB',566.98,653.5,5);
Insert into AMERICA.PRODUCTS (PRODUCT_ID,PRODUCT_NAME,DESCRIPTION,STANDARD_COST,LIST_PRICE,CATEGORY_ID) values (205,'G.Skill Trident X','Speed:DDR3-3100,Type:240-pin DIMM,CAS:12Module:2x4GBSize:8GB',507.32,649.99,5);
Insert into AMERICA.PRODUCTS (PRODUCT_ID,PRODUCT_NAME,DESCRIPTION,STANDARD_COST,LIST_PRICE,CATEGORY_ID) values (29,'Corsair Vengeance LPX','Speed:DDR4-3200,Type:288-pin DIMM,CAS:15Module:4x16GBSize:64GB',571.7,645.99,5);
Insert into AMERICA.PRODUCTS (PRODUCT_ID,PRODUCT_NAME,DESCRIPTION,STANDARD_COST,LIST_PRICE,CATEGORY_ID) values (138,'G.Skill Ripjaws V Series','Speed:DDR4-3000,Type:288-pin DIMM,CAS:14Module:4x16GBSize:64GB',499.09,645.99,5);
Insert into AMERICA.PRODUCTS (PRODUCT_ID,PRODUCT_NAME,DESCRIPTION,STANDARD_COST,LIST_PRICE,CATEGORY_ID) values (30,'G.Skill Ripjaws V Series','Speed:DDR4-2800,Type:288-pin DIMM,CAS:14Module:4x16GBSize:64GB',452.54,645.2,5);
Insert into AMERICA.PRODUCTS (PRODUCT_ID,PRODUCT_NAME,DESCRIPTION,STANDARD_COST,LIST_PRICE,CATEGORY_ID) values (107,'Kingston','Speed:DDR3-1600,Type:240-pin DIMM,CAS:11Module:4x16GBSize:64GB',474.18,644,5);
Insert into AMERICA.PRODUCTS (PRODUCT_ID,PRODUCT_NAME,DESCRIPTION,STANDARD_COST,LIST_PRICE,CATEGORY_ID) values (126,'G.Skill Ripjaws V Series','Speed:DDR4-3200,Type:288-pin DIMM,CAS:16Module:8x8GBSize:64GB',510.93,640.99,5);
Insert into AMERICA.PRODUCTS (PRODUCT_ID,PRODUCT_NAME,DESCRIPTION,STANDARD_COST,LIST_PRICE,CATEGORY_ID) values (1,'G.Skill Ripjaws V Series','Speed:DDR4-3000,Type:288-pin DIMM,CAS:15Module:8x8GBSize:64GB',450.36,640.99,5);
Insert into AMERICA.PRODUCTS (PRODUCT_ID,PRODUCT_NAME,DESCRIPTION,STANDARD_COST,LIST_PRICE,CATEGORY_ID) values (101,'Kingston HyperX Predator','Speed:DDR4-3000,Type:288-pin DIMM,CAS:15Module:4x16GBSize:64GB',471.78,635.99,5);
Insert into AMERICA.PRODUCTS (PRODUCT_ID,PRODUCT_NAME,DESCRIPTION,STANDARD_COST,LIST_PRICE,CATEGORY_ID) values (190,'Supermicro X10SDV-8C-TLN4F','CPU:Xeon D-1541,Form Factor:Mini ITX,RAM Slots:4,Max RAM:64GB',664.29,948.99,4);
Insert into AMERICA.PRODUCTS (PRODUCT_ID,PRODUCT_NAME,DESCRIPTION,STANDARD_COST,LIST_PRICE,CATEGORY_ID) values (62,'Intel DP35DPM','CPU:LGA775,Form Factor:ATX,RAM Slots:4,Max RAM:8GB',626.22,789.79,4);
Insert into AMERICA.PRODUCTS (PRODUCT_ID,PRODUCT_NAME,DESCRIPTION,STANDARD_COST,LIST_PRICE,CATEGORY_ID) values (189,'Asus X99-E-10G WS','CPU:LGA2011-3,Form Factor:SSI CEB,RAM Slots:8,Max RAM:128GB',582.02,649,4);
Insert into AMERICA.PRODUCTS (PRODUCT_ID,PRODUCT_NAME,DESCRIPTION,STANDARD_COST,LIST_PRICE,CATEGORY_ID) values (191,'Asus ROG MAXIMUS IX EXTREME','CPU:LGA1151,Form Factor:EATX,RAM Slots:4,Max RAM:64GB',480.89,573.99,4);
Insert into AMERICA.PRODUCTS (PRODUCT_ID,PRODUCT_NAME,DESCRIPTION,STANDARD_COST,LIST_PRICE,CATEGORY_ID) values (63,'Asus RAMPAGE V EXTREME','CPU:LGA2011-3,Form Factor:EATX,RAM Slots:8,Max RAM:64GB',459,572.96,4);
Insert into AMERICA.PRODUCTS (PRODUCT_ID,PRODUCT_NAME,DESCRIPTION,STANDARD_COST,LIST_PRICE,CATEGORY_ID) values (193,'Asus Z10PE-D8 WS','CPU:LGA2011-3 x 2,Form Factor:SSI EEB,RAM Slots:8,Max RAM:512GB',504.14,561.59,4);
Insert into AMERICA.PRODUCTS (PRODUCT_ID,PRODUCT_NAME,DESCRIPTION,STANDARD_COST,LIST_PRICE,CATEGORY_ID) values (271,'MSI X99A GODLIKE GAMING CARBON','CPU:LGA2011-3,Form Factor:EATX,RAM Slots:8,Max RAM:128GB',415,549.59,4);
Insert into AMERICA.PRODUCTS (PRODUCT_ID,PRODUCT_NAME,DESCRIPTION,STANDARD_COST,LIST_PRICE,CATEGORY_ID) values (64,'Supermicro H8DG6-F','CPU:G34 x 2,Form Factor:EATX,RAM Slots:16,Max RAM:512GB',416.64,525.99,4);
Insert into AMERICA.PRODUCTS (PRODUCT_ID,PRODUCT_NAME,DESCRIPTION,STANDARD_COST,LIST_PRICE,CATEGORY_ID) values (192,'Asus Rampage V Edition 10','CPU:LGA2011-3,Form Factor:EATX,RAM Slots:8,Max RAM:128GB',452.5,519.99,4);
Insert into AMERICA.PRODUCTS (PRODUCT_ID,PRODUCT_NAME,DESCRIPTION,STANDARD_COST,LIST_PRICE,CATEGORY_ID) values (225,'Gigabyte GA-Z270X-Gaming 9','CPU:LGA1151,Form Factor:EATX,RAM Slots:4,Max RAM:64GB',380.05,503.98,4);
Insert into AMERICA.PRODUCTS (PRODUCT_ID,PRODUCT_NAME,DESCRIPTION,STANDARD_COST,LIST_PRICE,CATEGORY_ID) values (252,'Gigabyte X299 AORUS Gaming 9','CPU:LGA2066,Form Factor:ATX,RAM Slots:8,Max RAM:128GB',395.24,499.99,4);
Insert into AMERICA.PRODUCTS (PRODUCT_ID,PRODUCT_NAME,DESCRIPTION,STANDARD_COST,LIST_PRICE,CATEGORY_ID) values (274,'ASRock E3C224D4M-16RE','CPU:LGA1150,Form Factor:ATX,RAM Slots:4,Max RAM:32GB',364.79,499.99,4);
Insert into AMERICA.PRODUCTS (PRODUCT_ID,PRODUCT_NAME,DESCRIPTION,STANDARD_COST,LIST_PRICE,CATEGORY_ID) values (61,'Asus PRIME X299-DELUXE','CPU:LGA2066,Form Factor:ATX,RAM Slots:8,Max RAM:128GB',409.92,487.3,4);
Insert into AMERICA.PRODUCTS (PRODUCT_ID,PRODUCT_NAME,DESCRIPTION,STANDARD_COST,LIST_PRICE,CATEGORY_ID) values (188,'Asus X99-E WS/USB 3.1','CPU:LGA2011-3,Form Factor:SSI CEB,RAM Slots:8,Max RAM:128GB',428.89,482.49,4);
Insert into AMERICA.PRODUCTS (PRODUCT_ID,PRODUCT_NAME,DESCRIPTION,STANDARD_COST,LIST_PRICE,CATEGORY_ID) values (28,'Supermicro X9SRH-7TF','CPU:LGA2011,Form Factor:ATX,RAM Slots:8,Max RAM:64GB',411.64,479.99,4);
Insert into AMERICA.PRODUCTS (PRODUCT_ID,PRODUCT_NAME,DESCRIPTION,STANDARD_COST,LIST_PRICE,CATEGORY_ID) values (137,'Asus Z10PE-D16 WS','CPU:LGA2011-3 x 2,Form Factor:SSI EEB,RAM Slots:16,Max RAM:1TB',332.52,469.99,4);
Insert into AMERICA.PRODUCTS (PRODUCT_ID,PRODUCT_NAME,DESCRIPTION,STANDARD_COST,LIST_PRICE,CATEGORY_ID) values (32,'ASRock X99 Extreme11','CPU:LGA2011-3,Form Factor:EATX,RAM Slots:8,Max RAM:128GB',380.55,469.99,4);
Insert into AMERICA.PRODUCTS (PRODUCT_ID,PRODUCT_NAME,DESCRIPTION,STANDARD_COST,LIST_PRICE,CATEGORY_ID) values (31,'Supermicro MBD-X10DAX','CPU:LGA2011-3 x 2,Form Factor:EATX,RAM Slots:16,Max RAM:',385.24,443.72,4);
Insert into AMERICA.PRODUCTS (PRODUCT_ID,PRODUCT_NAME,DESCRIPTION,STANDARD_COST,LIST_PRICE,CATEGORY_ID) values (84,'Asus X99-DELUXE/U3.1','CPU:LGA2011-3,Form Factor:ATX,RAM Slots:8,Max RAM:64GB',332.38,440.3,4);
Insert into AMERICA.PRODUCTS (PRODUCT_ID,PRODUCT_NAME,DESCRIPTION,STANDARD_COST,LIST_PRICE,CATEGORY_ID) values (141,'Supermicro X11SSL-CF','CPU:LGA1151,Form Factor:Micro ATX,RAM Slots:4,Max RAM:64GB',317.81,419.99,4);
Insert into AMERICA.PRODUCTS (PRODUCT_ID,PRODUCT_NAME,DESCRIPTION,STANDARD_COST,LIST_PRICE,CATEGORY_ID) values (34,'Asus KGPE-D16','CPU:G34 x 2,Form Factor:SSI EEB,RAM Slots:16,Max RAM:256GB',360.72,417.98,4);
Insert into AMERICA.PRODUCTS (PRODUCT_ID,PRODUCT_NAME,DESCRIPTION,STANDARD_COST,LIST_PRICE,CATEGORY_ID) values (143,'Asus Z10PE-D16','CPU:LGA2011-3 Narrow x 2,Form Factor:SSI EEB,RAM Slots:16,Max RAM:1TB',293.3,402.99,4);
Insert into AMERICA.PRODUCTS (PRODUCT_ID,PRODUCT_NAME,DESCRIPTION,STANDARD_COST,LIST_PRICE,CATEGORY_ID) values (217,'ASRock C2750D4I','CPU:Atom C2750,Form Factor:Mini ITX,RAM Slots:4,Max RAM:64GB',339.55,401.98,4);
Insert into AMERICA.PRODUCTS (PRODUCT_ID,PRODUCT_NAME,DESCRIPTION,STANDARD_COST,LIST_PRICE,CATEGORY_ID) values (66,'Gigabyte X299 AORUS Gaming 7','CPU:LGA2066,Form Factor:ATX,RAM Slots:8,Max RAM:128GB',283.91,399.99,4);
Insert into AMERICA.PRODUCTS (PRODUCT_ID,PRODUCT_NAME,DESCRIPTION,STANDARD_COST,LIST_PRICE,CATEGORY_ID) values (275,'MSI X99A GODLIKE GAMING','CPU:LGA2011-3,Form Factor:EATX,RAM Slots:8,Max RAM:128GB',302.95,399.99,4);
Insert into AMERICA.PRODUCTS (PRODUCT_ID,PRODUCT_NAME,DESCRIPTION,STANDARD_COST,LIST_PRICE,CATEGORY_ID) values (194,'MSI X299 GAMING M7 ACK','CPU:LGA2066,Form Factor:ATX,RAM Slots:8,Max RAM:128GB',278.71,397.42,4);
Insert into AMERICA.PRODUCTS (PRODUCT_ID,PRODUCT_NAME,DESCRIPTION,STANDARD_COST,LIST_PRICE,CATEGORY_ID) values (156,'Supermicro MBD-X10DRI-O','CPU:LGA2011-3 Narrow x 2,Form Factor:EATX,RAM Slots:16,Max RAM:1TB',291.34,394.99,4);
Insert into AMERICA.PRODUCTS (PRODUCT_ID,PRODUCT_NAME,DESCRIPTION,STANDARD_COST,LIST_PRICE,CATEGORY_ID) values (157,'Asus MAXIMUS IX FORMULA','CPU:LGA1151,Form Factor:ATX,RAM Slots:4,Max RAM:64GB',339.12,388.99,4);
Insert into AMERICA.PRODUCTS (PRODUCT_ID,PRODUCT_NAME,DESCRIPTION,STANDARD_COST,LIST_PRICE,CATEGORY_ID) values (170,'Asus X99-DELUXE II','CPU:LGA2011-3,Form Factor:ATX,RAM Slots:8,Max RAM:128GB',289.33,383.98,4);
Insert into AMERICA.PRODUCTS (PRODUCT_ID,PRODUCT_NAME,DESCRIPTION,STANDARD_COST,LIST_PRICE,CATEGORY_ID) values (171,'ASRock Fatal1ty X299 Professional Gaming i9','CPU:LGA2066,Form Factor:ATX,RAM Slots:8,Max RAM:128GB',287.5,382.98,4);
Insert into AMERICA.PRODUCTS (PRODUCT_ID,PRODUCT_NAME,DESCRIPTION,STANDARD_COST,LIST_PRICE,CATEGORY_ID) values (172,'ASRock EP2C612 WS','CPU:LGA2011-3 x 2,Form Factor:SSI EEB,RAM Slots:8,Max RAM:',308.84,358.49,4);
Insert into AMERICA.PRODUCTS (PRODUCT_ID,PRODUCT_NAME,DESCRIPTION,STANDARD_COST,LIST_PRICE,CATEGORY_ID) values (173,'ASRock Z270 SuperCarrier','CPU:LGA1151,Form Factor:ATX,RAM Slots:4,Max RAM:64GB',264.35,353.98,4);
Insert into AMERICA.PRODUCTS (PRODUCT_ID,PRODUCT_NAME,DESCRIPTION,STANDARD_COST,LIST_PRICE,CATEGORY_ID) values (187,'Asus MAXIMUS VIII EXTREME/ASSEMBLY','CPU:LGA1151,Form Factor:EATX,RAM Slots:4,Max RAM:64GB',253.41,353.98,4);
Insert into AMERICA.PRODUCTS (PRODUCT_ID,PRODUCT_NAME,DESCRIPTION,STANDARD_COST,LIST_PRICE,CATEGORY_ID) values (224,'Asus STRIX X299-E GAMING','CPU:LGA2066,Form Factor:ATX,RAM Slots:8,Max RAM:128GB',306,349.99,4);
Insert into AMERICA.PRODUCTS (PRODUCT_ID,PRODUCT_NAME,DESCRIPTION,STANDARD_COST,LIST_PRICE,CATEGORY_ID) values (246,'Gigabyte X299 AORUS Ultra Gaming','CPU:LGA2066,Form Factor:ATX,RAM Slots:8,Max RAM:128GB',287.78,343.99,4);
Insert into AMERICA.PRODUCTS (PRODUCT_ID,PRODUCT_NAME,DESCRIPTION,STANDARD_COST,LIST_PRICE,CATEGORY_ID) values (247,'Asus TUF X299 MARK 1','CPU:LGA2066,Form Factor:ATX,RAM Slots:8,Max RAM:128GB',241.15,339.99,4);
Insert into AMERICA.PRODUCTS (PRODUCT_ID,PRODUCT_NAME,DESCRIPTION,STANDARD_COST,LIST_PRICE,CATEGORY_ID) values (250,'Asus Z170-WS','CPU:LGA1151,Form Factor:ATX,RAM Slots:4,Max RAM:64GB',279.4,338.99,4);
Insert into AMERICA.PRODUCTS (PRODUCT_ID,PRODUCT_NAME,DESCRIPTION,STANDARD_COST,LIST_PRICE,CATEGORY_ID) values (251,'MSI X299 GAMING PRO CARBON AC','CPU:LGA2066,Form Factor:ATX,RAM Slots:8,Max RAM:128GB',238.8,337.81,4);
Insert into AMERICA.PRODUCTS (PRODUCT_ID,PRODUCT_NAME,DESCRIPTION,STANDARD_COST,LIST_PRICE,CATEGORY_ID) values (287,'MSI X99A XPOWER GAMING TITANIUM','CPU:LGA2011-3,Form Factor:EATX,RAM Slots:8,Max RAM:128GB',257.23,329.99,4);
Insert into AMERICA.PRODUCTS (PRODUCT_ID,PRODUCT_NAME,DESCRIPTION,STANDARD_COST,LIST_PRICE,CATEGORY_ID) values (288,'Asus ROG STRIX X99 GAMING','CPU:LGA2011-3,Form Factor:ATX,RAM Slots:8,Max RAM:128GB',255.86,319.99,4);
Insert into AMERICA.PRODUCTS (PRODUCT_ID,PRODUCT_NAME,DESCRIPTION,STANDARD_COST,LIST_PRICE,CATEGORY_ID) values (179,'Asus SABERTOOTH X99','CPU:LGA2011-3,Form Factor:ATX,RAM Slots:8,Max RAM:64GB',252.57,312.67,4);
Insert into AMERICA.PRODUCTS (PRODUCT_ID,PRODUCT_NAME,DESCRIPTION,STANDARD_COST,LIST_PRICE,CATEGORY_ID) values (226,'Asus PRIME X299-A','CPU:LGA2066,Form Factor:ATX,RAM Slots:8,Max RAM:128GB',274.56,309.85,4);
Insert into AMERICA.PRODUCTS (PRODUCT_ID,PRODUCT_NAME,DESCRIPTION,STANDARD_COST,LIST_PRICE,CATEGORY_ID) values (227,'Gigabyte GA-X99-UD5 WIFI','CPU:LGA2011-3,Form Factor:EATX,RAM Slots:8,Max RAM:64GB',217.83,305,4);
Insert into AMERICA.PRODUCTS (PRODUCT_ID,PRODUCT_NAME,DESCRIPTION,STANDARD_COST,LIST_PRICE,CATEGORY_ID) values (39,'ASRock EP2C602-4L/D16','CPU:LGA2011 x 2,Form Factor:SSI EEB,RAM Slots:16,Max RAM:512GB',225.47,301.99,4);
Insert into AMERICA.PRODUCTS (PRODUCT_ID,PRODUCT_NAME,DESCRIPTION,STANDARD_COST,LIST_PRICE,CATEGORY_ID) values (40,'MSI Z170A KRAIT GAMING 3X','CPU:LGA1151,Form Factor:ATX,RAM Slots:4,Max RAM:64GB',245.4,299.89,4);
Insert into AMERICA.PRODUCTS (PRODUCT_ID,PRODUCT_NAME,DESCRIPTION,STANDARD_COST,LIST_PRICE,CATEGORY_ID) values (41,'MSI Z170 Krait Gaming','CPU:LGA1151,Form Factor:ATX,RAM Slots:4,Max RAM:64GB',231.58,299.89,4);
Insert into AMERICA.PRODUCTS (PRODUCT_ID,PRODUCT_NAME,DESCRIPTION,STANDARD_COST,LIST_PRICE,CATEGORY_ID) values (42,'MSI Z170A KRAIT GAMING','CPU:LGA1151,Form Factor:ATX,RAM Slots:4,Max RAM:64GB',262.4,299.89,4);
Insert into AMERICA.PRODUCTS (PRODUCT_ID,PRODUCT_NAME,DESCRIPTION,STANDARD_COST,LIST_PRICE,CATEGORY_ID) values (43,'Asus MAXIMUS IX CODE','CPU:LGA1151,Form Factor:ATX,RAM Slots:4,Max RAM:64GB',266.15,298.98,4);
Insert into AMERICA.PRODUCTS (PRODUCT_ID,PRODUCT_NAME,DESCRIPTION,STANDARD_COST,LIST_PRICE,CATEGORY_ID) values (134,'Asus Sabertooth 990FX','CPU:AM3+,Form Factor:ATX,RAM Slots:4,Max RAM:32GB',252.31,295.72,4);
Insert into AMERICA.PRODUCTS (PRODUCT_ID,PRODUCT_NAME,DESCRIPTION,STANDARD_COST,LIST_PRICE,CATEGORY_ID) values (140,'MSI X99A WORKSTATION','CPU:LGA2011-3,Form Factor:ATX,RAM Slots:8,Max RAM:128GB',239.95,289.97,4);
Insert into AMERICA.PRODUCTS (PRODUCT_ID,PRODUCT_NAME,DESCRIPTION,STANDARD_COST,LIST_PRICE,CATEGORY_ID) values (144,'Intel DG43RK','CPU:LGA775,Form Factor:Micro ATX,RAM Slots:4,Max RAM:8GB',219.69,289.79,4);
Insert into AMERICA.PRODUCTS (PRODUCT_ID,PRODUCT_NAME,DESCRIPTION,STANDARD_COST,LIST_PRICE,CATEGORY_ID) values (145,'Asus VANGUARD B85','CPU:LGA1150,Form Factor:Micro ATX,RAM Slots:4,Max RAM:32GB',258.1,287,4);
Insert into AMERICA.PRODUCTS (PRODUCT_ID,PRODUCT_NAME,DESCRIPTION,STANDARD_COST,LIST_PRICE,CATEGORY_ID) values (146,'EVGA Z270 Classified K','CPU:LGA1151,Form Factor:EATX,RAM Slots:4,Max RAM:64GB',234.26,283.98,4);
Insert into AMERICA.PRODUCTS (PRODUCT_ID,PRODUCT_NAME,DESCRIPTION,STANDARD_COST,LIST_PRICE,CATEGORY_ID) values (147,'EVGA Classified','CPU:LGA2011-3,Form Factor:EATX,RAM Slots:8,Max RAM:128GB',240.62,283.98,4);
Insert into AMERICA.PRODUCTS (PRODUCT_ID,PRODUCT_NAME,DESCRIPTION,STANDARD_COST,LIST_PRICE,CATEGORY_ID) values (148,'MSI Z270 XPOWER GAMING TITANIUM','CPU:LGA1151,Form Factor:ATX,RAM Slots:4,Max RAM:64GB',212.69,282.98,4);
Insert into AMERICA.PRODUCTS (PRODUCT_ID,PRODUCT_NAME,DESCRIPTION,STANDARD_COST,LIST_PRICE,CATEGORY_ID) values (149,'ASRock X299 Taichi','CPU:LGA2066,Form Factor:ATX,RAM Slots:8,Max RAM:128GB',214.36,282.98,4);
Insert into AMERICA.PRODUCTS (PRODUCT_ID,PRODUCT_NAME,DESCRIPTION,STANDARD_COST,LIST_PRICE,CATEGORY_ID) values (150,'MSI X299 TOMAHAWK ARCTIC','CPU:LGA2066,Form Factor:ATX,RAM Slots:8,Max RAM:128GB',223.92,281.98,4);
Insert into AMERICA.PRODUCTS (PRODUCT_ID,PRODUCT_NAME,DESCRIPTION,STANDARD_COST,LIST_PRICE,CATEGORY_ID) values (151,'Supermicro X10SAT-O','CPU:LGA1150,Form Factor:ATX,RAM Slots:4,Max RAM:32GB',207.08,281.97,4);
Insert into AMERICA.PRODUCTS (PRODUCT_ID,PRODUCT_NAME,DESCRIPTION,STANDARD_COST,LIST_PRICE,CATEGORY_ID) values (152,'Gigabyte X299 AORUS Gaming 3','CPU:LGA2066,Form Factor:ATX,RAM Slots:8,Max RAM:128GB',227.48,280.98,4);
Insert into AMERICA.PRODUCTS (PRODUCT_ID,PRODUCT_NAME,DESCRIPTION,STANDARD_COST,LIST_PRICE,CATEGORY_ID) values (180,'Supermicro MBD-X10DAL-I-O','CPU:LGA2011-3 x 2,Form Factor:ATX,RAM Slots:8,Max RAM:512GB',239.28,279.99,4);
Insert into AMERICA.PRODUCTS (PRODUCT_ID,PRODUCT_NAME,DESCRIPTION,STANDARD_COST,LIST_PRICE,CATEGORY_ID) values (268,'Western Digital WD10EZEX','Series:Caviar Blue,Type:7200RPM,Capacity:1TB,Cache:64MB',35.83,47.88,5);
Insert into AMERICA.PRODUCTS (PRODUCT_ID,PRODUCT_NAME,DESCRIPTION,STANDARD_COST,LIST_PRICE,CATEGORY_ID) values (24,'Seagate ST2000DM006','Series:Barracuda,Type:7200RPM,Capacity:2TB,Cache:64MB',47.93,66.89,5);
Insert into AMERICA.PRODUCTS (PRODUCT_ID,PRODUCT_NAME,DESCRIPTION,STANDARD_COST,LIST_PRICE,CATEGORY_ID) values (25,'Samsung MZ-75E250B/AM','Series:850 EVO-Series,Type:SSD,Capacity:250GB,Cache:N/A',87.98,104.88,5);
Insert into AMERICA.PRODUCTS (PRODUCT_ID,PRODUCT_NAME,DESCRIPTION,STANDARD_COST,LIST_PRICE,CATEGORY_ID) values (26,'Samsung MZ-75E500B/AM','Series:850 EVO-Series,Type:SSD,Capacity:500GB,Cache:N/A',157.81,178.09,5);
Insert into AMERICA.PRODUCTS (PRODUCT_ID,PRODUCT_NAME,DESCRIPTION,STANDARD_COST,LIST_PRICE,CATEGORY_ID) values (104,'SanDisk SDSSDA-240G-G26','Series:SSD PLUS,Type:SSD,Capacity:240GB,Cache:N/A',61.1,83.88,5);
Insert into AMERICA.PRODUCTS (PRODUCT_ID,PRODUCT_NAME,DESCRIPTION,STANDARD_COST,LIST_PRICE,CATEGORY_ID) values (135,'Samsung MZ-V6E250','Series:960 EVO,Type:SSD,Capacity:250GB,Cache:512MB',92.98,127.88,5);
Insert into AMERICA.PRODUCTS (PRODUCT_ID,PRODUCT_NAME,DESCRIPTION,STANDARD_COST,LIST_PRICE,CATEGORY_ID) values (284,'Kingston SA400S37/120G','Series:A400,Type:SSD,Capacity:120GB,Cache:N/A',40.63,54.99,5);
Insert into AMERICA.PRODUCTS (PRODUCT_ID,PRODUCT_NAME,DESCRIPTION,STANDARD_COST,LIST_PRICE,CATEGORY_ID) values (285,'Samsung MZ-75E1T0B/AM','Series:850 EVO-Series,Type:SSD,Capacity:1TB,Cache:N/A',260.23,339.99,5);
Insert into AMERICA.PRODUCTS (PRODUCT_ID,PRODUCT_NAME,DESCRIPTION,STANDARD_COST,LIST_PRICE,CATEGORY_ID) values (286,'Samsung MZ-V6E500','Series:960 EVO,Type:SSD,Capacity:500GB,Cache:512MB',209.62,234,5);
Insert into AMERICA.PRODUCTS (PRODUCT_ID,PRODUCT_NAME,DESCRIPTION,STANDARD_COST,LIST_PRICE,CATEGORY_ID) values (22,'Seagate ST3000DM008','Series:Barracuda,Type:7200RPM,Capacity:3TB,Cache:64MB',61.63,83.61,5);
Insert into AMERICA.PRODUCTS (PRODUCT_ID,PRODUCT_NAME,DESCRIPTION,STANDARD_COST,LIST_PRICE,CATEGORY_ID) values (23,'Western Digital WDS250G1B0A','Series:Blue,Type:SSD,Capacity:250GB,Cache:N/A',72.54,89.89,5);
Insert into AMERICA.PRODUCTS (PRODUCT_ID,PRODUCT_NAME,DESCRIPTION,STANDARD_COST,LIST_PRICE,CATEGORY_ID) values (33,'ADATA ASU800SS-128GT-C','Series:Ultimate SU800,Type:SSD,Capacity:128GB,Cache:N/A',37.78,52.65,5);
Insert into AMERICA.PRODUCTS (PRODUCT_ID,PRODUCT_NAME,DESCRIPTION,STANDARD_COST,LIST_PRICE,CATEGORY_ID) values (44,'Seagate ST1000DM010','Series:BarraCuda,Type:7200RPM,Capacity:1TB,Cache:64MB',42.18,49.37,5);
Insert into AMERICA.PRODUCTS (PRODUCT_ID,PRODUCT_NAME,DESCRIPTION,STANDARD_COST,LIST_PRICE,CATEGORY_ID) values (49,'Samsung MZ-75E4T0B','Series:850 EVO,Type:SSD,Capacity:4TB,Cache:4GB',1153.64,1499.99,5);
Insert into AMERICA.PRODUCTS (PRODUCT_ID,PRODUCT_NAME,DESCRIPTION,STANDARD_COST,LIST_PRICE,CATEGORY_ID) values (50,'Intel SSDPECME040T401','Series:DC P3608,Type:SSD,Capacity:4TB,Cache:N/A',7123.66,8867.99,5);
Insert into AMERICA.PRODUCTS (PRODUCT_ID,PRODUCT_NAME,DESCRIPTION,STANDARD_COST,LIST_PRICE,CATEGORY_ID) values (130,'Western Digital WD2003FZEX','Series:BLACK SERIES,Type:7200RPM,Capacity:2TB,Cache:64MB',91.76,117.45,5);
Insert into AMERICA.PRODUCTS (PRODUCT_ID,PRODUCT_NAME,DESCRIPTION,STANDARD_COST,LIST_PRICE,CATEGORY_ID) values (131,'Samsung MZ-V6P512BW','Series:960 PRO,Type:SSD,Capacity:512GB,Cache:512MB',223.99,279.99,5);
Insert into AMERICA.PRODUCTS (PRODUCT_ID,PRODUCT_NAME,DESCRIPTION,STANDARD_COST,LIST_PRICE,CATEGORY_ID) values (139,'Hitachi HUS724030ALE641','Series:Ultrastar 7K4000,Type:7200RPM,Capacity:3TB,Cache:64MB',54.03,65.92,5);
Insert into AMERICA.PRODUCTS (PRODUCT_ID,PRODUCT_NAME,DESCRIPTION,STANDARD_COST,LIST_PRICE,CATEGORY_ID) values (208,'Samsung MZ-V6P2T0BW','Series:960 Pro,Type:SSD,Capacity:2TB,Cache:2GB',840.11,1199.99,5);
Insert into AMERICA.PRODUCTS (PRODUCT_ID,PRODUCT_NAME,DESCRIPTION,STANDARD_COST,LIST_PRICE,CATEGORY_ID) values (229,'Seagate ST10000DM0004','Series:BarraCuda Pro,Type:7200RPM,Capacity:10TB,Cache:256MB',284.23,399.99,5);
Insert into AMERICA.PRODUCTS (PRODUCT_ID,PRODUCT_NAME,DESCRIPTION,STANDARD_COST,LIST_PRICE,CATEGORY_ID) values (230,'ADATA ASU800SS-512GT-C','Series:Ultimate SU800,Type:SSD,Capacity:512GB,Cache:N/A',113.29,136.69,5);
Insert into AMERICA.PRODUCTS (PRODUCT_ID,PRODUCT_NAME,DESCRIPTION,STANDARD_COST,LIST_PRICE,CATEGORY_ID) values (231,'Samsung MZ-V6E1T0','Series:960 EVO,Type:SSD,Capacity:1TB,Cache:1000MB',358.06,449.99,5);
Insert into AMERICA.PRODUCTS (PRODUCT_ID,PRODUCT_NAME,DESCRIPTION,STANDARD_COST,LIST_PRICE,CATEGORY_ID) values (232,'Western Digital WD1003FZEX','Series:BLACK SERIES,Type:7200RPM,Capacity:1TB,Cache:64MB',61.76,70.89,5);
Insert into AMERICA.PRODUCTS (PRODUCT_ID,PRODUCT_NAME,DESCRIPTION,STANDARD_COST,LIST_PRICE,CATEGORY_ID) values (233,'SanDisk SDSSDA-120G-G26','Series:SSD PLUS,Type:SSD,Capacity:120GB,Cache:N/A',52.7,59.99,5);
Insert into AMERICA.PRODUCTS (PRODUCT_ID,PRODUCT_NAME,DESCRIPTION,STANDARD_COST,LIST_PRICE,CATEGORY_ID) values (234,'Crucial CT525MX300SSD1','Series:MX300,Type:SSD,Capacity:525GB,Cache:N/A',135.59,150.99,5);
Insert into AMERICA.PRODUCTS (PRODUCT_ID,PRODUCT_NAME,DESCRIPTION,STANDARD_COST,LIST_PRICE,CATEGORY_ID) values (235,'Hitachi A7K1000-1000','Series:Ultrastar,Type:7200RPM,Capacity:1TB,Cache:32MB',29.94,41.99,5);
Insert into AMERICA.PRODUCTS (PRODUCT_ID,PRODUCT_NAME,DESCRIPTION,STANDARD_COST,LIST_PRICE,CATEGORY_ID) values (253,'Samsung MZ-V6P1T0BW','Series:960 Pro,Type:SSD,Capacity:1TB,Cache:1GB',466.49,579.99,5);
Insert into AMERICA.PRODUCTS (PRODUCT_ID,PRODUCT_NAME,DESCRIPTION,STANDARD_COST,LIST_PRICE,CATEGORY_ID) values (254,'Samsung MZ-7KE256BW','Series:850 Pro Series,Type:SSD,Capacity:256GB,Cache:N/A',97.19,119.99,5);
Insert into AMERICA.PRODUCTS (PRODUCT_ID,PRODUCT_NAME,DESCRIPTION,STANDARD_COST,LIST_PRICE,CATEGORY_ID) values (255,'Seagate ST2000DX002','Series:FireCuda,Type:Hybrid,Capacity:2TB,Cache:64MB',64.48,90.99,5);
Insert into AMERICA.PRODUCTS (PRODUCT_ID,PRODUCT_NAME,DESCRIPTION,STANDARD_COST,LIST_PRICE,CATEGORY_ID) values (256,'Western Digital WD5000AACS','Series:Caviar Green,Type:5400RPM,Capacity:500GB,Cache:16MB',20.14,26.99,5);
Insert into AMERICA.PRODUCTS (PRODUCT_ID,PRODUCT_NAME,DESCRIPTION,STANDARD_COST,LIST_PRICE,CATEGORY_ID) values (257,'SanDisk SDSSDHII-240G-G25','Series:Ultra II,Type:SSD,Capacity:240GB,Cache:N/A',73.39,84.95,5);
Insert into AMERICA.PRODUCTS (PRODUCT_ID,PRODUCT_NAME,DESCRIPTION,STANDARD_COST,LIST_PRICE,CATEGORY_ID) values (258,'PNY SSD7CS1311-120-RB','Series:CS1311,Type:SSD,Capacity:120GB,Cache:N/A',50.59,57.98,5);
Insert into AMERICA.PRODUCTS (PRODUCT_ID,PRODUCT_NAME,DESCRIPTION,STANDARD_COST,LIST_PRICE,CATEGORY_ID) values (259,'PNY SSD9SC240GMDA-RB','Series:XLR8,Type:SSD,Capacity:240GB,Cache:N/A',58.4,80.72,5);
Insert into AMERICA.PRODUCTS (PRODUCT_ID,PRODUCT_NAME,DESCRIPTION,STANDARD_COST,LIST_PRICE,CATEGORY_ID) values (260,'Crucial CT1050MX300SSD1','Series:MX300,Type:SSD,Capacity:1.1TB,Cache:N/A',192.52,267.99,5);
Insert into AMERICA.PRODUCTS (PRODUCT_ID,PRODUCT_NAME,DESCRIPTION,STANDARD_COST,LIST_PRICE,CATEGORY_ID) values (263,'Western Digital WDS250G1B0B','Series:Blue,Type:SSD,Capacity:250GB,Cache:N/A',70.71,89.99,5);
Insert into AMERICA.PRODUCTS (PRODUCT_ID,PRODUCT_NAME,DESCRIPTION,STANDARD_COST,LIST_PRICE,CATEGORY_ID) values (264,'Samsung MZ-75E120B/AM','Series:850 EVO-Series,Type:SSD,Capacity:120GB,Cache:N/A',74.41,88.99,5);
Insert into AMERICA.PRODUCTS (PRODUCT_ID,PRODUCT_NAME,DESCRIPTION,STANDARD_COST,LIST_PRICE,CATEGORY_ID) values (280,'Western Digital WDS500G1B0B','Series:Blue,Type:SSD,Capacity:500GB,Cache:N/A',106.89,149.88,5);
Insert into AMERICA.PRODUCTS (PRODUCT_ID,PRODUCT_NAME,DESCRIPTION,STANDARD_COST,LIST_PRICE,CATEGORY_ID) values (60,'Hitachi HUA723020ALA640','Series:Ultrastar 7K3000,Type:7200RPM,Capacity:2TB,Cache:64MB',45.18,59.99,5);
Insert into AMERICA.PRODUCTS (PRODUCT_ID,PRODUCT_NAME,DESCRIPTION,STANDARD_COST,LIST_PRICE,CATEGORY_ID) values (94,'Western Digital WD2500AVVS','Series:AV-GP,Type:5400RPM,Capacity:250GB,Cache:8MB',12.63,15.55,5);
Insert into AMERICA.PRODUCTS (PRODUCT_ID,PRODUCT_NAME,DESCRIPTION,STANDARD_COST,LIST_PRICE,CATEGORY_ID) values (99,'Seagate ST1000DX002','Series:FireCuda,Type:Hybrid,Capacity:1TB,Cache:64MB',55.41,68.06,5);
Insert into AMERICA.PRODUCTS (PRODUCT_ID,PRODUCT_NAME,DESCRIPTION,STANDARD_COST,LIST_PRICE,CATEGORY_ID) values (100,'Crucial CT275MX300SSD1','Series:MX300,Type:SSD,Capacity:275GB,Cache:N/A',79.21,97.88,5);
Insert into AMERICA.PRODUCTS (PRODUCT_ID,PRODUCT_NAME,DESCRIPTION,STANDARD_COST,LIST_PRICE,CATEGORY_ID) values (168,'Seagate ST31000340NS - FFP','Series:Barracuda ES,Type:7200RPM,Capacity:1TB,Cache:32MB',34.4,43.99,5);
Insert into AMERICA.PRODUCTS (PRODUCT_ID,PRODUCT_NAME,DESCRIPTION,STANDARD_COST,LIST_PRICE,CATEGORY_ID) values (273,'Western Digital WD101KRYZ','Series:Gold,Type:7200RPM,Capacity:10TB,Cache:256MB',313.96,443.64,5);
Insert into AMERICA.PRODUCTS (PRODUCT_ID,PRODUCT_NAME,DESCRIPTION,STANDARD_COST,LIST_PRICE,CATEGORY_ID) values (55,'Crucial CT525MX300SSD4','Series:MX300,Type:SSD,Capacity:525GB,Cache:N/A',121.92,150.99,5);
Insert into AMERICA.PRODUCTS (PRODUCT_ID,PRODUCT_NAME,DESCRIPTION,STANDARD_COST,LIST_PRICE,CATEGORY_ID) values (56,'Western Digital WD2500AAJS','Series:Caviar Blue,Type:7200RPM,Capacity:250GB,Cache:8MB',15.23,16.99,5);
Insert into AMERICA.PRODUCTS (PRODUCT_ID,PRODUCT_NAME,DESCRIPTION,STANDARD_COST,LIST_PRICE,CATEGORY_ID) values (57,'Western Digital WD20EZRZ','Series:Blue,Type:5400RPM,Capacity:2TB,Cache:64MB',58.01,67.34,5);
Insert into AMERICA.PRODUCTS (PRODUCT_ID,PRODUCT_NAME,DESCRIPTION,STANDARD_COST,LIST_PRICE,CATEGORY_ID) values (95,'Western Digital WDS256G1X0C','Series:Black PCIe,Type:SSD,Capacity:256GB,Cache:N/A',85.87,109.99,5);
Insert into AMERICA.PRODUCTS (PRODUCT_ID,PRODUCT_NAME,DESCRIPTION,STANDARD_COST,LIST_PRICE,CATEGORY_ID) values (96,'SanDisk SDSSDHII-480G-G25','Series:Ultra II,Type:SSD,Capacity:480GB,Cache:N/A',102.62,141.56,5);
Insert into AMERICA.PRODUCTS (PRODUCT_ID,PRODUCT_NAME,DESCRIPTION,STANDARD_COST,LIST_PRICE,CATEGORY_ID) values (97,'Kingston SV300S37A/120G','Series:SSDNow V300 Series,Type:SSD,Capacity:120GB,Cache:N/A',45.93,59.87,5);
Insert into AMERICA.PRODUCTS (PRODUCT_ID,PRODUCT_NAME,DESCRIPTION,STANDARD_COST,LIST_PRICE,CATEGORY_ID) values (228,'Intel Xeon E5-2699 V3 (OEM/Tray)','Speed:2.3GHz,Cores:18,TDP:145W',2867.51,3410.46,1);
Insert into AMERICA.PRODUCTS (PRODUCT_ID,PRODUCT_NAME,DESCRIPTION,STANDARD_COST,LIST_PRICE,CATEGORY_ID) values (248,'Intel Xeon E5-2697 V3','Speed:2.6GHz,Cores:14,TDP:145W',2326.27,2774.98,1);
Insert into AMERICA.PRODUCTS (PRODUCT_ID,PRODUCT_NAME,DESCRIPTION,STANDARD_COST,LIST_PRICE,CATEGORY_ID) values (249,'Intel Xeon E5-2698 V3 (OEM/Tray)','Speed:2.3GHz,Cores:16,TDP:135W',2035.18,2660.72,1);
Insert into AMERICA.PRODUCTS (PRODUCT_ID,PRODUCT_NAME,DESCRIPTION,STANDARD_COST,LIST_PRICE,CATEGORY_ID) values (2,'Intel Xeon E5-2697 V4','Speed:2.3GHz,Cores:18,TDP:145W',2144.4,2554.99,1);
Insert into AMERICA.PRODUCTS (PRODUCT_ID,PRODUCT_NAME,DESCRIPTION,STANDARD_COST,LIST_PRICE,CATEGORY_ID) values (45,'Intel Xeon E5-2685 V3 (OEM/Tray)','Speed:2.6GHz,Cores:12,TDP:120W',2012.11,2501.69,1);
Insert into AMERICA.PRODUCTS (PRODUCT_ID,PRODUCT_NAME,DESCRIPTION,STANDARD_COST,LIST_PRICE,CATEGORY_ID) values (46,'Intel Xeon E5-2695 V3 (OEM/Tray)','Speed:2.3GHz,Cores:14,TDP:120W',1925.13,2431.95,1);
Insert into AMERICA.PRODUCTS (PRODUCT_ID,PRODUCT_NAME,DESCRIPTION,STANDARD_COST,LIST_PRICE,CATEGORY_ID) values (47,'Intel Xeon E5-2697 V2','Speed:2.7GHz,Cores:12,TDP:130W',2101.59,2377.09,1);
Insert into AMERICA.PRODUCTS (PRODUCT_ID,PRODUCT_NAME,DESCRIPTION,STANDARD_COST,LIST_PRICE,CATEGORY_ID) values (51,'Intel Xeon E5-2695 V4','Speed:2.1GHz,Cores:18,TDP:120W',1780.35,2269.99,1);
Insert into AMERICA.PRODUCTS (PRODUCT_ID,PRODUCT_NAME,DESCRIPTION,STANDARD_COST,LIST_PRICE,CATEGORY_ID) values (91,'Intel Xeon E5-2695 V2','Speed:2.4GHz,Cores:12,TDP:115W',1793.53,2259.99,1);
Insert into AMERICA.PRODUCTS (PRODUCT_ID,PRODUCT_NAME,DESCRIPTION,STANDARD_COST,LIST_PRICE,CATEGORY_ID) values (92,'Intel Xeon E5-2643 V2 (OEM/Tray)','Speed:3.5GHz,Cores:6,TDP:130W',1940.18,2200,1);
Insert into AMERICA.PRODUCTS (PRODUCT_ID,PRODUCT_NAME,DESCRIPTION,STANDARD_COST,LIST_PRICE,CATEGORY_ID) values (93,'Intel Xeon E5-2690 (OEM/Tray)','Speed:2.9GHz,Cores:8,TDP:135W',1888.33,2116.72,1);
Insert into AMERICA.PRODUCTS (PRODUCT_ID,PRODUCT_NAME,DESCRIPTION,STANDARD_COST,LIST_PRICE,CATEGORY_ID) values (98,'Intel Xeon E5-2687W V3','Speed:3.1GHz,Cores:10,TDP:160W',1781.47,2064.99,1);
Insert into AMERICA.PRODUCTS (PRODUCT_ID,PRODUCT_NAME,DESCRIPTION,STANDARD_COST,LIST_PRICE,CATEGORY_ID) values (102,'Intel Xeon E5-2687W V4','Speed:3.0GHz,Cores:12,TDP:160W',1723.83,2042.69,1);
Insert into AMERICA.PRODUCTS (PRODUCT_ID,PRODUCT_NAME,DESCRIPTION,STANDARD_COST,LIST_PRICE,CATEGORY_ID) values (158,'Intel Xeon E5-2667 V3 (OEM/Tray)','Speed:3.2GHz,Cores:8,TDP:135W',1504.08,2009.46,1);
Insert into AMERICA.PRODUCTS (PRODUCT_ID,PRODUCT_NAME,DESCRIPTION,STANDARD_COST,LIST_PRICE,CATEGORY_ID) values (159,'Intel Xeon E5-2690 V4','Speed:2.6GHz,Cores:14,TDP:135W',1499.26,1994.49,1);
Insert into AMERICA.PRODUCTS (PRODUCT_ID,PRODUCT_NAME,DESCRIPTION,STANDARD_COST,LIST_PRICE,CATEGORY_ID) values (160,'Intel Xeon E5-2690 V3','Speed:2.6GHz,Cores:12,TDP:135W',1540.35,1908.73,1);
Insert into AMERICA.PRODUCTS (PRODUCT_ID,PRODUCT_NAME,DESCRIPTION,STANDARD_COST,LIST_PRICE,CATEGORY_ID) values (162,'Intel Xeon E5-2470V2','Speed:2.4GHz,Cores:10,TDP:95W',1671.95,1904.7,1);
Insert into AMERICA.PRODUCTS (PRODUCT_ID,PRODUCT_NAME,DESCRIPTION,STANDARD_COST,LIST_PRICE,CATEGORY_ID) values (163,'Intel Xeon E5-2683 V4','Speed:2.1GHz,Cores:16,TDP:120W',1706.95,1899.99,1);
Insert into AMERICA.PRODUCTS (PRODUCT_ID,PRODUCT_NAME,DESCRIPTION,STANDARD_COST,LIST_PRICE,CATEGORY_ID) values (164,'Intel Xeon E5-2637 V2 (OEM/Tray)','Speed:3.5GHz,Cores:4,TDP:130W',1323.12,1850,1);
Insert into AMERICA.PRODUCTS (PRODUCT_ID,PRODUCT_NAME,DESCRIPTION,STANDARD_COST,LIST_PRICE,CATEGORY_ID) values (169,'Intel Xeon E5-2683 V4 (OEM/Tray)','Speed:2.1GHz,Cores:16,TDP:120W',1369.83,1844.89,1);
REM INSERTING into AMERICA.PRODUCT_CATEGORIES
SET DEFINE OFF;
Insert into AMERICA.PRODUCT_CATEGORIES (CATEGORY_ID,CATEGORY_NAME) values (1,'CPU');
Insert into AMERICA.PRODUCT_CATEGORIES (CATEGORY_ID,CATEGORY_NAME) values (2,'Video Card');
Insert into AMERICA.PRODUCT_CATEGORIES (CATEGORY_ID,CATEGORY_NAME) values (3,'RAM');
Insert into AMERICA.PRODUCT_CATEGORIES (CATEGORY_ID,CATEGORY_NAME) values (4,'Mother Board');
Insert into AMERICA.PRODUCT_CATEGORIES (CATEGORY_ID,CATEGORY_NAME) values (5,'Storage');
REM INSERTING into AMERICA.REGIONS
SET DEFINE OFF;
Insert into AMERICA.REGIONS (REGION_ID,REGION_NAME) values (1,'Europe');
Insert into AMERICA.REGIONS (REGION_ID,REGION_NAME) values (2,'Americas');
Insert into AMERICA.REGIONS (REGION_ID,REGION_NAME) values (3,'Asia');
Insert into AMERICA.REGIONS (REGION_ID,REGION_NAME) values (4,'Middle East and Africa');
REM INSERTING into AMERICA.WAREHOUSES
SET DEFINE OFF;
Insert into AMERICA.WAREHOUSES (WAREHOUSE_ID,WAREHOUSE_NAME,LOCATION_ID) values (1,'Southlake, Texas',5);
Insert into AMERICA.WAREHOUSES (WAREHOUSE_ID,WAREHOUSE_NAME,LOCATION_ID) values (2,'San Francisco',6);
Insert into AMERICA.WAREHOUSES (WAREHOUSE_ID,WAREHOUSE_NAME,LOCATION_ID) values (3,'New Jersey',7);
Insert into AMERICA.WAREHOUSES (WAREHOUSE_ID,WAREHOUSE_NAME,LOCATION_ID) values (4,'Seattle, Washington',8);
Insert into AMERICA.WAREHOUSES (WAREHOUSE_ID,WAREHOUSE_NAME,LOCATION_ID) values (5,'Toronto',9);
Insert into AMERICA.WAREHOUSES (WAREHOUSE_ID,WAREHOUSE_NAME,LOCATION_ID) values (7,'Mexico City',23);
--------------------------------------------------------
--  DDL for Index SYS_C0013356
--------------------------------------------------------

  CREATE UNIQUE INDEX "AMERICA"."SYS_C0013356" ON "AMERICA"."CONTACTS" ("CONTACT_ID")
--------------------------------------------------------
--  DDL for Index SYS_C0013323
--------------------------------------------------------

  CREATE UNIQUE INDEX "AMERICA"."SYS_C0013323" ON "AMERICA"."COUNTRIES" ("COUNTRY_ID")
--------------------------------------------------------
--  DDL for Index SYS_C0013351
--------------------------------------------------------

  CREATE UNIQUE INDEX "AMERICA"."SYS_C0013351" ON "AMERICA"."CUSTOMERS" ("CUSTOMER_ID")
--------------------------------------------------------
--  DDL for Index SYS_C0013339
--------------------------------------------------------

  CREATE UNIQUE INDEX "AMERICA"."SYS_C0013339" ON "AMERICA"."EMPLOYEES" ("EMPLOYEE_ID")
--------------------------------------------------------
--  DDL for Index PK_INVENTORIES
--------------------------------------------------------

  CREATE UNIQUE INDEX "AMERICA"."PK_INVENTORIES" ON "AMERICA"."INVENTORIES" ("PRODUCT_ID", "WAREHOUSE_ID")
--------------------------------------------------------
--  DDL for Index SYS_C0013327
--------------------------------------------------------

  CREATE UNIQUE INDEX "AMERICA"."SYS_C0013327" ON "AMERICA"."LOCATIONS" ("LOCATION_ID")
--------------------------------------------------------
--  DDL for Index SYS_C0013362
--------------------------------------------------------

  CREATE UNIQUE INDEX "AMERICA"."SYS_C0013362" ON "AMERICA"."ORDERS" ("ORDER_ID")
--------------------------------------------------------
--  DDL for Index PK_ORDER_ITEMS
--------------------------------------------------------

  CREATE UNIQUE INDEX "AMERICA"."PK_ORDER_ITEMS" ON "AMERICA"."ORDER_ITEMS" ("ORDER_ID", "ITEM_ID")
--------------------------------------------------------
--  DDL for Index SYS_C0013347
--------------------------------------------------------

  CREATE UNIQUE INDEX "AMERICA"."SYS_C0013347" ON "AMERICA"."PRODUCTS" ("PRODUCT_ID")
--------------------------------------------------------
--  DDL for Index SYS_C0013343
--------------------------------------------------------

  CREATE UNIQUE INDEX "AMERICA"."SYS_C0013343" ON "AMERICA"."PRODUCT_CATEGORIES" ("CATEGORY_ID")
--------------------------------------------------------
--  DDL for Index SYS_C0013321
--------------------------------------------------------

  CREATE UNIQUE INDEX "AMERICA"."SYS_C0013321" ON "AMERICA"."REGIONS" ("REGION_ID")
--------------------------------------------------------
--  DDL for Index SYS_C0013330
--------------------------------------------------------

  CREATE UNIQUE INDEX "AMERICA"."SYS_C0013330" ON "AMERICA"."WAREHOUSES" ("WAREHOUSE_ID")
--------------------------------------------------------
--  Constraints for Table CONTACTS
--------------------------------------------------------

  ALTER TABLE "AMERICA"."CONTACTS" MODIFY ("CONTACT_ID" NOT NULL ENABLE)
  ALTER TABLE "AMERICA"."CONTACTS" MODIFY ("FIRST_NAME" NOT NULL ENABLE)
  ALTER TABLE "AMERICA"."CONTACTS" MODIFY ("LAST_NAME" NOT NULL ENABLE)
  ALTER TABLE "AMERICA"."CONTACTS" MODIFY ("EMAIL" NOT NULL ENABLE)
  ALTER TABLE "AMERICA"."CONTACTS" ADD PRIMARY KEY ("CONTACT_ID") USING INDEX  ENABLE
--------------------------------------------------------
--  Constraints for Table COUNTRIES
--------------------------------------------------------

  ALTER TABLE "AMERICA"."COUNTRIES" MODIFY ("COUNTRY_NAME" NOT NULL ENABLE)
  ALTER TABLE "AMERICA"."COUNTRIES" ADD PRIMARY KEY ("COUNTRY_ID") USING INDEX  ENABLE
--------------------------------------------------------
--  Constraints for Table CUSTOMERS
--------------------------------------------------------

  ALTER TABLE "AMERICA"."CUSTOMERS" MODIFY ("CUSTOMER_ID" NOT NULL ENABLE)
  ALTER TABLE "AMERICA"."CUSTOMERS" MODIFY ("NAME" NOT NULL ENABLE)
  ALTER TABLE "AMERICA"."CUSTOMERS" ADD PRIMARY KEY ("CUSTOMER_ID") USING INDEX  ENABLE
--------------------------------------------------------
--  Constraints for Table EMPLOYEES
--------------------------------------------------------

  ALTER TABLE "AMERICA"."EMPLOYEES" MODIFY ("EMPLOYEE_ID" NOT NULL ENABLE)
  ALTER TABLE "AMERICA"."EMPLOYEES" MODIFY ("FIRST_NAME" NOT NULL ENABLE)
  ALTER TABLE "AMERICA"."EMPLOYEES" MODIFY ("LAST_NAME" NOT NULL ENABLE)
  ALTER TABLE "AMERICA"."EMPLOYEES" MODIFY ("EMAIL" NOT NULL ENABLE)
  ALTER TABLE "AMERICA"."EMPLOYEES" MODIFY ("PHONE" NOT NULL ENABLE)
  ALTER TABLE "AMERICA"."EMPLOYEES" MODIFY ("HIRE_DATE" NOT NULL ENABLE)
  ALTER TABLE "AMERICA"."EMPLOYEES" MODIFY ("JOB_TITLE" NOT NULL ENABLE)
  ALTER TABLE "AMERICA"."EMPLOYEES" ADD PRIMARY KEY ("EMPLOYEE_ID") USING INDEX  ENABLE
--------------------------------------------------------
--  Constraints for Table INVENTORIES
--------------------------------------------------------

  ALTER TABLE "AMERICA"."INVENTORIES" MODIFY ("QUANTITY" NOT NULL ENABLE)
  ALTER TABLE "AMERICA"."INVENTORIES" ADD CONSTRAINT "PK_INVENTORIES" PRIMARY KEY ("PRODUCT_ID", "WAREHOUSE_ID") USING INDEX  ENABLE
--------------------------------------------------------
--  Constraints for Table LOCATIONS
--------------------------------------------------------

  ALTER TABLE "AMERICA"."LOCATIONS" MODIFY ("LOCATION_ID" NOT NULL ENABLE)
  ALTER TABLE "AMERICA"."LOCATIONS" MODIFY ("ADDRESS" NOT NULL ENABLE)
  ALTER TABLE "AMERICA"."LOCATIONS" ADD PRIMARY KEY ("LOCATION_ID") USING INDEX  ENABLE
--------------------------------------------------------
--  Constraints for Table ORDERS
--------------------------------------------------------

  ALTER TABLE "AMERICA"."ORDERS" MODIFY ("ORDER_ID" NOT NULL ENABLE)
  ALTER TABLE "AMERICA"."ORDERS" MODIFY ("CUSTOMER_ID" NOT NULL ENABLE)
  ALTER TABLE "AMERICA"."ORDERS" MODIFY ("STATUS" NOT NULL ENABLE)
  ALTER TABLE "AMERICA"."ORDERS" MODIFY ("ORDER_DATE" NOT NULL ENABLE)
  ALTER TABLE "AMERICA"."ORDERS" ADD PRIMARY KEY ("ORDER_ID") USING INDEX  ENABLE
--------------------------------------------------------
--  Constraints for Table ORDER_ITEMS
--------------------------------------------------------

  ALTER TABLE "AMERICA"."ORDER_ITEMS" MODIFY ("PRODUCT_ID" NOT NULL ENABLE)
  ALTER TABLE "AMERICA"."ORDER_ITEMS" MODIFY ("QUANTITY" NOT NULL ENABLE)
  ALTER TABLE "AMERICA"."ORDER_ITEMS" MODIFY ("UNIT_PRICE" NOT NULL ENABLE)
  ALTER TABLE "AMERICA"."ORDER_ITEMS" ADD CONSTRAINT "PK_ORDER_ITEMS" PRIMARY KEY ("ORDER_ID", "ITEM_ID") USING INDEX  ENABLE
--------------------------------------------------------
--  Constraints for Table PRODUCTS
--------------------------------------------------------

  ALTER TABLE "AMERICA"."PRODUCTS" MODIFY ("PRODUCT_ID" NOT NULL ENABLE)
  ALTER TABLE "AMERICA"."PRODUCTS" MODIFY ("PRODUCT_NAME" NOT NULL ENABLE)
  ALTER TABLE "AMERICA"."PRODUCTS" MODIFY ("CATEGORY_ID" NOT NULL ENABLE)
  ALTER TABLE "AMERICA"."PRODUCTS" ADD PRIMARY KEY ("PRODUCT_ID") USING INDEX  ENABLE
--------------------------------------------------------
--  Constraints for Table PRODUCT_CATEGORIES
--------------------------------------------------------

  ALTER TABLE "AMERICA"."PRODUCT_CATEGORIES" MODIFY ("CATEGORY_ID" NOT NULL ENABLE)
  ALTER TABLE "AMERICA"."PRODUCT_CATEGORIES" MODIFY ("CATEGORY_NAME" NOT NULL ENABLE)
  ALTER TABLE "AMERICA"."PRODUCT_CATEGORIES" ADD PRIMARY KEY ("CATEGORY_ID") USING INDEX  ENABLE
--------------------------------------------------------
--  Constraints for Table REGIONS
--------------------------------------------------------

  ALTER TABLE "AMERICA"."REGIONS" MODIFY ("REGION_ID" NOT NULL ENABLE)
  ALTER TABLE "AMERICA"."REGIONS" MODIFY ("REGION_NAME" NOT NULL ENABLE)
  ALTER TABLE "AMERICA"."REGIONS" ADD PRIMARY KEY ("REGION_ID") USING INDEX  ENABLE
--------------------------------------------------------
--  Constraints for Table WAREHOUSES
--------------------------------------------------------

  ALTER TABLE "AMERICA"."WAREHOUSES" MODIFY ("WAREHOUSE_ID" NOT NULL ENABLE)
  ALTER TABLE "AMERICA"."WAREHOUSES" ADD PRIMARY KEY ("WAREHOUSE_ID") USING INDEX  ENABLE
--------------------------------------------------------
--  Ref Constraints for Table CONTACTS
--------------------------------------------------------

  ALTER TABLE "AMERICA"."CONTACTS" ADD CONSTRAINT "FK_CONTACTS_CUSTOMERS" FOREIGN KEY ("CUSTOMER_ID") REFERENCES "AMERICA"."CUSTOMERS" ("CUSTOMER_ID") ON DELETE CASCADE ENABLE
--------------------------------------------------------
--  Ref Constraints for Table COUNTRIES
--------------------------------------------------------

  ALTER TABLE "AMERICA"."COUNTRIES" ADD CONSTRAINT "FK_COUNTRIES_REGIONS" FOREIGN KEY ("REGION_ID") REFERENCES "AMERICA"."REGIONS" ("REGION_ID") ON DELETE CASCADE ENABLE
--------------------------------------------------------
--  Ref Constraints for Table CUSTOMERS
--------------------------------------------------------

  ALTER TABLE "AMERICA"."CUSTOMERS" ADD CONSTRAINT "CUSTOMERS_FK1" FOREIGN KEY ("REGION_ID") REFERENCES "AMERICA"."REGIONS" ("REGION_ID") ENABLE
--------------------------------------------------------
--  Ref Constraints for Table EMPLOYEES
--------------------------------------------------------

  ALTER TABLE "AMERICA"."EMPLOYEES" ADD CONSTRAINT "FK_EMPLOYEES_MANAGER" FOREIGN KEY ("MANAGER_ID") REFERENCES "AMERICA"."EMPLOYEES" ("EMPLOYEE_ID") ON DELETE CASCADE DISABLE
  ALTER TABLE "AMERICA"."EMPLOYEES" ADD CONSTRAINT "EMPLOYEES_FK1" FOREIGN KEY ("REGION_ID") REFERENCES "AMERICA"."REGIONS" ("REGION_ID") ENABLE
--------------------------------------------------------
--  Ref Constraints for Table INVENTORIES
--------------------------------------------------------

  ALTER TABLE "AMERICA"."INVENTORIES" ADD CONSTRAINT "FK_INVENTORIES_PRODUCTS" FOREIGN KEY ("PRODUCT_ID") REFERENCES "AMERICA"."PRODUCTS" ("PRODUCT_ID") ON DELETE CASCADE ENABLE
  ALTER TABLE "AMERICA"."INVENTORIES" ADD CONSTRAINT "FK_INVENTORIES_WAREHOUSES" FOREIGN KEY ("WAREHOUSE_ID") REFERENCES "AMERICA"."WAREHOUSES" ("WAREHOUSE_ID") ON DELETE CASCADE ENABLE
--------------------------------------------------------
--  Ref Constraints for Table LOCATIONS
--------------------------------------------------------

  ALTER TABLE "AMERICA"."LOCATIONS" ADD CONSTRAINT "FK_LOCATIONS_COUNTRIES" FOREIGN KEY ("COUNTRY_ID") REFERENCES "AMERICA"."COUNTRIES" ("COUNTRY_ID") ON DELETE CASCADE ENABLE
--------------------------------------------------------
--  Ref Constraints for Table ORDERS
--------------------------------------------------------

  ALTER TABLE "AMERICA"."ORDERS" ADD CONSTRAINT "FK_ORDERS_CUSTOMERS" FOREIGN KEY ("CUSTOMER_ID") REFERENCES "AMERICA"."CUSTOMERS" ("CUSTOMER_ID") ON DELETE CASCADE ENABLE
  ALTER TABLE "AMERICA"."ORDERS" ADD CONSTRAINT "FK_ORDERS_EMPLOYEES" FOREIGN KEY ("SALESMAN_ID") REFERENCES "AMERICA"."EMPLOYEES" ("EMPLOYEE_ID") ON DELETE SET NULL ENABLE
--------------------------------------------------------
--  Ref Constraints for Table ORDER_ITEMS
--------------------------------------------------------

  ALTER TABLE "AMERICA"."ORDER_ITEMS" ADD CONSTRAINT "FK_ORDER_ITEMS_PRODUCTS" FOREIGN KEY ("PRODUCT_ID") REFERENCES "AMERICA"."PRODUCTS" ("PRODUCT_ID") ON DELETE CASCADE ENABLE
  ALTER TABLE "AMERICA"."ORDER_ITEMS" ADD CONSTRAINT "FK_ORDER_ITEMS_ORDERS" FOREIGN KEY ("ORDER_ID") REFERENCES "AMERICA"."ORDERS" ("ORDER_ID") ON DELETE CASCADE DISABLE
--------------------------------------------------------
--  Ref Constraints for Table PRODUCTS
--------------------------------------------------------

  ALTER TABLE "AMERICA"."PRODUCTS" ADD CONSTRAINT "FK_PRODUCTS_CATEGORIES" FOREIGN KEY ("CATEGORY_ID") REFERENCES "AMERICA"."PRODUCT_CATEGORIES" ("CATEGORY_ID") ON DELETE CASCADE ENABLE
--------------------------------------------------------
--  Ref Constraints for Table WAREHOUSES
--------------------------------------------------------

  ALTER TABLE "AMERICA"."WAREHOUSES" ADD CONSTRAINT "FK_WAREHOUSES_LOCATIONS" FOREIGN KEY ("LOCATION_ID") REFERENCES "AMERICA"."LOCATIONS" ("LOCATION_ID") ON DELETE CASCADE ENABLE
