--------------------------------------------------------
-- Archivo creado  - lunes-marzo-28-2022   
--------------------------------------------------------
--------------------------------------------------------
--  DDL for Table CONTACTS
--------------------------------------------------------

  CREATE TABLE "EUROPA"."CONTACTS" ("CONTACT_ID" NUMBER GENERATED BY DEFAULT AS IDENTITY MINVALUE 1 MAXVALUE 9999999999999999999999999999 INCREMENT BY 1 START WITH 320 CACHE 20 NOORDER  NOCYCLE  NOKEEP  NOSCALE , "FIRST_NAME" VARCHAR2(255 BYTE) COLLATE "USING_NLS_COMP", "LAST_NAME" VARCHAR2(255 BYTE) COLLATE "USING_NLS_COMP", "EMAIL" VARCHAR2(255 BYTE) COLLATE "USING_NLS_COMP", "PHONE" VARCHAR2(20 BYTE) COLLATE "USING_NLS_COMP", "CUSTOMER_ID" NUMBER)  DEFAULT COLLATION "USING_NLS_COMP"
--------------------------------------------------------
--  DDL for Table COUNTRIES
--------------------------------------------------------

  CREATE TABLE "EUROPA"."COUNTRIES" ("COUNTRY_ID" CHAR(2 BYTE) COLLATE "USING_NLS_COMP", "COUNTRY_NAME" VARCHAR2(40 BYTE) COLLATE "USING_NLS_COMP", "REGION_ID" NUMBER)  DEFAULT COLLATION "USING_NLS_COMP"
--------------------------------------------------------
--  DDL for Table CUSTOMERS
--------------------------------------------------------

  CREATE TABLE "EUROPA"."CUSTOMERS" ("CUSTOMER_ID" NUMBER GENERATED BY DEFAULT AS IDENTITY MINVALUE 1 MAXVALUE 9999999999999999999999999999 INCREMENT BY 1 START WITH 320 CACHE 20 NOORDER  NOCYCLE  NOKEEP  NOSCALE , "NAME" VARCHAR2(255 BYTE) COLLATE "USING_NLS_COMP", "ADDRESS" VARCHAR2(255 BYTE) COLLATE "USING_NLS_COMP", "WEBSITE" VARCHAR2(255 BYTE) COLLATE "USING_NLS_COMP", "CREDIT_LIMIT" NUMBER(8,2), "REGION_ID" NUMBER)  DEFAULT COLLATION "USING_NLS_COMP"
--------------------------------------------------------
--  DDL for Table EMPLOYEES
--------------------------------------------------------

  CREATE TABLE "EUROPA"."EMPLOYEES" ("EMPLOYEE_ID" NUMBER GENERATED BY DEFAULT AS IDENTITY MINVALUE 1 MAXVALUE 9999999999999999999999999999 INCREMENT BY 1 START WITH 108 CACHE 20 NOORDER  NOCYCLE  NOKEEP  NOSCALE , "FIRST_NAME" VARCHAR2(255 BYTE) COLLATE "USING_NLS_COMP", "LAST_NAME" VARCHAR2(255 BYTE) COLLATE "USING_NLS_COMP", "EMAIL" VARCHAR2(255 BYTE) COLLATE "USING_NLS_COMP", "PHONE" VARCHAR2(50 BYTE) COLLATE "USING_NLS_COMP", "HIRE_DATE" DATE, "MANAGER_ID" NUMBER(12,0), "JOB_TITLE" VARCHAR2(255 BYTE) COLLATE "USING_NLS_COMP", "REGION_ID" NUMBER)  DEFAULT COLLATION "USING_NLS_COMP"
--------------------------------------------------------
--  DDL for Table INVENTORIES
--------------------------------------------------------

  CREATE TABLE "EUROPA"."INVENTORIES" ("PRODUCT_ID" NUMBER(12,0), "WAREHOUSE_ID" NUMBER(12,0), "QUANTITY" NUMBER(8,0))  DEFAULT COLLATION "USING_NLS_COMP"
--------------------------------------------------------
--  DDL for Table LOCATIONS
--------------------------------------------------------

  CREATE TABLE "EUROPA"."LOCATIONS" ("LOCATION_ID" NUMBER GENERATED BY DEFAULT AS IDENTITY MINVALUE 1 MAXVALUE 9999999999999999999999999999 INCREMENT BY 1 START WITH 24 CACHE 20 NOORDER  NOCYCLE  NOKEEP  NOSCALE , "ADDRESS" VARCHAR2(255 BYTE) COLLATE "USING_NLS_COMP", "POSTAL_CODE" VARCHAR2(20 BYTE) COLLATE "USING_NLS_COMP", "CITY" VARCHAR2(50 BYTE) COLLATE "USING_NLS_COMP", "STATE" VARCHAR2(50 BYTE) COLLATE "USING_NLS_COMP", "COUNTRY_ID" CHAR(2 BYTE) COLLATE "USING_NLS_COMP")  DEFAULT COLLATION "USING_NLS_COMP"
--------------------------------------------------------
--  DDL for Table ORDERS
--------------------------------------------------------

  CREATE TABLE "EUROPA"."ORDERS" ("ORDER_ID" NUMBER GENERATED BY DEFAULT AS IDENTITY MINVALUE 1 MAXVALUE 9999999999999999999999999999 INCREMENT BY 1 START WITH 106 CACHE 20 NOORDER  NOCYCLE  NOKEEP  NOSCALE , "CUSTOMER_ID" NUMBER(6,0), "STATUS" VARCHAR2(20 BYTE) COLLATE "USING_NLS_COMP", "SALESMAN_ID" NUMBER(6,0), "ORDER_DATE" DATE)  DEFAULT COLLATION "USING_NLS_COMP"
--------------------------------------------------------
--  DDL for Table ORDER_ITEMS
--------------------------------------------------------

  CREATE TABLE "EUROPA"."ORDER_ITEMS" ("ORDER_ID" NUMBER(12,0), "ITEM_ID" NUMBER(12,0), "PRODUCT_ID" NUMBER(12,0), "QUANTITY" NUMBER(8,2), "UNIT_PRICE" NUMBER(8,2))  DEFAULT COLLATION "USING_NLS_COMP"
--------------------------------------------------------
--  DDL for Table PRODUCTS
--------------------------------------------------------

  CREATE TABLE "EUROPA"."PRODUCTS" ("PRODUCT_ID" NUMBER GENERATED BY DEFAULT AS IDENTITY MINVALUE 1 MAXVALUE 9999999999999999999999999999 INCREMENT BY 1 START WITH 289 CACHE 20 NOORDER  NOCYCLE  NOKEEP  NOSCALE , "PRODUCT_NAME" VARCHAR2(255 BYTE) COLLATE "USING_NLS_COMP", "DESCRIPTION" VARCHAR2(2000 BYTE) COLLATE "USING_NLS_COMP", "STANDARD_COST" NUMBER(9,2), "LIST_PRICE" NUMBER(9,2), "CATEGORY_ID" NUMBER)  DEFAULT COLLATION "USING_NLS_COMP"
--------------------------------------------------------
--  DDL for Table PRODUCT_CATEGORIES
--------------------------------------------------------

  CREATE TABLE "EUROPA"."PRODUCT_CATEGORIES" ("CATEGORY_ID" NUMBER GENERATED BY DEFAULT AS IDENTITY MINVALUE 1 MAXVALUE 9999999999999999999999999999 INCREMENT BY 1 START WITH 6 CACHE 20 NOORDER  NOCYCLE  NOKEEP  NOSCALE , "CATEGORY_NAME" VARCHAR2(255 BYTE) COLLATE "USING_NLS_COMP")  DEFAULT COLLATION "USING_NLS_COMP"
--------------------------------------------------------
--  DDL for Table REGIONS
--------------------------------------------------------

  CREATE TABLE "EUROPA"."REGIONS" ("REGION_ID" NUMBER GENERATED BY DEFAULT AS IDENTITY MINVALUE 1 MAXVALUE 9999999999999999999999999999 INCREMENT BY 1 START WITH 5 CACHE 20 NOORDER  NOCYCLE  NOKEEP  NOSCALE , "REGION_NAME" VARCHAR2(50 BYTE) COLLATE "USING_NLS_COMP")  DEFAULT COLLATION "USING_NLS_COMP"
--------------------------------------------------------
--  DDL for Table WAREHOUSES
--------------------------------------------------------

  CREATE TABLE "EUROPA"."WAREHOUSES" ("WAREHOUSE_ID" NUMBER GENERATED BY DEFAULT AS IDENTITY MINVALUE 1 MAXVALUE 9999999999999999999999999999 INCREMENT BY 1 START WITH 10 CACHE 20 NOORDER  NOCYCLE  NOKEEP  NOSCALE , "WAREHOUSE_NAME" VARCHAR2(255 BYTE) COLLATE "USING_NLS_COMP", "LOCATION_ID" NUMBER(12,0))  DEFAULT COLLATION "USING_NLS_COMP"
REM INSERTING into EUROPA.CONTACTS
SET DEFINE OFF;
Insert into EUROPA.CONTACTS (CONTACT_ID,FIRST_NAME,LAST_NAME,EMAIL,PHONE,CUSTOMER_ID) values (312,'Frank','Shannon','frank.shannon@henryschein.com','+91 80 012 3733',312);
Insert into EUROPA.CONTACTS (CONTACT_ID,FIRST_NAME,LAST_NAME,EMAIL,PHONE,CUSTOMER_ID) values (313,'Josiah','Beasley','josiah.beasley@hertz.com','+91 80 012 3735',313);
Insert into EUROPA.CONTACTS (CONTACT_ID,FIRST_NAME,LAST_NAME,EMAIL,PHONE,CUSTOMER_ID) values (316,'Colleen','Estrada','colleen.estrada@rgare.com','+91 80 012 3741',316);
Insert into EUROPA.CONTACTS (CONTACT_ID,FIRST_NAME,LAST_NAME,EMAIL,PHONE,CUSTOMER_ID) values (317,'Nikia','Kent','nikia.kent@pseg.com','+91 80 012 3745',317);
Insert into EUROPA.CONTACTS (CONTACT_ID,FIRST_NAME,LAST_NAME,EMAIL,PHONE,CUSTOMER_ID) values (6,'Matthias','Hannah','matthias.hannah@chs.net','+1 219 123 4136',6);
Insert into EUROPA.CONTACTS (CONTACT_ID,FIRST_NAME,LAST_NAME,EMAIL,PHONE,CUSTOMER_ID) values (17,'Guillaume','Edwards','guillaume.edwards@autonation.com','+1 616 123 4162',17);
Insert into EUROPA.CONTACTS (CONTACT_ID,FIRST_NAME,LAST_NAME,EMAIL,PHONE,CUSTOMER_ID) values (18,'Maurice','Mahoney','maurice.mahoney@progressive.com','+1 616 123 4181',18);
Insert into EUROPA.CONTACTS (CONTACT_ID,FIRST_NAME,LAST_NAME,EMAIL,PHONE,CUSTOMER_ID) values (19,'Maurice','Hasan','maurice.hasan@abbott.com','+1 517 123 4191',19);
Insert into EUROPA.CONTACTS (CONTACT_ID,FIRST_NAME,LAST_NAME,EMAIL,PHONE,CUSTOMER_ID) values (31,'Marlene','Odom','marlene.odom@cummins.com','+1 616 123 4245',31);
Insert into EUROPA.CONTACTS (CONTACT_ID,FIRST_NAME,LAST_NAME,EMAIL,PHONE,CUSTOMER_ID) values (37,'Sasha','Wallace','sasha.wallace@huntsman.com','+1 319 123 4271',37);
Insert into EUROPA.CONTACTS (CONTACT_ID,FIRST_NAME,LAST_NAME,EMAIL,PHONE,CUSTOMER_ID) values (40,'Amira','Macdonald','amira.macdonald@fluor.com','+1 712 123 4280',40);
Insert into EUROPA.CONTACTS (CONTACT_ID,FIRST_NAME,LAST_NAME,EMAIL,PHONE,CUSTOMER_ID) values (46,'Isreal','Rose','isreal.rose@supervalu.com','+1 414 123 4307',46);
Insert into EUROPA.CONTACTS (CONTACT_ID,FIRST_NAME,LAST_NAME,EMAIL,PHONE,CUSTOMER_ID) values (48,'Audie','Flores','audie.flores@southerncompany.com','+1 608 123 4309',48);
Insert into EUROPA.CONTACTS (CONTACT_ID,FIRST_NAME,LAST_NAME,EMAIL,PHONE,CUSTOMER_ID) values (53,'Corliss','Mcneil','corliss.mcneil@nglenergypartners.com','+1 608 123 4332',53);
Insert into EUROPA.CONTACTS (CONTACT_ID,FIRST_NAME,LAST_NAME,EMAIL,PHONE,CUSTOMER_ID) values (54,'Brock','Webb','brock.webb@bms.com','+1 608 123 4344',54);
Insert into EUROPA.CONTACTS (CONTACT_ID,FIRST_NAME,LAST_NAME,EMAIL,PHONE,CUSTOMER_ID) values (55,'Melany','Mcmahon','melany.mcmahon@goodyear.com','+1 414 123 4347',55);
Insert into EUROPA.CONTACTS (CONTACT_ID,FIRST_NAME,LAST_NAME,EMAIL,PHONE,CUSTOMER_ID) values (63,'Shameka','Spencer','shameka.spencer@sempra.com','+1 414 123 4376',63);
Insert into EUROPA.CONTACTS (CONTACT_ID,FIRST_NAME,LAST_NAME,EMAIL,PHONE,CUSTOMER_ID) values (65,'Fransisca','Reeves','fransisca.reeves@bakerhughes.com','+1 414 123 4381',65);
Insert into EUROPA.CONTACTS (CONTACT_ID,FIRST_NAME,LAST_NAME,EMAIL,PHONE,CUSTOMER_ID) values (67,'Agustina','Conner','agustina.conner@dollartree.com','+1 612 123 4399',67);
Insert into EUROPA.CONTACTS (CONTACT_ID,FIRST_NAME,LAST_NAME,EMAIL,PHONE,CUSTOMER_ID) values (70,'Trang','Mcconnell','trang.mcconnell@ppg.com','+1 612 123 4419',70);
Insert into EUROPA.CONTACTS (CONTACT_ID,FIRST_NAME,LAST_NAME,EMAIL,PHONE,CUSTOMER_ID) values (73,'Harriette','Melton','harriette.melton@navistar.com','+1 612 123 4434',73);
Insert into EUROPA.CONTACTS (CONTACT_ID,FIRST_NAME,LAST_NAME,EMAIL,PHONE,CUSTOMER_ID) values (78,'Elwood','Hampton','elwood.hampton@precast.com','+1 518 123 4464',78);
Insert into EUROPA.CONTACTS (CONTACT_ID,FIRST_NAME,LAST_NAME,EMAIL,PHONE,CUSTOMER_ID) values (80,'Luanna','Scott','luanna.scott@aes.com','+1 914 123 4494',80);
Insert into EUROPA.CONTACTS (CONTACT_ID,FIRST_NAME,LAST_NAME,EMAIL,PHONE,CUSTOMER_ID) values (83,'Fae','Glenn','fae.glenn@nov.com','+1 914 123 4578',83);
Insert into EUROPA.CONTACTS (CONTACT_ID,FIRST_NAME,LAST_NAME,EMAIL,PHONE,CUSTOMER_ID) values (88,'Annice','Boyer','annice.boyer@walmart.com','+1 518 123 4618',88);
Insert into EUROPA.CONTACTS (CONTACT_ID,FIRST_NAME,LAST_NAME,EMAIL,PHONE,CUSTOMER_ID) values (89,'Ja','Whitfield','ja.whitfield@exxonmobil.com','+1 914 123 4619',89);
Insert into EUROPA.CONTACTS (CONTACT_ID,FIRST_NAME,LAST_NAME,EMAIL,PHONE,CUSTOMER_ID) values (90,'Jaime','Lester','jaime.lester@apple.com','+1 518 123 4624',90);
Insert into EUROPA.CONTACTS (CONTACT_ID,FIRST_NAME,LAST_NAME,EMAIL,PHONE,CUSTOMER_ID) values (95,'Bronwyn','Horn','bronwyn.horn@gm.com','+1 610 123 4664',95);
Insert into EUROPA.CONTACTS (CONTACT_ID,FIRST_NAME,LAST_NAME,EMAIL,PHONE,CUSTOMER_ID) values (99,'Eden','Burke','eden.burke@amerisourcebergen.com','+1 215 123 4676',99);
Insert into EUROPA.CONTACTS (CONTACT_ID,FIRST_NAME,LAST_NAME,EMAIL,PHONE,CUSTOMER_ID) values (106,'Irvin','Leach','irvin.leach@walgreensbootsalliance.com','+1 814 123 4697',106);
Insert into EUROPA.CONTACTS (CONTACT_ID,FIRST_NAME,LAST_NAME,EMAIL,PHONE,CUSTOMER_ID) values (107,'Kellee','Molina','kellee.molina@hp.com','+1 412 123 4700',107);
Insert into EUROPA.CONTACTS (CONTACT_ID,FIRST_NAME,LAST_NAME,EMAIL,PHONE,CUSTOMER_ID) values (109,'Ocie','Walton','ocie.walton@express-scripts.com','+1 215 123 4708',109);
Insert into EUROPA.CONTACTS (CONTACT_ID,FIRST_NAME,LAST_NAME,EMAIL,PHONE,CUSTOMER_ID) values (116,'Sharee','Carver','sharee.carver@baxter.com','+1 215 123 4738',116);
Insert into EUROPA.CONTACTS (CONTACT_ID,FIRST_NAME,LAST_NAME,EMAIL,PHONE,CUSTOMER_ID) values (120,'Delpha','Golden','delpha.golden@stryker.com','+1 215 123 4743',120);
Insert into EUROPA.CONTACTS (CONTACT_ID,FIRST_NAME,LAST_NAME,EMAIL,PHONE,CUSTOMER_ID) values (133,'Alvaro','Hooper','alvaro.hooper@adm.com','+1 410 123 4800',133);
Insert into EUROPA.CONTACTS (CONTACT_ID,FIRST_NAME,LAST_NAME,EMAIL,PHONE,CUSTOMER_ID) values (134,'Leandro','West','leandro.west@marathonpetroleum.com','+1 410 123 4805',134);
Insert into EUROPA.CONTACTS (CONTACT_ID,FIRST_NAME,LAST_NAME,EMAIL,PHONE,CUSTOMER_ID) values (148,'Lanora','Ray','lanora.ray@dow.com','+1 612 123 4436',148);
Insert into EUROPA.CONTACTS (CONTACT_ID,FIRST_NAME,LAST_NAME,EMAIL,PHONE,CUSTOMER_ID) values (151,'Lino','Noble','lino.noble@caterpillar.com','+1 313 123 4241',151);
Insert into EUROPA.CONTACTS (CONTACT_ID,FIRST_NAME,LAST_NAME,EMAIL,PHONE,CUSTOMER_ID) values (152,'Kathie','Jordan','kathie.jordan@lockheedmartin.com','+1 616 123 4259',152);
Insert into EUROPA.CONTACTS (CONTACT_ID,FIRST_NAME,LAST_NAME,EMAIL,PHONE,CUSTOMER_ID) values (154,'Princess','Jones','princess.jones@uhsinc.com','+1 712 123 4284',154);
Insert into EUROPA.CONTACTS (CONTACT_ID,FIRST_NAME,LAST_NAME,EMAIL,PHONE,CUSTOMER_ID) values (156,'Emilio','Duncan','emilio.duncan@hcahealthcare.com','+1 414 123 4312',156);
Insert into EUROPA.CONTACTS (CONTACT_ID,FIRST_NAME,LAST_NAME,EMAIL,PHONE,CUSTOMER_ID) values (158,'Emery','Schneider','emery.schneider@owens-minor.com','+1 320 123 4385',158);
Insert into EUROPA.CONTACTS (CONTACT_ID,FIRST_NAME,LAST_NAME,EMAIL,PHONE,CUSTOMER_ID) values (166,'Jame','Calhoun','jame.calhoun@bestbuy.com','+1 814 123 4755',166);
Insert into EUROPA.CONTACTS (CONTACT_ID,FIRST_NAME,LAST_NAME,EMAIL,PHONE,CUSTOMER_ID) values (169,'Sofia','Burnett','sofia.burnett@libertymutual.com','+1 219 123 4116',169);
Insert into EUROPA.CONTACTS (CONTACT_ID,FIRST_NAME,LAST_NAME,EMAIL,PHONE,CUSTOMER_ID) values (172,'Jackeline','Finley','jackeline.finley@mastercard.com','+1 313 123 4240',172);
Insert into EUROPA.CONTACTS (CONTACT_ID,FIRST_NAME,LAST_NAME,EMAIL,PHONE,CUSTOMER_ID) values (173,'Heidy','Massey','heidy.massey@massmutual.com','+1 414 123 4340',173);
Insert into EUROPA.CONTACTS (CONTACT_ID,FIRST_NAME,LAST_NAME,EMAIL,PHONE,CUSTOMER_ID) values (179,'Gabriel','Pollard','gabriel.pollard@tiaa.org','+1 717 123 4679',179);
Insert into EUROPA.CONTACTS (CONTACT_ID,FIRST_NAME,LAST_NAME,EMAIL,PHONE,CUSTOMER_ID) values (183,'Aaron','Holder','aaron.holder@gilead.com','+1 410 123 4829',183);
Insert into EUROPA.CONTACTS (CONTACT_ID,FIRST_NAME,LAST_NAME,EMAIL,PHONE,CUSTOMER_ID) values (184,'Carlos','Moody','carlos.moody@publix.com','+86 811 012 4093',184);
Insert into EUROPA.CONTACTS (CONTACT_ID,FIRST_NAME,LAST_NAME,EMAIL,PHONE,CUSTOMER_ID) values (186,'Fran','Battle','fran.battle@tjx.com','+91 80 012 4123',186);
Insert into EUROPA.CONTACTS (CONTACT_ID,FIRST_NAME,LAST_NAME,EMAIL,PHONE,CUSTOMER_ID) values (187,'Shelia','Brewer','shelia.brewer@conocophillips.com','+49 89 012 4129',187);
Insert into EUROPA.CONTACTS (CONTACT_ID,FIRST_NAME,LAST_NAME,EMAIL,PHONE,CUSTOMER_ID) values (190,'Kenneth','Simmons','kenneth.simmons@3m.com','+39 6 012 4543',190);
Insert into EUROPA.CONTACTS (CONTACT_ID,FIRST_NAME,LAST_NAME,EMAIL,PHONE,CUSTOMER_ID) values (201,'Jarvis','Allison','jarvis.allison@travelers.com','+39 10 012 4371',201);
Insert into EUROPA.CONTACTS (CONTACT_ID,FIRST_NAME,LAST_NAME,EMAIL,PHONE,CUSTOMER_ID) values (204,'Retta','Martinez','retta.martinez@riteaid.com','+39 49 012 4377',204);
Insert into EUROPA.CONTACTS (CONTACT_ID,FIRST_NAME,LAST_NAME,EMAIL,PHONE,CUSTOMER_ID) values (209,'Emilie','Parsons','emilie.parsons@timewarner.com','+39 10 012 4363',209);
Insert into EUROPA.CONTACTS (CONTACT_ID,FIRST_NAME,LAST_NAME,EMAIL,PHONE,CUSTOMER_ID) values (214,'Tandy','House','tandy.house@ebay.com','+39 2 012 4775',214);
Insert into EUROPA.CONTACTS (CONTACT_ID,FIRST_NAME,LAST_NAME,EMAIL,PHONE,CUSTOMER_ID) values (222,'Yolanda','Ball','yolanda.ball@gamestopcorp.com','+91 80 012 4809',222);
Insert into EUROPA.CONTACTS (CONTACT_ID,FIRST_NAME,LAST_NAME,EMAIL,PHONE,CUSTOMER_ID) values (223,'Jerica','Brooks','jerica.brooks@northropgrumman.com','+91 11 012 4811',223);
Insert into EUROPA.CONTACTS (CONTACT_ID,FIRST_NAME,LAST_NAME,EMAIL,PHONE,CUSTOMER_ID) values (227,'Ginger','Atkinson','ginger.atkinson@nordstrom.com','+91 33 012 4825',227);
Insert into EUROPA.CONTACTS (CONTACT_ID,FIRST_NAME,LAST_NAME,EMAIL,PHONE,CUSTOMER_ID) values (234,'Phuong','Sanders','phuong.sanders@visa.com','+91 22 012 4839',234);
Insert into EUROPA.CONTACTS (CONTACT_ID,FIRST_NAME,LAST_NAME,EMAIL,PHONE,CUSTOMER_ID) values (238,'Shamika','Bauer','shamika.bauer@chrobinson.com','+91 11 012 4853',238);
Insert into EUROPA.CONTACTS (CONTACT_ID,FIRST_NAME,LAST_NAME,EMAIL,PHONE,CUSTOMER_ID) values (244,'Shenna','Blair','shenna.blair@viacom.com','+91 141 012 4895',244);
Insert into EUROPA.CONTACTS (CONTACT_ID,FIRST_NAME,LAST_NAME,EMAIL,PHONE,CUSTOMER_ID) values (246,'Shaquita','Norman','shaquita.norman@landolakesinc.com','+91 80 012 4919',246);
Insert into EUROPA.CONTACTS (CONTACT_ID,FIRST_NAME,LAST_NAME,EMAIL,PHONE,CUSTOMER_ID) values (254,'Isabella','Ortega','isabella.ortega@paypal.com','+39 6 012 4531',254);
Insert into EUROPA.CONTACTS (CONTACT_ID,FIRST_NAME,LAST_NAME,EMAIL,PHONE,CUSTOMER_ID) values (258,'Herb','Sloan','herb.sloan@pricelinegroup.com','+39 10 012 4387',258);
Insert into EUROPA.CONTACTS (CONTACT_ID,FIRST_NAME,LAST_NAME,EMAIL,PHONE,CUSTOMER_ID) values (271,'Elicia','Townsend','elicia.townsend@csc.com','+41 58 012 3531',271);
Insert into EUROPA.CONTACTS (CONTACT_ID,FIRST_NAME,LAST_NAME,EMAIL,PHONE,CUSTOMER_ID) values (278,'Cathey','Mcdowell','cathey.mcdowell@csx.com','+41 65 012 3545',278);
Insert into EUROPA.CONTACTS (CONTACT_ID,FIRST_NAME,LAST_NAME,EMAIL,PHONE,CUSTOMER_ID) values (279,'Deneen','Hays','deneen.hays@toysrusinc.com','+41 66 012 3547',279);
Insert into EUROPA.CONTACTS (CONTACT_ID,FIRST_NAME,LAST_NAME,EMAIL,PHONE,CUSTOMER_ID) values (284,'Janey','Burris','janey.burris@l-3com.com','+41 81 012 3557',284);
Insert into EUROPA.CONTACTS (CONTACT_ID,FIRST_NAME,LAST_NAME,EMAIL,PHONE,CUSTOMER_ID) values (289,'Estela','Donovan','estela.donovan@blackrock.com','+41 7 012 3567',289);
Insert into EUROPA.CONTACTS (CONTACT_ID,FIRST_NAME,LAST_NAME,EMAIL,PHONE,CUSTOMER_ID) values (294,'Liana','Pena','liana.pena@corning.com','+41 1 012 3577',294);
Insert into EUROPA.CONTACTS (CONTACT_ID,FIRST_NAME,LAST_NAME,EMAIL,PHONE,CUSTOMER_ID) values (295,'Francina','Slater','francina.slater@rrdonnelley.com','+41 9 012 3579',295);
Insert into EUROPA.CONTACTS (CONTACT_ID,FIRST_NAME,LAST_NAME,EMAIL,PHONE,CUSTOMER_ID) values (299,'Ginny','Carlson','ginny.carlson@orate.murphyusa.com','+91 80 012 3689',299);
Insert into EUROPA.CONTACTS (CONTACT_ID,FIRST_NAME,LAST_NAME,EMAIL,PHONE,CUSTOMER_ID) values (300,'Mozelle','Schneider','mozelle.schneider@cbre.com','+91 80 012 3695',300);
Insert into EUROPA.CONTACTS (CONTACT_ID,FIRST_NAME,LAST_NAME,EMAIL,PHONE,CUSTOMER_ID) values (303,'Ismael','Solomon','ismael.solomon@elcompanies.com','+91 80 012 3703',303);
Insert into EUROPA.CONTACTS (CONTACT_ID,FIRST_NAME,LAST_NAME,EMAIL,PHONE,CUSTOMER_ID) values (305,'Jame','Terrell','jame.terrell@biogen.com','+91 80 012 3711',305);
Insert into EUROPA.CONTACTS (CONTACT_ID,FIRST_NAME,LAST_NAME,EMAIL,PHONE,CUSTOMER_ID) values (307,'Lashunda','Davidson','lashunda.davidson@statestreet.com','+91 80 012 3717',307);
Insert into EUROPA.CONTACTS (CONTACT_ID,FIRST_NAME,LAST_NAME,EMAIL,PHONE,CUSTOMER_ID) values (309,'Darron','Robertson','darron.robertson@reynoldsamerican.com','+91 80 012 3723',309);
REM INSERTING into EUROPA.COUNTRIES
SET DEFINE OFF;
Insert into EUROPA.COUNTRIES (COUNTRY_ID,COUNTRY_NAME,REGION_ID) values ('BE','Belgium',1);
Insert into EUROPA.COUNTRIES (COUNTRY_ID,COUNTRY_NAME,REGION_ID) values ('CH','Switzerland',1);
Insert into EUROPA.COUNTRIES (COUNTRY_ID,COUNTRY_NAME,REGION_ID) values ('DE','Germany',1);
Insert into EUROPA.COUNTRIES (COUNTRY_ID,COUNTRY_NAME,REGION_ID) values ('DK','Denmark',1);
Insert into EUROPA.COUNTRIES (COUNTRY_ID,COUNTRY_NAME,REGION_ID) values ('FR','France',1);
Insert into EUROPA.COUNTRIES (COUNTRY_ID,COUNTRY_NAME,REGION_ID) values ('IT','Italy',1);
Insert into EUROPA.COUNTRIES (COUNTRY_ID,COUNTRY_NAME,REGION_ID) values ('NL','Netherlands',1);
Insert into EUROPA.COUNTRIES (COUNTRY_ID,COUNTRY_NAME,REGION_ID) values ('UK','United Kingdom',1);
REM INSERTING into EUROPA.CUSTOMERS
SET DEFINE OFF;
Insert into EUROPA.CUSTOMERS (CUSTOMER_ID,NAME,ADDRESS,WEBSITE,CREDIT_LIMIT,REGION_ID) values (307,'State Street Corp.','1607 Abwdrts St, Bangalore, Kar','http://www.statestreet.com',3500,1);
Insert into EUROPA.CUSTOMERS (CUSTOMER_ID,NAME,ADDRESS,WEBSITE,CREDIT_LIMIT,REGION_ID) values (309,'Reynolds American','1610 Betrayal Crt, Bangalore, Kar','http://www.reynoldsamerican.com',5000,1);
Insert into EUROPA.CUSTOMERS (CUSTOMER_ID,NAME,ADDRESS,WEBSITE,CREDIT_LIMIT,REGION_ID) values (312,'Henry Schein','1615 Crackers Crt, Bangalore - India, Kar','http://www.henryschein.com',5000,1);
Insert into EUROPA.CUSTOMERS (CUSTOMER_ID,NAME,ADDRESS,WEBSITE,CREDIT_LIMIT,REGION_ID) values (316,'Reinsurance Group of America','1619 Footloose Rd, Bangalore - India, Kar','http://www.rgare.com',900,1);
Insert into EUROPA.CUSTOMERS (CUSTOMER_ID,NAME,ADDRESS,WEBSITE,CREDIT_LIMIT,REGION_ID) values (317,'Public Service Enterprise Group','1621 Gargon! Blvd, Bangalore - India, Kar','http://www.pseg.com',600,1);
Insert into EUROPA.CUSTOMERS (CUSTOMER_ID,NAME,ADDRESS,WEBSITE,CREDIT_LIMIT,REGION_ID) values (37,'Huntsman','555 John F Kennedy Rd, Dubuque, IA','http://www.huntsman.com',500,1);
Insert into EUROPA.CUSTOMERS (CUSTOMER_ID,NAME,ADDRESS,WEBSITE,CREDIT_LIMIT,REGION_ID) values (73,'Navistar International','1409 Willow St # 600, Minneapolis, MN','http://www.navistar.com',1200,1);
Insert into EUROPA.CUSTOMERS (CUSTOMER_ID,NAME,ADDRESS,WEBSITE,CREDIT_LIMIT,REGION_ID) values (116,'Baxter International','810 Race St, Philadelphia, PA','http://www.baxter.com',1900,1);
Insert into EUROPA.CUSTOMERS (CUSTOMER_ID,NAME,ADDRESS,WEBSITE,CREDIT_LIMIT,REGION_ID) values (120,'Stryker','135 S 18Th St # 1, Philadelphia, PA','http://www.stryker.com',2300,1);
Insert into EUROPA.CUSTOMERS (CUSTOMER_ID,NAME,ADDRESS,WEBSITE,CREDIT_LIMIT,REGION_ID) values (154,'Universal Health Services','1751 Madison Ave, Council Bluffs, IA','http://www.uhsinc.com',3500,1);
Insert into EUROPA.CUSTOMERS (CUSTOMER_ID,NAME,ADDRESS,WEBSITE,CREDIT_LIMIT,REGION_ID) values (158,'Owens & Minor','310 Broadway St, Alexandria, MN','http://www.owens-minor.com',3600,1);
Insert into EUROPA.CUSTOMERS (CUSTOMER_ID,NAME,ADDRESS,WEBSITE,CREDIT_LIMIT,REGION_ID) values (172,'MasterCard','660 Woodward Ave # 2290, Detroit, MI','http://www.mastercard.com',3700,1);
Insert into EUROPA.CUSTOMERS (CUSTOMER_ID,NAME,ADDRESS,WEBSITE,CREDIT_LIMIT,REGION_ID) values (214,'eBay','Via Del Disegno 194, Milano, ','http://www.ebay.com',1500,1);
Insert into EUROPA.CUSTOMERS (CUSTOMER_ID,NAME,ADDRESS,WEBSITE,CREDIT_LIMIT,REGION_ID) values (222,'GameStop','1605 Bazigar Crt, Pune, ','http://www.gamestopcorp.com',5000,1);
Insert into EUROPA.CUSTOMERS (CUSTOMER_ID,NAME,ADDRESS,WEBSITE,CREDIT_LIMIT,REGION_ID) values (258,'Priceline Group','Via Notoriosa 1943, Ventimiglia, ','http://www.pricelinegroup.com',700,1);
Insert into EUROPA.CUSTOMERS (CUSTOMER_ID,NAME,ADDRESS,WEBSITE,CREDIT_LIMIT,REGION_ID) values (134,'Marathon Petroleum','4301 Ashland Ave, Baltimore, MD','http://www.marathonpetroleum.com',2400,1);
Insert into EUROPA.CUSTOMERS (CUSTOMER_ID,NAME,ADDRESS,WEBSITE,CREDIT_LIMIT,REGION_ID) values (184,'Publix Super Markets','1795 Wu Meng, Muang Chonburi, ','http://www.publix.com',1200,1);
Insert into EUROPA.CUSTOMERS (CUSTOMER_ID,NAME,ADDRESS,WEBSITE,CREDIT_LIMIT,REGION_ID) values (187,'ConocoPhillips','Walpurgisstr 69, Munich, ','http://www.conocophillips.com',2400,1);
Insert into EUROPA.CUSTOMERS (CUSTOMER_ID,NAME,ADDRESS,WEBSITE,CREDIT_LIMIT,REGION_ID) values (190,'3M','Via Frenzy 6903, Roma, ','http://www.3m.com',1200,1);
Insert into EUROPA.CUSTOMERS (CUSTOMER_ID,NAME,ADDRESS,WEBSITE,CREDIT_LIMIT,REGION_ID) values (204,'Rite Aid','Piazza Cacchiatore 23, San Giminiano, ','http://www.riteaid.com',3600,1);
Insert into EUROPA.CUSTOMERS (CUSTOMER_ID,NAME,ADDRESS,WEBSITE,CREDIT_LIMIT,REGION_ID) values (223,'Northrop Grumman','1606 Sangam Blvd, New Delhi, ','http://www.northropgrumman.com',5000,1);
Insert into EUROPA.CUSTOMERS (CUSTOMER_ID,NAME,ADDRESS,WEBSITE,CREDIT_LIMIT,REGION_ID) values (46,'Supervalu','8989 N Port Washington Rd, Milwaukee, WI','http://www.supervalu.com',500,1);
Insert into EUROPA.CUSTOMERS (CUSTOMER_ID,NAME,ADDRESS,WEBSITE,CREDIT_LIMIT,REGION_ID) values (55,'Goodyear Tire & Rubber','600 N Broadway Fl 1, Milwaukee, WI','http://www.goodyear.com',700,1);
Insert into EUROPA.CUSTOMERS (CUSTOMER_ID,NAME,ADDRESS,WEBSITE,CREDIT_LIMIT,REGION_ID) values (83,'National Oilwell Varco','1 Palisade Ave Fl 2, Yonkers, NY','http://www.nov.com',1200,1);
Insert into EUROPA.CUSTOMERS (CUSTOMER_ID,NAME,ADDRESS,WEBSITE,CREDIT_LIMIT,REGION_ID) values (238,'C.H. Robinson Worldwide','1628 Pataudi St, New Delhi, ','http://www.chrobinson.com',1900,1);
Insert into EUROPA.CUSTOMERS (CUSTOMER_ID,NAME,ADDRESS,WEBSITE,CREDIT_LIMIT,REGION_ID) values (313,'Hertz Global Holdings','1616 Crackers Blvd, Bangalore - India, Kar','http://www.hertz.com',5000,1);
Insert into EUROPA.CUSTOMERS (CUSTOMER_ID,NAME,ADDRESS,WEBSITE,CREDIT_LIMIT,REGION_ID) values (63,'Sempra Energy','633 S Hawley Rd, Milwaukee, WI','http://www.sempra.com',900,1);
Insert into EUROPA.CUSTOMERS (CUSTOMER_ID,NAME,ADDRESS,WEBSITE,CREDIT_LIMIT,REGION_ID) values (78,'Precision Castparts','726 Union St, Hudson, NY','http://www.precast.com',1200,1);
Insert into EUROPA.CUSTOMERS (CUSTOMER_ID,NAME,ADDRESS,WEBSITE,CREDIT_LIMIT,REGION_ID) values (254,'PayPal Holdings','Via Dello Croce 93, Roma, ','http://www.paypal.com',1200,1);
Insert into EUROPA.CUSTOMERS (CUSTOMER_ID,NAME,ADDRESS,WEBSITE,CREDIT_LIMIT,REGION_ID) values (294,'Corning','Pfannenstilstr 13, Egg, ZH','http://www.corning.com',2300,1);
Insert into EUROPA.CUSTOMERS (CUSTOMER_ID,NAME,ADDRESS,WEBSITE,CREDIT_LIMIT,REGION_ID) values (88,'Walmart','1790 Grand Blvd, Schenectady, NY','http://www.walmart.com',1200,1);
Insert into EUROPA.CUSTOMERS (CUSTOMER_ID,NAME,ADDRESS,WEBSITE,CREDIT_LIMIT,REGION_ID) values (89,'Exxon Mobil','7 Ingelside Ln, White Plains, NY','http://www.exxonmobil.com',1200,1);
Insert into EUROPA.CUSTOMERS (CUSTOMER_ID,NAME,ADDRESS,WEBSITE,CREDIT_LIMIT,REGION_ID) values (90,'Apple','18 Glenridge Rd, Schenectady, NY','http://www.apple.com',1200,1);
Insert into EUROPA.CUSTOMERS (CUSTOMER_ID,NAME,ADDRESS,WEBSITE,CREDIT_LIMIT,REGION_ID) values (95,'General Motors','141 Schiller St, Reading, PA','http://www.gm.com',1200,1);
Insert into EUROPA.CUSTOMERS (CUSTOMER_ID,NAME,ADDRESS,WEBSITE,CREDIT_LIMIT,REGION_ID) values (99,'AmerisourceBergen','115 Chestnut St, Philadelphia, PA','http://www.amerisourcebergen.com',1400,1);
Insert into EUROPA.CUSTOMERS (CUSTOMER_ID,NAME,ADDRESS,WEBSITE,CREDIT_LIMIT,REGION_ID) values (106,'Walgreens Boots Alliance','1808 4Th Ave, Altoona, PA','http://www.walgreensbootsalliance.com',1400,1);
Insert into EUROPA.CUSTOMERS (CUSTOMER_ID,NAME,ADDRESS,WEBSITE,CREDIT_LIMIT,REGION_ID) values (107,'HP','Station Sq, Pittsburgh, PA','http://www.hp.com',1400,1);
Insert into EUROPA.CUSTOMERS (CUSTOMER_ID,NAME,ADDRESS,WEBSITE,CREDIT_LIMIT,REGION_ID) values (109,'Express Scripts Holding','100 N Peach St, Philadelphia, PA','http://www.express-scripts.com',1400,1);
Insert into EUROPA.CUSTOMERS (CUSTOMER_ID,NAME,ADDRESS,WEBSITE,CREDIT_LIMIT,REGION_ID) values (133,'Archer Daniels Midland','680 Bel Air Rd, Bel Air, MD','http://www.adm.com',2400,1);
Insert into EUROPA.CUSTOMERS (CUSTOMER_ID,NAME,ADDRESS,WEBSITE,CREDIT_LIMIT,REGION_ID) values (148,'Dow Chemical','160 Glenwood Ave, Minneapolis, MN','http://www.dow.com',2400,1);
Insert into EUROPA.CUSTOMERS (CUSTOMER_ID,NAME,ADDRESS,WEBSITE,CREDIT_LIMIT,REGION_ID) values (151,'Caterpillar','65 Cadillac Sq # 2701, Detroit, MI','http://www.caterpillar.com',2500,1);
Insert into EUROPA.CUSTOMERS (CUSTOMER_ID,NAME,ADDRESS,WEBSITE,CREDIT_LIMIT,REGION_ID) values (152,'Lockheed Martin','3435 Tuscany Dr Se, Grand Rapids, MI','http://www.lockheedmartin.com',2500,1);
Insert into EUROPA.CUSTOMERS (CUSTOMER_ID,NAME,ADDRESS,WEBSITE,CREDIT_LIMIT,REGION_ID) values (156,'HCA Holdings','500 W Oklahoma Ave, Milwaukee, WI','http://www.hcahealthcare.com',3500,1);
Insert into EUROPA.CUSTOMERS (CUSTOMER_ID,NAME,ADDRESS,WEBSITE,CREDIT_LIMIT,REGION_ID) values (166,'Best Buy','Rt 6 E, Warren, PA','http://www.bestbuy.com',3700,1);
Insert into EUROPA.CUSTOMERS (CUSTOMER_ID,NAME,ADDRESS,WEBSITE,CREDIT_LIMIT,REGION_ID) values (169,'Liberty Mutual Insurance Group','2713 N Bendix Dr, South Bend, IN','http://www.libertymutual.com',3700,1);
Insert into EUROPA.CUSTOMERS (CUSTOMER_ID,NAME,ADDRESS,WEBSITE,CREDIT_LIMIT,REGION_ID) values (173,'Massachusetts Mutual Life Insurance','1330 N Memorial Dr, Racine, WI','http://www.massmutual.com',5000,1);
Insert into EUROPA.CUSTOMERS (CUSTOMER_ID,NAME,ADDRESS,WEBSITE,CREDIT_LIMIT,REGION_ID) values (179,'TIAA','932 High St, Lancaster, PA','http://www.tiaa.org',5000,1);
Insert into EUROPA.CUSTOMERS (CUSTOMER_ID,NAME,ADDRESS,WEBSITE,CREDIT_LIMIT,REGION_ID) values (183,'Gilead Sciences','400 E Joppa Rd, Baltimore, MD','http://www.gilead.com',5000,1);
Insert into EUROPA.CUSTOMERS (CUSTOMER_ID,NAME,ADDRESS,WEBSITE,CREDIT_LIMIT,REGION_ID) values (186,'TJX','1810 Tucker Crt, Mumbai, ','http://www.tjx.com',5000,1);
Insert into EUROPA.CUSTOMERS (CUSTOMER_ID,NAME,ADDRESS,WEBSITE,CREDIT_LIMIT,REGION_ID) values (209,'Time Warner','Via Delle Grazie 11, Tellaro, ','http://www.timewarner.com',2400,1);
Insert into EUROPA.CUSTOMERS (CUSTOMER_ID,NAME,ADDRESS,WEBSITE,CREDIT_LIMIT,REGION_ID) values (201,'Travelers Cos.','Via Frenzy 6903, Tellaro, ','http://www.travelers.com',3600,1);
Insert into EUROPA.CUSTOMERS (CUSTOMER_ID,NAME,ADDRESS,WEBSITE,CREDIT_LIMIT,REGION_ID) values (6,'Community Health Systems','1608 Portage Ave, South Bend, IN','http://www.chs.net',100,1);
Insert into EUROPA.CUSTOMERS (CUSTOMER_ID,NAME,ADDRESS,WEBSITE,CREDIT_LIMIT,REGION_ID) values (17,'AutoNation','1801 Monroe Ave Nw, Grand Rapids, MI','http://www.autonation.com',200,1);
Insert into EUROPA.CUSTOMERS (CUSTOMER_ID,NAME,ADDRESS,WEBSITE,CREDIT_LIMIT,REGION_ID) values (18,'Progressive','4925 Kendrick St Se, Grand Rapids, MI','http://www.progressive.com',200,1);
Insert into EUROPA.CUSTOMERS (CUSTOMER_ID,NAME,ADDRESS,WEBSITE,CREDIT_LIMIT,REGION_ID) values (19,'Abbott Laboratories','3310 Dixie Ct, Saginaw, MI','http://www.abbott.com',200,1);
Insert into EUROPA.CUSTOMERS (CUSTOMER_ID,NAME,ADDRESS,WEBSITE,CREDIT_LIMIT,REGION_ID) values (31,'Cummins','40 Pearl St Nw # 1020, Grand Rapids, MI','http://www.cummins.com',400,1);
Insert into EUROPA.CUSTOMERS (CUSTOMER_ID,NAME,ADDRESS,WEBSITE,CREDIT_LIMIT,REGION_ID) values (40,'Fluor','1928 Sherwood Dr, Council Bluffs, IA','http://www.fluor.com',500,1);
Insert into EUROPA.CUSTOMERS (CUSTOMER_ID,NAME,ADDRESS,WEBSITE,CREDIT_LIMIT,REGION_ID) values (48,'Southern','1314 N Stoughton Rd, Madison, WI','http://www.southerncompany.com',600,1);
Insert into EUROPA.CUSTOMERS (CUSTOMER_ID,NAME,ADDRESS,WEBSITE,CREDIT_LIMIT,REGION_ID) values (53,'NGL Energy Partners','615 N Sherman Ave, Madison, WI','http://www.nglenergypartners.com',700,1);
Insert into EUROPA.CUSTOMERS (CUSTOMER_ID,NAME,ADDRESS,WEBSITE,CREDIT_LIMIT,REGION_ID) values (54,'Bristol-Myers Squibb','512 E Grand Ave, Beloit, WI','http://www.bms.com',700,1);
Insert into EUROPA.CUSTOMERS (CUSTOMER_ID,NAME,ADDRESS,WEBSITE,CREDIT_LIMIT,REGION_ID) values (65,'Baker Hughes','3324 N Oakland Ave, Milwaukee, WI','http://www.bakerhughes.com',1200,1);
Insert into EUROPA.CUSTOMERS (CUSTOMER_ID,NAME,ADDRESS,WEBSITE,CREDIT_LIMIT,REGION_ID) values (67,'Dollar Tree','1501 Lowry Ave N, Minneapolis, MN','http://www.dollartree.com',1200,1);
Insert into EUROPA.CUSTOMERS (CUSTOMER_ID,NAME,ADDRESS,WEBSITE,CREDIT_LIMIT,REGION_ID) values (70,'PPG Industries','2800 Chicago Ave # 100, Minneapolis, MN','http://www.ppg.com',1200,1);
Insert into EUROPA.CUSTOMERS (CUSTOMER_ID,NAME,ADDRESS,WEBSITE,CREDIT_LIMIT,REGION_ID) values (80,'AES','33 Fulton St, Poughkeepsie, NY','http://www.aes.com',1200,1);
Insert into EUROPA.CUSTOMERS (CUSTOMER_ID,NAME,ADDRESS,WEBSITE,CREDIT_LIMIT,REGION_ID) values (227,'Nordstrom','1613 Victoria St, Calcutta, ','http://www.nordstrom.com',5000,1);
Insert into EUROPA.CUSTOMERS (CUSTOMER_ID,NAME,ADDRESS,WEBSITE,CREDIT_LIMIT,REGION_ID) values (234,'Visa','1620 Sixers Crt, Bombay, Kar','http://www.visa.com',5000,1);
Insert into EUROPA.CUSTOMERS (CUSTOMER_ID,NAME,ADDRESS,WEBSITE,CREDIT_LIMIT,REGION_ID) values (244,'Viacom','1650 Teesri Manjil Crt, Kashmir, ','http://www.viacom.com',3700,1);
Insert into EUROPA.CUSTOMERS (CUSTOMER_ID,NAME,ADDRESS,WEBSITE,CREDIT_LIMIT,REGION_ID) values (246,'Land O?Lakes','1662 Talaivar St, Chennai, Tam','http://www.landolakesinc.com',1500,1);
Insert into EUROPA.CUSTOMERS (CUSTOMER_ID,NAME,ADDRESS,WEBSITE,CREDIT_LIMIT,REGION_ID) values (271,'Computer Sciences','Alfred E. Neumann-Weg 3, Baden-Daettwil, AG','http://www.csc.com',500,1);
Insert into EUROPA.CUSTOMERS (CUSTOMER_ID,NAME,ADDRESS,WEBSITE,CREDIT_LIMIT,REGION_ID) values (278,'CSX','Am Waldrand 5, Baden-Daettwil, AG','http://www.csx.com',3500,1);
Insert into EUROPA.CUSTOMERS (CUSTOMER_ID,NAME,ADDRESS,WEBSITE,CREDIT_LIMIT,REGION_ID) values (279,'Toys ?R? Us','Zur Kantine 9, Baden-Daettwil, AG','http://www.toysrusinc.com',1200,1);
Insert into EUROPA.CUSTOMERS (CUSTOMER_ID,NAME,ADDRESS,WEBSITE,CREDIT_LIMIT,REGION_ID) values (284,'L-3 Communications','Le Reduit, Tschiertschen, GR','http://www.l-3com.com',1400,1);
Insert into EUROPA.CUSTOMERS (CUSTOMER_ID,NAME,ADDRESS,WEBSITE,CREDIT_LIMIT,REGION_ID) values (289,'BlackRock','Zum Froehlichen Schweizer 3, Zurich, ZH','http://www.blackrock.com',5000,1);
Insert into EUROPA.CUSTOMERS (CUSTOMER_ID,NAME,ADDRESS,WEBSITE,CREDIT_LIMIT,REGION_ID) values (295,'R.R. Donnelley & Sons','Kreuzstr 32, Zurich, ZH','http://www.rrdonnelley.com',2300,1);
Insert into EUROPA.CUSTOMERS (CUSTOMER_ID,NAME,ADDRESS,WEBSITE,CREDIT_LIMIT,REGION_ID) values (299,'Murphy USA','1593 Silverado St, Bangalore, Kar','http://corporate.murphyusa.com',1400,1);
Insert into EUROPA.CUSTOMERS (CUSTOMER_ID,NAME,ADDRESS,WEBSITE,CREDIT_LIMIT,REGION_ID) values (300,'CBRE Group','1596 Commando Blvd, Bangalore, Kar','http://www.cbre.com',1200,1);
Insert into EUROPA.CUSTOMERS (CUSTOMER_ID,NAME,ADDRESS,WEBSITE,CREDIT_LIMIT,REGION_ID) values (303,'Estee Lauder','1600 Target Crt, Bangalore, Kar','http://www.elcompanies.com',5000,1);
Insert into EUROPA.CUSTOMERS (CUSTOMER_ID,NAME,ADDRESS,WEBSITE,CREDIT_LIMIT,REGION_ID) values (305,'Biogen','1604 Volunteers Rd, Bangalore, Kar','http://www.biogen.com',500,1);
REM INSERTING into EUROPA.EMPLOYEES
SET DEFINE OFF;
Insert into EUROPA.EMPLOYEES (EMPLOYEE_ID,FIRST_NAME,LAST_NAME,EMAIL,PHONE,HIRE_DATE,MANAGER_ID,JOB_TITLE,REGION_ID) values (11,'Tyler','Ramirez','tyler.ramirez@example.com','515.124.4269',to_date('28-SEP-16','DD-MON-RR'),9,'Accountant',1);
Insert into EUROPA.EMPLOYEES (EMPLOYEE_ID,FIRST_NAME,LAST_NAME,EMAIL,PHONE,HIRE_DATE,MANAGER_ID,JOB_TITLE,REGION_ID) values (14,'Elliot','Brooks','elliot.brooks@example.com','515.124.4567',to_date('07-DEC-16','DD-MON-RR'),9,'Accountant',1);
Insert into EUROPA.EMPLOYEES (EMPLOYEE_ID,FIRST_NAME,LAST_NAME,EMAIL,PHONE,HIRE_DATE,MANAGER_ID,JOB_TITLE,REGION_ID) values (104,'Harper','Spencer','harper.spencer@example.com','515.123.7777',to_date('07-JUN-16','DD-MON-RR'),2,'Human Resources Representative',1);
Insert into EUROPA.EMPLOYEES (EMPLOYEE_ID,FIRST_NAME,LAST_NAME,EMAIL,PHONE,HIRE_DATE,MANAGER_ID,JOB_TITLE,REGION_ID) values (5,'Nathan','Cox','nathan.cox@example.com','590.423.4568',to_date('21-MAY-16','DD-MON-RR'),4,'Programmer',1);
Insert into EUROPA.EMPLOYEES (EMPLOYEE_ID,FIRST_NAME,LAST_NAME,EMAIL,PHONE,HIRE_DATE,MANAGER_ID,JOB_TITLE,REGION_ID) values (103,'Amelie','Hudson','amelie.hudson@example.com','603.123.6666',to_date('17-AUG-16','DD-MON-RR'),102,'Marketing Representative',1);
Insert into EUROPA.EMPLOYEES (EMPLOYEE_ID,FIRST_NAME,LAST_NAME,EMAIL,PHONE,HIRE_DATE,MANAGER_ID,JOB_TITLE,REGION_ID) values (17,'Frederick','Price','frederick.price@example.com','515.127.4563',to_date('24-DEC-16','DD-MON-RR'),15,'Purchasing Clerk',1);
Insert into EUROPA.EMPLOYEES (EMPLOYEE_ID,FIRST_NAME,LAST_NAME,EMAIL,PHONE,HIRE_DATE,MANAGER_ID,JOB_TITLE,REGION_ID) values (20,'Dexter','Barnes','dexter.barnes@example.com','515.127.4566',to_date('10-AUG-16','DD-MON-RR'),15,'Purchasing Clerk',1);
Insert into EUROPA.EMPLOYEES (EMPLOYEE_ID,FIRST_NAME,LAST_NAME,EMAIL,PHONE,HIRE_DATE,MANAGER_ID,JOB_TITLE,REGION_ID) values (47,'Ella','Wallace','ella.wallace@example.com','011.44.1344.467268',to_date('05-JAN-16','DD-MON-RR'),1,'Sales Manager',1);
Insert into EUROPA.EMPLOYEES (EMPLOYEE_ID,FIRST_NAME,LAST_NAME,EMAIL,PHONE,HIRE_DATE,MANAGER_ID,JOB_TITLE,REGION_ID) values (57,'Scarlett','Gibson','scarlett.gibson@example.com','011.44.1345.429268',to_date('30-JAN-16','DD-MON-RR'),47,'Sales Representative',1);
Insert into EUROPA.EMPLOYEES (EMPLOYEE_ID,FIRST_NAME,LAST_NAME,EMAIL,PHONE,HIRE_DATE,MANAGER_ID,JOB_TITLE,REGION_ID) values (61,'Daisy','Ortiz','daisy.ortiz@example.com','011.44.1345.629268',to_date('15-DEC-16','DD-MON-RR'),47,'Sales Representative',1);
Insert into EUROPA.EMPLOYEES (EMPLOYEE_ID,FIRST_NAME,LAST_NAME,EMAIL,PHONE,HIRE_DATE,MANAGER_ID,JOB_TITLE,REGION_ID) values (74,'Elsie','Henry','elsie.henry@example.com','011.44.1343.329268',to_date('21-APR-16','DD-MON-RR'),49,'Sales Representative',1);
Insert into EUROPA.EMPLOYEES (EMPLOYEE_ID,FIRST_NAME,LAST_NAME,EMAIL,PHONE,HIRE_DATE,MANAGER_ID,JOB_TITLE,REGION_ID) values (76,'Layla','Mason','layla.mason@example.com','011.44.1644.429266',to_date('19-MAR-16','DD-MON-RR'),50,'Sales Representative',1);
Insert into EUROPA.EMPLOYEES (EMPLOYEE_ID,FIRST_NAME,LAST_NAME,EMAIL,PHONE,HIRE_DATE,MANAGER_ID,JOB_TITLE,REGION_ID) values (52,'Sophie','Owens','sophie.owens@example.com','011.44.1344.345268',to_date('24-MAR-16','DD-MON-RR'),46,'Sales Representative',1);
Insert into EUROPA.EMPLOYEES (EMPLOYEE_ID,FIRST_NAME,LAST_NAME,EMAIL,PHONE,HIRE_DATE,MANAGER_ID,JOB_TITLE,REGION_ID) values (88,'Ellie','Robertson','ellie.robertson@example.com','650.509.4876',to_date('07-FEB-16','DD-MON-RR'),22,'Shipping Clerk',1);
Insert into EUROPA.EMPLOYEES (EMPLOYEE_ID,FIRST_NAME,LAST_NAME,EMAIL,PHONE,HIRE_DATE,MANAGER_ID,JOB_TITLE,REGION_ID) values (93,'Georgia','Mills','georgia.mills@example.com','650.501.1876',to_date('04-FEB-16','DD-MON-RR'),24,'Shipping Clerk',1);
Insert into EUROPA.EMPLOYEES (EMPLOYEE_ID,FIRST_NAME,LAST_NAME,EMAIL,PHONE,HIRE_DATE,MANAGER_ID,JOB_TITLE,REGION_ID) values (95,'Eleanor','Grant','eleanor.grant@example.com','650.501.3876',to_date('01-JUL-16','DD-MON-RR'),24,'Shipping Clerk',1);
Insert into EUROPA.EMPLOYEES (EMPLOYEE_ID,FIRST_NAME,LAST_NAME,EMAIL,PHONE,HIRE_DATE,MANAGER_ID,JOB_TITLE,REGION_ID) values (100,'Thea','Hawkins','thea.hawkins@example.com','650.507.9844',to_date('13-JAN-16','DD-MON-RR'),25,'Shipping Clerk',1);
Insert into EUROPA.EMPLOYEES (EMPLOYEE_ID,FIRST_NAME,LAST_NAME,EMAIL,PHONE,HIRE_DATE,MANAGER_ID,JOB_TITLE,REGION_ID) values (81,'Lola','Ramos','lola.ramos@example.com','650.507.9876',to_date('24-JAN-16','DD-MON-RR'),21,'Shipping Clerk',1);
Insert into EUROPA.EMPLOYEES (EMPLOYEE_ID,FIRST_NAME,LAST_NAME,EMAIL,PHONE,HIRE_DATE,MANAGER_ID,JOB_TITLE,REGION_ID) values (41,'Connor','Hayes','connor.hayes@example.com','650.121.1834',to_date('06-APR-16','DD-MON-RR'),24,'Stock Clerk',1);
Insert into EUROPA.EMPLOYEES (EMPLOYEE_ID,FIRST_NAME,LAST_NAME,EMAIL,PHONE,HIRE_DATE,MANAGER_ID,JOB_TITLE,REGION_ID) values (30,'Austin','Flores','austin.flores@example.com','650.124.5234',to_date('20-AUG-16','DD-MON-RR'),22,'Stock Clerk',1);
Insert into EUROPA.EMPLOYEES (EMPLOYEE_ID,FIRST_NAME,LAST_NAME,EMAIL,PHONE,HIRE_DATE,MANAGER_ID,JOB_TITLE,REGION_ID) values (45,'Isla','Graham','isla.graham@example.com','650.121.2004',to_date('09-JUL-16','DD-MON-RR'),25,'Stock Clerk',1);
Insert into EUROPA.EMPLOYEES (EMPLOYEE_ID,FIRST_NAME,LAST_NAME,EMAIL,PHONE,HIRE_DATE,MANAGER_ID,JOB_TITLE,REGION_ID) values (38,'Sonny','Russell','sonny.russell@example.com','650.121.1234',to_date('14-JUL-16','DD-MON-RR'),24,'Stock Clerk',1);
Insert into EUROPA.EMPLOYEES (EMPLOYEE_ID,FIRST_NAME,LAST_NAME,EMAIL,PHONE,HIRE_DATE,MANAGER_ID,JOB_TITLE,REGION_ID) values (39,'Kian','Griffin','kian.griffin@example.com','650.121.2034',to_date('26-OCT-16','DD-MON-RR'),24,'Stock Clerk',1);
Insert into EUROPA.EMPLOYEES (EMPLOYEE_ID,FIRST_NAME,LAST_NAME,EMAIL,PHONE,HIRE_DATE,MANAGER_ID,JOB_TITLE,REGION_ID) values (23,'Jackson','Coleman','jackson.coleman@example.com','650.123.3234',to_date('01-MAY-16','DD-MON-RR'),1,'Stock Manager',1);
REM INSERTING into EUROPA.INVENTORIES
SET DEFINE OFF;
REM INSERTING into EUROPA.LOCATIONS
SET DEFINE OFF;
Insert into EUROPA.LOCATIONS (LOCATION_ID,ADDRESS,POSTAL_CODE,CITY,STATE,COUNTRY_ID) values (1,'1297 Via Cola di Rie','00989','Roma',null,'IT');
Insert into EUROPA.LOCATIONS (LOCATION_ID,ADDRESS,POSTAL_CODE,CITY,STATE,COUNTRY_ID) values (2,'93091 Calle della Testa','10934','Venice',null,'IT');
Insert into EUROPA.LOCATIONS (LOCATION_ID,ADDRESS,POSTAL_CODE,CITY,STATE,COUNTRY_ID) values (15,'8204 Arthur St',null,'London',null,'UK');
Insert into EUROPA.LOCATIONS (LOCATION_ID,ADDRESS,POSTAL_CODE,CITY,STATE,COUNTRY_ID) values (16,'Magdalen Centre, The Oxford Science Park','OX9 9ZB','Oxford','Oxford','UK');
Insert into EUROPA.LOCATIONS (LOCATION_ID,ADDRESS,POSTAL_CODE,CITY,STATE,COUNTRY_ID) values (17,'9702 Chester Road','09629850293','Stretford','Manchester','UK');
Insert into EUROPA.LOCATIONS (LOCATION_ID,ADDRESS,POSTAL_CODE,CITY,STATE,COUNTRY_ID) values (18,'Schwanthalerstr. 7031','80925','Munich','Bavaria','DE');
Insert into EUROPA.LOCATIONS (LOCATION_ID,ADDRESS,POSTAL_CODE,CITY,STATE,COUNTRY_ID) values (20,'20 Rue des Corps-Saints','1730','Geneva','Geneve','CH');
Insert into EUROPA.LOCATIONS (LOCATION_ID,ADDRESS,POSTAL_CODE,CITY,STATE,COUNTRY_ID) values (21,'Murtenstrasse 921','3095','Bern','BE','CH');
Insert into EUROPA.LOCATIONS (LOCATION_ID,ADDRESS,POSTAL_CODE,CITY,STATE,COUNTRY_ID) values (22,'Pieter Breughelstraat 837','3029SK','Utrecht','Utrecht','NL');
REM INSERTING into EUROPA.ORDERS
SET DEFINE OFF;
REM INSERTING into EUROPA.ORDER_ITEMS
SET DEFINE OFF;
Insert into EUROPA.ORDER_ITEMS (ORDER_ID,ITEM_ID,PRODUCT_ID,QUANTITY,UNIT_PRICE) values (6,1,199,67,647.99);
Insert into EUROPA.ORDER_ITEMS (ORDER_ID,ITEM_ID,PRODUCT_ID,QUANTITY,UNIT_PRICE) values (6,2,138,41,645.99);
Insert into EUROPA.ORDER_ITEMS (ORDER_ID,ITEM_ID,PRODUCT_ID,QUANTITY,UNIT_PRICE) values (6,3,94,90,15.55);
Insert into EUROPA.ORDER_ITEMS (ORDER_ID,ITEM_ID,PRODUCT_ID,QUANTITY,UNIT_PRICE) values (6,4,258,145,57.98);
Insert into EUROPA.ORDER_ITEMS (ORDER_ID,ITEM_ID,PRODUCT_ID,QUANTITY,UNIT_PRICE) values (6,5,11,74,2015.11);
Insert into EUROPA.ORDER_ITEMS (ORDER_ID,ITEM_ID,PRODUCT_ID,QUANTITY,UNIT_PRICE) values (6,6,89,150,749.99);
Insert into EUROPA.ORDER_ITEMS (ORDER_ID,ITEM_ID,PRODUCT_ID,QUANTITY,UNIT_PRICE) values (6,7,7,119,680.99);
Insert into EUROPA.ORDER_ITEMS (ORDER_ID,ITEM_ID,PRODUCT_ID,QUANTITY,UNIT_PRICE) values (12,1,191,41,573.99);
Insert into EUROPA.ORDER_ITEMS (ORDER_ID,ITEM_ID,PRODUCT_ID,QUANTITY,UNIT_PRICE) values (12,2,63,58,572.96);
Insert into EUROPA.ORDER_ITEMS (ORDER_ID,ITEM_ID,PRODUCT_ID,QUANTITY,UNIT_PRICE) values (12,3,42,75,299.89);
Insert into EUROPA.ORDER_ITEMS (ORDER_ID,ITEM_ID,PRODUCT_ID,QUANTITY,UNIT_PRICE) values (12,4,144,70,289.79);
Insert into EUROPA.ORDER_ITEMS (ORDER_ID,ITEM_ID,PRODUCT_ID,QUANTITY,UNIT_PRICE) values (12,5,208,133,1199.99);
Insert into EUROPA.ORDER_ITEMS (ORDER_ID,ITEM_ID,PRODUCT_ID,QUANTITY,UNIT_PRICE) values (12,6,236,114,745.32);
Insert into EUROPA.ORDER_ITEMS (ORDER_ID,ITEM_ID,PRODUCT_ID,QUANTITY,UNIT_PRICE) values (12,7,141,110,419.99);
Insert into EUROPA.ORDER_ITEMS (ORDER_ID,ITEM_ID,PRODUCT_ID,QUANTITY,UNIT_PRICE) values (12,8,256,85,26.99);
Insert into EUROPA.ORDER_ITEMS (ORDER_ID,ITEM_ID,PRODUCT_ID,QUANTITY,UNIT_PRICE) values (12,9,282,117,804.99);
Insert into EUROPA.ORDER_ITEMS (ORDER_ID,ITEM_ID,PRODUCT_ID,QUANTITY,UNIT_PRICE) values (12,10,210,37,1029.99);
Insert into EUROPA.ORDER_ITEMS (ORDER_ID,ITEM_ID,PRODUCT_ID,QUANTITY,UNIT_PRICE) values (12,11,169,114,1844.89);
Insert into EUROPA.ORDER_ITEMS (ORDER_ID,ITEM_ID,PRODUCT_ID,QUANTITY,UNIT_PRICE) values (12,12,96,120,141.56);
Insert into EUROPA.ORDER_ITEMS (ORDER_ID,ITEM_ID,PRODUCT_ID,QUANTITY,UNIT_PRICE) values (14,1,129,98,734.99);
Insert into EUROPA.ORDER_ITEMS (ORDER_ID,ITEM_ID,PRODUCT_ID,QUANTITY,UNIT_PRICE) values (14,2,206,133,4139);
Insert into EUROPA.ORDER_ITEMS (ORDER_ID,ITEM_ID,PRODUCT_ID,QUANTITY,UNIT_PRICE) values (14,3,231,87,449.99);
Insert into EUROPA.ORDER_ITEMS (ORDER_ID,ITEM_ID,PRODUCT_ID,QUANTITY,UNIT_PRICE) values (14,4,114,40,820.61);
Insert into EUROPA.ORDER_ITEMS (ORDER_ID,ITEM_ID,PRODUCT_ID,QUANTITY,UNIT_PRICE) values (14,5,239,125,739.99);
Insert into EUROPA.ORDER_ITEMS (ORDER_ID,ITEM_ID,PRODUCT_ID,QUANTITY,UNIT_PRICE) values (14,6,188,79,482.49);
Insert into EUROPA.ORDER_ITEMS (ORDER_ID,ITEM_ID,PRODUCT_ID,QUANTITY,UNIT_PRICE) values (14,7,113,32,704.99);
Insert into EUROPA.ORDER_ITEMS (ORDER_ID,ITEM_ID,PRODUCT_ID,QUANTITY,UNIT_PRICE) values (14,8,238,64,741.78);
Insert into EUROPA.ORDER_ITEMS (ORDER_ID,ITEM_ID,PRODUCT_ID,QUANTITY,UNIT_PRICE) values (17,1,149,51,282.98);
Insert into EUROPA.ORDER_ITEMS (ORDER_ID,ITEM_ID,PRODUCT_ID,QUANTITY,UNIT_PRICE) values (18,1,213,105,1469.96);
Insert into EUROPA.ORDER_ITEMS (ORDER_ID,ITEM_ID,PRODUCT_ID,QUANTITY,UNIT_PRICE) values (18,2,226,57,309.85);
Insert into EUROPA.ORDER_ITEMS (ORDER_ID,ITEM_ID,PRODUCT_ID,QUANTITY,UNIT_PRICE) values (18,3,93,83,2116.72);
Insert into EUROPA.ORDER_ITEMS (ORDER_ID,ITEM_ID,PRODUCT_ID,QUANTITY,UNIT_PRICE) values (18,4,91,141,2259.99);
Insert into EUROPA.ORDER_ITEMS (ORDER_ID,ITEM_ID,PRODUCT_ID,QUANTITY,UNIT_PRICE) values (18,5,87,103,759.99);
Insert into EUROPA.ORDER_ITEMS (ORDER_ID,ITEM_ID,PRODUCT_ID,QUANTITY,UNIT_PRICE) values (18,6,259,60,80.72);
Insert into EUROPA.ORDER_ITEMS (ORDER_ID,ITEM_ID,PRODUCT_ID,QUANTITY,UNIT_PRICE) values (18,7,188,133,482.49);
Insert into EUROPA.ORDER_ITEMS (ORDER_ID,ITEM_ID,PRODUCT_ID,QUANTITY,UNIT_PRICE) values (18,8,136,32,826.99);
Insert into EUROPA.ORDER_ITEMS (ORDER_ID,ITEM_ID,PRODUCT_ID,QUANTITY,UNIT_PRICE) values (19,1,38,53,1199.99);
Insert into EUROPA.ORDER_ITEMS (ORDER_ID,ITEM_ID,PRODUCT_ID,QUANTITY,UNIT_PRICE) values (19,2,24,62,66.89);
Insert into EUROPA.ORDER_ITEMS (ORDER_ID,ITEM_ID,PRODUCT_ID,QUANTITY,UNIT_PRICE) values (19,3,23,142,89.89);
Insert into EUROPA.ORDER_ITEMS (ORDER_ID,ITEM_ID,PRODUCT_ID,QUANTITY,UNIT_PRICE) values (19,4,259,46,80.72);
Insert into EUROPA.ORDER_ITEMS (ORDER_ID,ITEM_ID,PRODUCT_ID,QUANTITY,UNIT_PRICE) values (19,5,107,106,644);
Insert into EUROPA.ORDER_ITEMS (ORDER_ID,ITEM_ID,PRODUCT_ID,QUANTITY,UNIT_PRICE) values (19,6,103,105,809.99);
Insert into EUROPA.ORDER_ITEMS (ORDER_ID,ITEM_ID,PRODUCT_ID,QUANTITY,UNIT_PRICE) values (19,7,30,94,645.2);
Insert into EUROPA.ORDER_ITEMS (ORDER_ID,ITEM_ID,PRODUCT_ID,QUANTITY,UNIT_PRICE) values (19,8,91,130,2259.99);
Insert into EUROPA.ORDER_ITEMS (ORDER_ID,ITEM_ID,PRODUCT_ID,QUANTITY,UNIT_PRICE) values (19,9,63,83,572.96);
Insert into EUROPA.ORDER_ITEMS (ORDER_ID,ITEM_ID,PRODUCT_ID,QUANTITY,UNIT_PRICE) values (19,10,200,93,620.95);
Insert into EUROPA.ORDER_ITEMS (ORDER_ID,ITEM_ID,PRODUCT_ID,QUANTITY,UNIT_PRICE) values (26,1,200,114,620.95);
Insert into EUROPA.ORDER_ITEMS (ORDER_ID,ITEM_ID,PRODUCT_ID,QUANTITY,UNIT_PRICE) values (26,2,186,92,1449.98);
Insert into EUROPA.ORDER_ITEMS (ORDER_ID,ITEM_ID,PRODUCT_ID,QUANTITY,UNIT_PRICE) values (26,3,279,71,1318.99);
Insert into EUROPA.ORDER_ITEMS (ORDER_ID,ITEM_ID,PRODUCT_ID,QUANTITY,UNIT_PRICE) values (26,4,164,78,1850);
Insert into EUROPA.ORDER_ITEMS (ORDER_ID,ITEM_ID,PRODUCT_ID,QUANTITY,UNIT_PRICE) values (26,5,151,36,281.97);
Insert into EUROPA.ORDER_ITEMS (ORDER_ID,ITEM_ID,PRODUCT_ID,QUANTITY,UNIT_PRICE) values (28,1,31,61,443.72);
Insert into EUROPA.ORDER_ITEMS (ORDER_ID,ITEM_ID,PRODUCT_ID,QUANTITY,UNIT_PRICE) values (28,2,121,120,721.99);
Insert into EUROPA.ORDER_ITEMS (ORDER_ID,ITEM_ID,PRODUCT_ID,QUANTITY,UNIT_PRICE) values (28,3,41,56,299.89);
Insert into EUROPA.ORDER_ITEMS (ORDER_ID,ITEM_ID,PRODUCT_ID,QUANTITY,UNIT_PRICE) values (28,4,208,139,1199.99);
Insert into EUROPA.ORDER_ITEMS (ORDER_ID,ITEM_ID,PRODUCT_ID,QUANTITY,UNIT_PRICE) values (28,5,27,99,800.74);
Insert into EUROPA.ORDER_ITEMS (ORDER_ID,ITEM_ID,PRODUCT_ID,QUANTITY,UNIT_PRICE) values (28,6,210,120,1029.99);
Insert into EUROPA.ORDER_ITEMS (ORDER_ID,ITEM_ID,PRODUCT_ID,QUANTITY,UNIT_PRICE) values (28,7,54,131,1019.99);
Insert into EUROPA.ORDER_ITEMS (ORDER_ID,ITEM_ID,PRODUCT_ID,QUANTITY,UNIT_PRICE) values (28,8,40,105,299.89);
Insert into EUROPA.ORDER_ITEMS (ORDER_ID,ITEM_ID,PRODUCT_ID,QUANTITY,UNIT_PRICE) values (31,1,101,68,635.99);
Insert into EUROPA.ORDER_ITEMS (ORDER_ID,ITEM_ID,PRODUCT_ID,QUANTITY,UNIT_PRICE) values (31,2,176,97,939.49);
Insert into EUROPA.ORDER_ITEMS (ORDER_ID,ITEM_ID,PRODUCT_ID,QUANTITY,UNIT_PRICE) values (31,3,191,147,573.99);
Insert into EUROPA.ORDER_ITEMS (ORDER_ID,ITEM_ID,PRODUCT_ID,QUANTITY,UNIT_PRICE) values (31,4,226,34,309.85);
Insert into EUROPA.ORDER_ITEMS (ORDER_ID,ITEM_ID,PRODUCT_ID,QUANTITY,UNIT_PRICE) values (31,5,79,56,659.99);
Insert into EUROPA.ORDER_ITEMS (ORDER_ID,ITEM_ID,PRODUCT_ID,QUANTITY,UNIT_PRICE) values (31,6,171,103,382.98);
Insert into EUROPA.ORDER_ITEMS (ORDER_ID,ITEM_ID,PRODUCT_ID,QUANTITY,UNIT_PRICE) values (33,1,55,93,150.99);
Insert into EUROPA.ORDER_ITEMS (ORDER_ID,ITEM_ID,PRODUCT_ID,QUANTITY,UNIT_PRICE) values (33,2,153,33,1249);
Insert into EUROPA.ORDER_ITEMS (ORDER_ID,ITEM_ID,PRODUCT_ID,QUANTITY,UNIT_PRICE) values (33,3,217,67,401.98);
Insert into EUROPA.ORDER_ITEMS (ORDER_ID,ITEM_ID,PRODUCT_ID,QUANTITY,UNIT_PRICE) values (33,4,55,93,150.99);
Insert into EUROPA.ORDER_ITEMS (ORDER_ID,ITEM_ID,PRODUCT_ID,QUANTITY,UNIT_PRICE) values (33,5,62,84,789.79);
Insert into EUROPA.ORDER_ITEMS (ORDER_ID,ITEM_ID,PRODUCT_ID,QUANTITY,UNIT_PRICE) values (33,6,190,70,948.99);
Insert into EUROPA.ORDER_ITEMS (ORDER_ID,ITEM_ID,PRODUCT_ID,QUANTITY,UNIT_PRICE) values (33,7,18,41,799);
Insert into EUROPA.ORDER_ITEMS (ORDER_ID,ITEM_ID,PRODUCT_ID,QUANTITY,UNIT_PRICE) values (33,8,13,75,704.99);
Insert into EUROPA.ORDER_ITEMS (ORDER_ID,ITEM_ID,PRODUCT_ID,QUANTITY,UNIT_PRICE) values (38,1,71,90,660);
Insert into EUROPA.ORDER_ITEMS (ORDER_ID,ITEM_ID,PRODUCT_ID,QUANTITY,UNIT_PRICE) values (38,2,169,52,1844.89);
Insert into EUROPA.ORDER_ITEMS (ORDER_ID,ITEM_ID,PRODUCT_ID,QUANTITY,UNIT_PRICE) values (38,3,264,89,88.99);
Insert into EUROPA.ORDER_ITEMS (ORDER_ID,ITEM_ID,PRODUCT_ID,QUANTITY,UNIT_PRICE) values (38,4,61,59,487.3);
Insert into EUROPA.ORDER_ITEMS (ORDER_ID,ITEM_ID,PRODUCT_ID,QUANTITY,UNIT_PRICE) values (38,5,209,149,1199.99);
Insert into EUROPA.ORDER_ITEMS (ORDER_ID,ITEM_ID,PRODUCT_ID,QUANTITY,UNIT_PRICE) values (38,6,278,76,677.99);
Insert into EUROPA.ORDER_ITEMS (ORDER_ID,ITEM_ID,PRODUCT_ID,QUANTITY,UNIT_PRICE) values (38,7,49,139,1499.99);
Insert into EUROPA.ORDER_ITEMS (ORDER_ID,ITEM_ID,PRODUCT_ID,QUANTITY,UNIT_PRICE) values (39,1,186,116,1449.98);
Insert into EUROPA.ORDER_ITEMS (ORDER_ID,ITEM_ID,PRODUCT_ID,QUANTITY,UNIT_PRICE) values (39,2,153,108,1249);
Insert into EUROPA.ORDER_ITEMS (ORDER_ID,ITEM_ID,PRODUCT_ID,QUANTITY,UNIT_PRICE) values (39,3,109,33,713.99);
Insert into EUROPA.ORDER_ITEMS (ORDER_ID,ITEM_ID,PRODUCT_ID,QUANTITY,UNIT_PRICE) values (39,4,53,128,1003.98);
Insert into EUROPA.ORDER_ITEMS (ORDER_ID,ITEM_ID,PRODUCT_ID,QUANTITY,UNIT_PRICE) values (39,5,38,144,1199.99);
Insert into EUROPA.ORDER_ITEMS (ORDER_ID,ITEM_ID,PRODUCT_ID,QUANTITY,UNIT_PRICE) values (39,6,20,112,719.99);
Insert into EUROPA.ORDER_ITEMS (ORDER_ID,ITEM_ID,PRODUCT_ID,QUANTITY,UNIT_PRICE) values (39,7,185,101,873.98);
Insert into EUROPA.ORDER_ITEMS (ORDER_ID,ITEM_ID,PRODUCT_ID,QUANTITY,UNIT_PRICE) values (39,8,179,102,312.67);
Insert into EUROPA.ORDER_ITEMS (ORDER_ID,ITEM_ID,PRODUCT_ID,QUANTITY,UNIT_PRICE) values (39,9,144,125,289.79);
Insert into EUROPA.ORDER_ITEMS (ORDER_ID,ITEM_ID,PRODUCT_ID,QUANTITY,UNIT_PRICE) values (40,1,141,106,419.99);
Insert into EUROPA.ORDER_ITEMS (ORDER_ID,ITEM_ID,PRODUCT_ID,QUANTITY,UNIT_PRICE) values (40,2,101,131,635.99);
Insert into EUROPA.ORDER_ITEMS (ORDER_ID,ITEM_ID,PRODUCT_ID,QUANTITY,UNIT_PRICE) values (40,3,250,131,338.99);
Insert into EUROPA.ORDER_ITEMS (ORDER_ID,ITEM_ID,PRODUCT_ID,QUANTITY,UNIT_PRICE) values (40,4,230,80,136.69);
Insert into EUROPA.ORDER_ITEMS (ORDER_ID,ITEM_ID,PRODUCT_ID,QUANTITY,UNIT_PRICE) values (40,5,98,149,2064.99);
Insert into EUROPA.ORDER_ITEMS (ORDER_ID,ITEM_ID,PRODUCT_ID,QUANTITY,UNIT_PRICE) values (40,6,273,82,443.64);
Insert into EUROPA.ORDER_ITEMS (ORDER_ID,ITEM_ID,PRODUCT_ID,QUANTITY,UNIT_PRICE) values (40,7,258,99,57.98);
Insert into EUROPA.ORDER_ITEMS (ORDER_ID,ITEM_ID,PRODUCT_ID,QUANTITY,UNIT_PRICE) values (40,8,31,30,443.72);
Insert into EUROPA.ORDER_ITEMS (ORDER_ID,ITEM_ID,PRODUCT_ID,QUANTITY,UNIT_PRICE) values (40,9,170,31,383.98);
Insert into EUROPA.ORDER_ITEMS (ORDER_ID,ITEM_ID,PRODUCT_ID,QUANTITY,UNIT_PRICE) values (40,10,215,36,829.89);
Insert into EUROPA.ORDER_ITEMS (ORDER_ID,ITEM_ID,PRODUCT_ID,QUANTITY,UNIT_PRICE) values (40,11,184,88,999.99);
Insert into EUROPA.ORDER_ITEMS (ORDER_ID,ITEM_ID,PRODUCT_ID,QUANTITY,UNIT_PRICE) values (51,1,21,34,749.99);
Insert into EUROPA.ORDER_ITEMS (ORDER_ID,ITEM_ID,PRODUCT_ID,QUANTITY,UNIT_PRICE) values (51,2,7,64,680.99);
Insert into EUROPA.ORDER_ITEMS (ORDER_ID,ITEM_ID,PRODUCT_ID,QUANTITY,UNIT_PRICE) values (53,1,100,130,97.88);
Insert into EUROPA.ORDER_ITEMS (ORDER_ID,ITEM_ID,PRODUCT_ID,QUANTITY,UNIT_PRICE) values (53,2,168,89,43.99);
Insert into EUROPA.ORDER_ITEMS (ORDER_ID,ITEM_ID,PRODUCT_ID,QUANTITY,UNIT_PRICE) values (53,3,9,106,899.99);
Insert into EUROPA.ORDER_ITEMS (ORDER_ID,ITEM_ID,PRODUCT_ID,QUANTITY,UNIT_PRICE) values (53,4,177,96,1759.99);
Insert into EUROPA.ORDER_ITEMS (ORDER_ID,ITEM_ID,PRODUCT_ID,QUANTITY,UNIT_PRICE) values (54,1,208,73,1199.99);
Insert into EUROPA.ORDER_ITEMS (ORDER_ID,ITEM_ID,PRODUCT_ID,QUANTITY,UNIT_PRICE) values (54,2,4,136,2699.99);
Insert into EUROPA.ORDER_ITEMS (ORDER_ID,ITEM_ID,PRODUCT_ID,QUANTITY,UNIT_PRICE) values (54,3,68,134,766.11);
Insert into EUROPA.ORDER_ITEMS (ORDER_ID,ITEM_ID,PRODUCT_ID,QUANTITY,UNIT_PRICE) values (56,1,84,70,440.3);
Insert into EUROPA.ORDER_ITEMS (ORDER_ID,ITEM_ID,PRODUCT_ID,QUANTITY,UNIT_PRICE) values (59,1,178,101,1999.89);
Insert into EUROPA.ORDER_ITEMS (ORDER_ID,ITEM_ID,PRODUCT_ID,QUANTITY,UNIT_PRICE) values (59,2,166,34,1638.89);
Insert into EUROPA.ORDER_ITEMS (ORDER_ID,ITEM_ID,PRODUCT_ID,QUANTITY,UNIT_PRICE) values (59,3,118,105,699.89);
Insert into EUROPA.ORDER_ITEMS (ORDER_ID,ITEM_ID,PRODUCT_ID,QUANTITY,UNIT_PRICE) values (59,4,47,138,2377.09);
Insert into EUROPA.ORDER_ITEMS (ORDER_ID,ITEM_ID,PRODUCT_ID,QUANTITY,UNIT_PRICE) values (59,5,203,117,671.38);
Insert into EUROPA.ORDER_ITEMS (ORDER_ID,ITEM_ID,PRODUCT_ID,QUANTITY,UNIT_PRICE) values (59,6,154,126,1204.98);
Insert into EUROPA.ORDER_ITEMS (ORDER_ID,ITEM_ID,PRODUCT_ID,QUANTITY,UNIT_PRICE) values (59,7,152,82,280.98);
Insert into EUROPA.ORDER_ITEMS (ORDER_ID,ITEM_ID,PRODUCT_ID,QUANTITY,UNIT_PRICE) values (59,8,287,96,329.99);
Insert into EUROPA.ORDER_ITEMS (ORDER_ID,ITEM_ID,PRODUCT_ID,QUANTITY,UNIT_PRICE) values (59,9,154,82,1204.98);
Insert into EUROPA.ORDER_ITEMS (ORDER_ID,ITEM_ID,PRODUCT_ID,QUANTITY,UNIT_PRICE) values (65,1,280,104,149.88);
Insert into EUROPA.ORDER_ITEMS (ORDER_ID,ITEM_ID,PRODUCT_ID,QUANTITY,UNIT_PRICE) values (65,2,113,83,704.99);
Insert into EUROPA.ORDER_ITEMS (ORDER_ID,ITEM_ID,PRODUCT_ID,QUANTITY,UNIT_PRICE) values (65,3,116,35,731.99);
Insert into EUROPA.ORDER_ITEMS (ORDER_ID,ITEM_ID,PRODUCT_ID,QUANTITY,UNIT_PRICE) values (65,4,248,42,2774.98);
Insert into EUROPA.ORDER_ITEMS (ORDER_ID,ITEM_ID,PRODUCT_ID,QUANTITY,UNIT_PRICE) values (65,5,119,141,899.99);
Insert into EUROPA.ORDER_ITEMS (ORDER_ID,ITEM_ID,PRODUCT_ID,QUANTITY,UNIT_PRICE) values (65,6,262,118,1449.99);
Insert into EUROPA.ORDER_ITEMS (ORDER_ID,ITEM_ID,PRODUCT_ID,QUANTITY,UNIT_PRICE) values (71,1,19,146,1704.37);
Insert into EUROPA.ORDER_ITEMS (ORDER_ID,ITEM_ID,PRODUCT_ID,QUANTITY,UNIT_PRICE) values (71,2,241,38,1756);
Insert into EUROPA.ORDER_ITEMS (ORDER_ID,ITEM_ID,PRODUCT_ID,QUANTITY,UNIT_PRICE) values (71,3,195,75,1055.99);
Insert into EUROPA.ORDER_ITEMS (ORDER_ID,ITEM_ID,PRODUCT_ID,QUANTITY,UNIT_PRICE) values (73,1,245,120,1699);
Insert into EUROPA.ORDER_ITEMS (ORDER_ID,ITEM_ID,PRODUCT_ID,QUANTITY,UNIT_PRICE) values (73,2,35,130,1314.99);
Insert into EUROPA.ORDER_ITEMS (ORDER_ID,ITEM_ID,PRODUCT_ID,QUANTITY,UNIT_PRICE) values (73,3,31,102,443.72);
Insert into EUROPA.ORDER_ITEMS (ORDER_ID,ITEM_ID,PRODUCT_ID,QUANTITY,UNIT_PRICE) values (73,4,45,54,2501.69);
Insert into EUROPA.ORDER_ITEMS (ORDER_ID,ITEM_ID,PRODUCT_ID,QUANTITY,UNIT_PRICE) values (73,5,192,124,519.99);
Insert into EUROPA.ORDER_ITEMS (ORDER_ID,ITEM_ID,PRODUCT_ID,QUANTITY,UNIT_PRICE) values (76,1,109,92,713.99);
Insert into EUROPA.ORDER_ITEMS (ORDER_ID,ITEM_ID,PRODUCT_ID,QUANTITY,UNIT_PRICE) values (76,2,177,98,1759.99);
Insert into EUROPA.ORDER_ITEMS (ORDER_ID,ITEM_ID,PRODUCT_ID,QUANTITY,UNIT_PRICE) values (76,3,163,134,1899.99);
Insert into EUROPA.ORDER_ITEMS (ORDER_ID,ITEM_ID,PRODUCT_ID,QUANTITY,UNIT_PRICE) values (76,4,272,56,1073.99);
Insert into EUROPA.ORDER_ITEMS (ORDER_ID,ITEM_ID,PRODUCT_ID,QUANTITY,UNIT_PRICE) values (76,5,89,133,749.99);
Insert into EUROPA.ORDER_ITEMS (ORDER_ID,ITEM_ID,PRODUCT_ID,QUANTITY,UNIT_PRICE) values (76,6,167,46,1010.46);
Insert into EUROPA.ORDER_ITEMS (ORDER_ID,ITEM_ID,PRODUCT_ID,QUANTITY,UNIT_PRICE) values (76,7,196,125,1099.99);
Insert into EUROPA.ORDER_ITEMS (ORDER_ID,ITEM_ID,PRODUCT_ID,QUANTITY,UNIT_PRICE) values (76,8,201,91,653.5);
Insert into EUROPA.ORDER_ITEMS (ORDER_ID,ITEM_ID,PRODUCT_ID,QUANTITY,UNIT_PRICE) values (76,9,155,78,588.95);
Insert into EUROPA.ORDER_ITEMS (ORDER_ID,ITEM_ID,PRODUCT_ID,QUANTITY,UNIT_PRICE) values (76,10,95,106,109.99);
Insert into EUROPA.ORDER_ITEMS (ORDER_ID,ITEM_ID,PRODUCT_ID,QUANTITY,UNIT_PRICE) values (88,1,278,139,677.99);
Insert into EUROPA.ORDER_ITEMS (ORDER_ID,ITEM_ID,PRODUCT_ID,QUANTITY,UNIT_PRICE) values (88,2,11,106,2015.11);
Insert into EUROPA.ORDER_ITEMS (ORDER_ID,ITEM_ID,PRODUCT_ID,QUANTITY,UNIT_PRICE) values (93,1,257,70,84.95);
Insert into EUROPA.ORDER_ITEMS (ORDER_ID,ITEM_ID,PRODUCT_ID,QUANTITY,UNIT_PRICE) values (93,2,169,46,1844.89);
Insert into EUROPA.ORDER_ITEMS (ORDER_ID,ITEM_ID,PRODUCT_ID,QUANTITY,UNIT_PRICE) values (93,3,251,30,337.81);
Insert into EUROPA.ORDER_ITEMS (ORDER_ID,ITEM_ID,PRODUCT_ID,QUANTITY,UNIT_PRICE) values (93,4,43,113,298.98);
Insert into EUROPA.ORDER_ITEMS (ORDER_ID,ITEM_ID,PRODUCT_ID,QUANTITY,UNIT_PRICE) values (93,5,121,141,721.99);
Insert into EUROPA.ORDER_ITEMS (ORDER_ID,ITEM_ID,PRODUCT_ID,QUANTITY,UNIT_PRICE) values (96,1,260,34,267.99);
Insert into EUROPA.ORDER_ITEMS (ORDER_ID,ITEM_ID,PRODUCT_ID,QUANTITY,UNIT_PRICE) values (98,1,66,104,399.99);
Insert into EUROPA.ORDER_ITEMS (ORDER_ID,ITEM_ID,PRODUCT_ID,QUANTITY,UNIT_PRICE) values (98,2,48,44,1218.5);
Insert into EUROPA.ORDER_ITEMS (ORDER_ID,ITEM_ID,PRODUCT_ID,QUANTITY,UNIT_PRICE) values (103,1,6,117,849.99);
Insert into EUROPA.ORDER_ITEMS (ORDER_ID,ITEM_ID,PRODUCT_ID,QUANTITY,UNIT_PRICE) values (103,2,258,142,57.98);
Insert into EUROPA.ORDER_ITEMS (ORDER_ID,ITEM_ID,PRODUCT_ID,QUANTITY,UNIT_PRICE) values (104,1,129,74,734.99);
Insert into EUROPA.ORDER_ITEMS (ORDER_ID,ITEM_ID,PRODUCT_ID,QUANTITY,UNIT_PRICE) values (104,2,171,90,382.98);
Insert into EUROPA.ORDER_ITEMS (ORDER_ID,ITEM_ID,PRODUCT_ID,QUANTITY,UNIT_PRICE) values (104,3,45,48,2501.69);
Insert into EUROPA.ORDER_ITEMS (ORDER_ID,ITEM_ID,PRODUCT_ID,QUANTITY,UNIT_PRICE) values (104,4,48,51,1218.5);
Insert into EUROPA.ORDER_ITEMS (ORDER_ID,ITEM_ID,PRODUCT_ID,QUANTITY,UNIT_PRICE) values (104,5,281,85,864.98);
Insert into EUROPA.ORDER_ITEMS (ORDER_ID,ITEM_ID,PRODUCT_ID,QUANTITY,UNIT_PRICE) values (104,6,51,139,2269.99);
Insert into EUROPA.ORDER_ITEMS (ORDER_ID,ITEM_ID,PRODUCT_ID,QUANTITY,UNIT_PRICE) values (104,7,178,145,1999.89);
REM INSERTING into EUROPA.PRODUCTS
SET DEFINE OFF;
Insert into EUROPA.PRODUCTS (PRODUCT_ID,PRODUCT_NAME,DESCRIPTION,STANDARD_COST,LIST_PRICE,CATEGORY_ID) values (240,'Intel Core i7-4960X Extreme Edition','Speed:3.6GHz,Cores:6,TDP:130W',1496.43,1805.97,1);
Insert into EUROPA.PRODUCTS (PRODUCT_ID,PRODUCT_NAME,DESCRIPTION,STANDARD_COST,LIST_PRICE,CATEGORY_ID) values (241,'Intel Xeon E5-2699 V4 (OEM/Tray)','Speed:2.2GHz,Cores:22,TDP:145W',1535.62,1756,1);
Insert into EUROPA.PRODUCTS (PRODUCT_ID,PRODUCT_NAME,DESCRIPTION,STANDARD_COST,LIST_PRICE,CATEGORY_ID) values (242,'Intel Xeon E5-1680 V3 (OEM/Tray)','Speed:3.2GHz,Cores:8,TDP:140W',1519.85,1751.99,1);
Insert into EUROPA.PRODUCTS (PRODUCT_ID,PRODUCT_NAME,DESCRIPTION,STANDARD_COST,LIST_PRICE,CATEGORY_ID) values (243,'Intel Xeon E5-2643 V4 (OEM/Tray)','Speed:3.4GHz,Cores:6,TDP:135W',1225.59,1708.86,1);
Insert into EUROPA.PRODUCTS (PRODUCT_ID,PRODUCT_NAME,DESCRIPTION,STANDARD_COST,LIST_PRICE,CATEGORY_ID) values (19,'Intel Core i7-6950X (OEM/Tray)','Speed:3.0GHz,Cores:10,TDP:140W',1479.56,1704.37,1);
Insert into EUROPA.PRODUCTS (PRODUCT_ID,PRODUCT_NAME,DESCRIPTION,STANDARD_COST,LIST_PRICE,CATEGORY_ID) values (52,'Intel Xeon E5-2670 V3','Speed:2.3GHz,Cores:12,TDP:120W',1453.94,1676.98,1);
Insert into EUROPA.PRODUCTS (PRODUCT_ID,PRODUCT_NAME,DESCRIPTION,STANDARD_COST,LIST_PRICE,CATEGORY_ID) values (165,'Intel Xeon E5-2680','Speed:2.7GHz,Cores:8,TDP:130W',1479.95,1666.61,1);
Insert into EUROPA.PRODUCTS (PRODUCT_ID,PRODUCT_NAME,DESCRIPTION,STANDARD_COST,LIST_PRICE,CATEGORY_ID) values (212,'Intel Xeon E5-2680 V4','Speed:2.4GHz,Cores:14,TDP:120W',1365.13,1639.99,1);
Insert into EUROPA.PRODUCTS (PRODUCT_ID,PRODUCT_NAME,DESCRIPTION,STANDARD_COST,LIST_PRICE,CATEGORY_ID) values (166,'Intel Xeon E5-2680 V3 (OEM/Tray)','Speed:2.5GHz,Cores:12,TDP:120W',1166.89,1638.89,1);
Insert into EUROPA.PRODUCTS (PRODUCT_ID,PRODUCT_NAME,DESCRIPTION,STANDARD_COST,LIST_PRICE,CATEGORY_ID) values (82,'Intel Core i7-6950X','Speed:3.0GHz,Cores:10,TDP:140W',1052.92,1499.89,1);
Insert into EUROPA.PRODUCTS (PRODUCT_ID,PRODUCT_NAME,DESCRIPTION,STANDARD_COST,LIST_PRICE,CATEGORY_ID) values (213,'Intel Xeon E5-2643 V3 (OEM/Tray)','Speed:3.4GHz,Cores:6,TDP:135W',1266.37,1469.96,1);
Insert into EUROPA.PRODUCTS (PRODUCT_ID,PRODUCT_NAME,DESCRIPTION,STANDARD_COST,LIST_PRICE,CATEGORY_ID) values (218,'Intel Xeon E5-2660 V4','Speed:2.0GHz,Cores:14,TDP:105W',1194.03,1388.89,1);
Insert into EUROPA.PRODUCTS (PRODUCT_ID,PRODUCT_NAME,DESCRIPTION,STANDARD_COST,LIST_PRICE,CATEGORY_ID) values (219,'Intel Xeon E5-2660 V3','Speed:2.6GHz,Cores:10,TDP:105W',1041.99,1299.73,1);
Insert into EUROPA.PRODUCTS (PRODUCT_ID,PRODUCT_NAME,DESCRIPTION,STANDARD_COST,LIST_PRICE,CATEGORY_ID) values (85,'Intel Xeon E5-2660 V3 (OEM/Tray)','Speed:2.6GHz,Cores:10,TDP:105W',902.18,1274.99,1);
Insert into EUROPA.PRODUCTS (PRODUCT_ID,PRODUCT_NAME,DESCRIPTION,STANDARD_COST,LIST_PRICE,CATEGORY_ID) values (153,'Intel Xeon E5-2650 V2','Speed:2.6GHz,Cores:8,TDP:95W',961.11,1249,1);
Insert into EUROPA.PRODUCTS (PRODUCT_ID,PRODUCT_NAME,DESCRIPTION,STANDARD_COST,LIST_PRICE,CATEGORY_ID) values (154,'Intel Xeon E5-2650 V3','Speed:2.3GHz,Cores:10,TDP:105W',906.63,1204.98,1);
Insert into EUROPA.PRODUCTS (PRODUCT_ID,PRODUCT_NAME,DESCRIPTION,STANDARD_COST,LIST_PRICE,CATEGORY_ID) values (209,'Intel Core i7-990X Extreme Edition','Speed:3.47GHz,Cores:6,TDP:130W',1072.79,1199.99,1);
Insert into EUROPA.PRODUCTS (PRODUCT_ID,PRODUCT_NAME,DESCRIPTION,STANDARD_COST,LIST_PRICE,CATEGORY_ID) values (81,'Intel Xeon E5-2650 V4','Speed:2.2GHz,Cores:12,TDP:105W',945.11,1099.99,1);
Insert into EUROPA.PRODUCTS (PRODUCT_ID,PRODUCT_NAME,DESCRIPTION,STANDARD_COST,LIST_PRICE,CATEGORY_ID) values (211,'Intel Xeon E5-2650','Speed:2.0GHz,Cores:8,TDP:95W',869.03,1064.99,1);
Insert into EUROPA.PRODUCTS (PRODUCT_ID,PRODUCT_NAME,DESCRIPTION,STANDARD_COST,LIST_PRICE,CATEGORY_ID) values (210,'Intel Core i9-7900X','Speed:3.3GHz,Cores:10,TDP:140W',855.82,1029.99,1);
Insert into EUROPA.PRODUCTS (PRODUCT_ID,PRODUCT_NAME,DESCRIPTION,STANDARD_COST,LIST_PRICE,CATEGORY_ID) values (54,'Intel Xeon E5-1660 V3 (OEM/Tray)','Speed:3.0GHz,Cores:8,TDP:140W',914.52,1019.99,1);
Insert into EUROPA.PRODUCTS (PRODUCT_ID,PRODUCT_NAME,DESCRIPTION,STANDARD_COST,LIST_PRICE,CATEGORY_ID) values (167,'Intel Xeon E5-2650L V3 (OEM/Tray)','Speed:1.8GHz,Cores:12,TDP:65W',779.17,1010.46,1);
Insert into EUROPA.PRODUCTS (PRODUCT_ID,PRODUCT_NAME,DESCRIPTION,STANDARD_COST,LIST_PRICE,CATEGORY_ID) values (214,'Intel Core i7-5960X','Speed:3.0GHz,Cores:8,TDP:140W',865.59,1009.79,1);
Insert into EUROPA.PRODUCTS (PRODUCT_ID,PRODUCT_NAME,DESCRIPTION,STANDARD_COST,LIST_PRICE,CATEGORY_ID) values (53,'Intel Core 2 Extreme QX6800','Speed:2.93GHz,Cores:4,TDP:100W',787.72,1003.98,1);
Insert into EUROPA.PRODUCTS (PRODUCT_ID,PRODUCT_NAME,DESCRIPTION,STANDARD_COST,LIST_PRICE,CATEGORY_ID) values (59,'Intel Core i7-5960X (OEM/Tray)','Speed:3.0GHz,Cores:8,TDP:140W',879.8,977.99,1);
Insert into EUROPA.PRODUCTS (PRODUCT_ID,PRODUCT_NAME,DESCRIPTION,STANDARD_COST,LIST_PRICE,CATEGORY_ID) values (176,'Intel Xeon E5-2650 V3 (OEM/Tray)','Speed:2.3GHz,Cores:10,TDP:105W',799.98,939.49,1);
Insert into EUROPA.PRODUCTS (PRODUCT_ID,PRODUCT_NAME,DESCRIPTION,STANDARD_COST,LIST_PRICE,CATEGORY_ID) values (9,'Intel Xeon E5-2640 V4','Speed:2.4GHz,Cores:10,TDP:90W',738.71,899.99,1);
Insert into EUROPA.PRODUCTS (PRODUCT_ID,PRODUCT_NAME,DESCRIPTION,STANDARD_COST,LIST_PRICE,CATEGORY_ID) values (119,'Intel Xeon E5-2640 V3','Speed:2.6GHz,Cores:8,TDP:90W',668.24,899.99,1);
Insert into EUROPA.PRODUCTS (PRODUCT_ID,PRODUCT_NAME,DESCRIPTION,STANDARD_COST,LIST_PRICE,CATEGORY_ID) values (120,'Intel Core 2 Extreme QX9775','Speed:3.2GHz,Cores:4,TDP:150W',737.68,892,1);
Insert into EUROPA.PRODUCTS (PRODUCT_ID,PRODUCT_NAME,DESCRIPTION,STANDARD_COST,LIST_PRICE,CATEGORY_ID) values (16,'Intel Core i7-6900K','Speed:3.2GHz,Cores:8,TDP:140W',792.89,889.89,1);
Insert into EUROPA.PRODUCTS (PRODUCT_ID,PRODUCT_NAME,DESCRIPTION,STANDARD_COST,LIST_PRICE,CATEGORY_ID) values (111,'Intel Core i7-6900K (OEM/Tray)','Speed:3.2GHz,Cores:8,TDP:140W',620.28,827.37,1);
Insert into EUROPA.PRODUCTS (PRODUCT_ID,PRODUCT_NAME,DESCRIPTION,STANDARD_COST,LIST_PRICE,CATEGORY_ID) values (136,'AMD Opteron 6378','Speed:2.4GHz,Cores:16,TDP:115W',651.92,826.99,1);
Insert into EUROPA.PRODUCTS (PRODUCT_ID,PRODUCT_NAME,DESCRIPTION,STANDARD_COST,LIST_PRICE,CATEGORY_ID) values (27,'Intel Core i7-3960X Extreme Edition','Speed:3.3GHz,Cores:6,TDP:130W',573.41,800.74,1);
Insert into EUROPA.PRODUCTS (PRODUCT_ID,PRODUCT_NAME,DESCRIPTION,STANDARD_COST,LIST_PRICE,CATEGORY_ID) values (73,'Intel Core i7-4770K','Speed:3.5GHz,Cores:4,TDP:84W',714.15,799,1);
Insert into EUROPA.PRODUCTS (PRODUCT_ID,PRODUCT_NAME,DESCRIPTION,STANDARD_COST,LIST_PRICE,CATEGORY_ID) values (70,'Intel Xeon E5-2687W','Speed:3.1GHz,Cores:8,TDP:150W',581.16,710.99,1);
Insert into EUROPA.PRODUCTS (PRODUCT_ID,PRODUCT_NAME,DESCRIPTION,STANDARD_COST,LIST_PRICE,CATEGORY_ID) values (74,'Intel Xeon E5-2680 V2','Speed:2.8GHz,Cores:10,TDP:115W',567.81,701.95,1);
Insert into EUROPA.PRODUCTS (PRODUCT_ID,PRODUCT_NAME,DESCRIPTION,STANDARD_COST,LIST_PRICE,CATEGORY_ID) values (198,'Intel Core i7-980','Speed:3.33GHz,Cores:6,TDP:130W',563.7,699.99,1);
Insert into EUROPA.PRODUCTS (PRODUCT_ID,PRODUCT_NAME,DESCRIPTION,STANDARD_COST,LIST_PRICE,CATEGORY_ID) values (69,'Intel Core i7-7820X','Speed:3.6GHz,Cores:8,TDP:140W',511.1,678.75,1);
Insert into EUROPA.PRODUCTS (PRODUCT_ID,PRODUCT_NAME,DESCRIPTION,STANDARD_COST,LIST_PRICE,CATEGORY_ID) values (71,'Intel Core i7-3930K','Speed:3.2GHz,Cores:6,TDP:130W',509.32,660,1);
Insert into EUROPA.PRODUCTS (PRODUCT_ID,PRODUCT_NAME,DESCRIPTION,STANDARD_COST,LIST_PRICE,CATEGORY_ID) values (199,'Intel Xeon E5-2630 V4','Speed:2.2GHz,Cores:10,TDP:85W',528.95,647.99,1);
Insert into EUROPA.PRODUCTS (PRODUCT_ID,PRODUCT_NAME,DESCRIPTION,STANDARD_COST,LIST_PRICE,CATEGORY_ID) values (76,'Intel Xeon E5-2630 V3','Speed:2.4GHz,Cores:8,TDP:85W',499.96,629.99,1);
Insert into EUROPA.PRODUCTS (PRODUCT_ID,PRODUCT_NAME,DESCRIPTION,STANDARD_COST,LIST_PRICE,CATEGORY_ID) values (75,'Intel Core i7-4930K','Speed:3.4GHz,Cores:6,TDP:130W',527.69,624.04,1);
Insert into EUROPA.PRODUCTS (PRODUCT_ID,PRODUCT_NAME,DESCRIPTION,STANDARD_COST,LIST_PRICE,CATEGORY_ID) values (200,'Intel Core i7-4790K','Speed:4.0GHz,Cores:4,TDP:88W',461.92,620.95,1);
Insert into EUROPA.PRODUCTS (PRODUCT_ID,PRODUCT_NAME,DESCRIPTION,STANDARD_COST,LIST_PRICE,CATEGORY_ID) values (106,'Intel Xeon E5-2640 V2','Speed:2.0GHz,Cores:8,TDP:95W',545.19,608.95,1);
Insert into EUROPA.PRODUCTS (PRODUCT_ID,PRODUCT_NAME,DESCRIPTION,STANDARD_COST,LIST_PRICE,CATEGORY_ID) values (8,'Intel Xeon E5-1650 V4','Speed:3.6GHz,Cores:6,TDP:140W',535.47,601.99,1);
Insert into EUROPA.PRODUCTS (PRODUCT_ID,PRODUCT_NAME,DESCRIPTION,STANDARD_COST,LIST_PRICE,CATEGORY_ID) values (124,'Intel Xeon E5-1650 V4 (OEM/Tray)','Speed:3.6GHz,Cores:6,TDP:140W',453.14,594.99,1);
Insert into EUROPA.PRODUCTS (PRODUCT_ID,PRODUCT_NAME,DESCRIPTION,STANDARD_COST,LIST_PRICE,CATEGORY_ID) values (72,'Intel Xeon E5-2630 V3 (OEM/Tray)','Speed:2.4GHz,Cores:8,TDP:85W',421.9,589.99,1);
Insert into EUROPA.PRODUCTS (PRODUCT_ID,PRODUCT_NAME,DESCRIPTION,STANDARD_COST,LIST_PRICE,CATEGORY_ID) values (155,'Intel Xeon E5-2630 V2','Speed:2.6GHz,Cores:6,TDP:80W',493.48,588.95,1);
Insert into EUROPA.PRODUCTS (PRODUCT_ID,PRODUCT_NAME,DESCRIPTION,STANDARD_COST,LIST_PRICE,CATEGORY_ID) values (80,'Intel Xeon E5-1650 V3','Speed:3.5GHz,Cores:6,TDP:140W',399.77,564.89,1);
Insert into EUROPA.PRODUCTS (PRODUCT_ID,PRODUCT_NAME,DESCRIPTION,STANDARD_COST,LIST_PRICE,CATEGORY_ID) values (132,'Intel Core i7-5930K','Speed:3.5GHz,Cores:6,TDP:140W',481.56,554.99,1);
Insert into EUROPA.PRODUCTS (PRODUCT_ID,PRODUCT_NAME,DESCRIPTION,STANDARD_COST,LIST_PRICE,CATEGORY_ID) values (133,'PNY VCQP6000-PB','Chipset:Quadro P6000,Memory:24GBCore Clock:1.42GHz',4058.99,5499.99,2);
Insert into EUROPA.PRODUCTS (PRODUCT_ID,PRODUCT_NAME,DESCRIPTION,STANDARD_COST,LIST_PRICE,CATEGORY_ID) values (206,'PNY VCQM6000-24GB-PB','Chipset:Quadro M6000,Memory:24GBCore Clock:988MHz',3619.14,4139,2);
Insert into EUROPA.PRODUCTS (PRODUCT_ID,PRODUCT_NAME,DESCRIPTION,STANDARD_COST,LIST_PRICE,CATEGORY_ID) values (207,'PNY VCQM6000-PB','Chipset:Quadro M6000,Memory:12GBCore Clock:988MHz',2505.04,3254.99,2);
Insert into EUROPA.PRODUCTS (PRODUCT_ID,PRODUCT_NAME,DESCRIPTION,STANDARD_COST,LIST_PRICE,CATEGORY_ID) values (110,'ATI FirePro W9000','Chipset:FirePro W9000,Memory:6GBCore Clock:975MHz',2785.55,3192.97,2);
Insert into EUROPA.PRODUCTS (PRODUCT_ID,PRODUCT_NAME,DESCRIPTION,STANDARD_COST,LIST_PRICE,CATEGORY_ID) values (123,'ATI FirePro S9150','Chipset:FirePro S9150,Memory:16GBCore Clock:900MHz',2628.06,3177.44,2);
Insert into EUROPA.PRODUCTS (PRODUCT_ID,PRODUCT_NAME,DESCRIPTION,STANDARD_COST,LIST_PRICE,CATEGORY_ID) values (142,'AMD FirePro W9100','Chipset:FirePro W9100,Memory:16GBCore Clock:930MHz',2483.38,2998.89,2);
Insert into EUROPA.PRODUCTS (PRODUCT_ID,PRODUCT_NAME,DESCRIPTION,STANDARD_COST,LIST_PRICE,CATEGORY_ID) values (105,'EVGA 12G-P4-3992-KR','Chipset:GeForce GTX Titan Z,Memory:12GBCore Clock:732MHz',2313.07,2799.99,2);
Insert into EUROPA.PRODUCTS (PRODUCT_ID,PRODUCT_NAME,DESCRIPTION,STANDARD_COST,LIST_PRICE,CATEGORY_ID) values (4,'AMD 100-505989','Chipset:FirePro W9100,Memory:32GBCore Clock:930MHz',2128.67,2699.99,2);
Insert into EUROPA.PRODUCTS (PRODUCT_ID,PRODUCT_NAME,DESCRIPTION,STANDARD_COST,LIST_PRICE,CATEGORY_ID) values (5,'PNY VCQK6000-PB','Chipset:Quadro K6000,Memory:12GBCore Clock:902MHz',1740.31,2290.79,2);
Insert into EUROPA.PRODUCTS (PRODUCT_ID,PRODUCT_NAME,DESCRIPTION,STANDARD_COST,LIST_PRICE,CATEGORY_ID) values (11,'PNY VCQP5000-PB','Chipset:Quadro P5000,Memory:16GBCore Clock:1.61GHz',1602.21,2015.11,2);
Insert into EUROPA.PRODUCTS (PRODUCT_ID,PRODUCT_NAME,DESCRIPTION,STANDARD_COST,LIST_PRICE,CATEGORY_ID) values (178,'HP C2J95AT','Chipset:Quadro K5000,Memory:4GBCore Clock:706MHz',1715.91,1999.89,2);
Insert into EUROPA.PRODUCTS (PRODUCT_ID,PRODUCT_NAME,DESCRIPTION,STANDARD_COST,LIST_PRICE,CATEGORY_ID) values (267,'EVGA 12G-P4-1999-KR','Chipset:GeForce GTX Titan X,Memory:12GBCore Clock:1.15GHz',1328.03,1799.99,2);
Insert into EUROPA.PRODUCTS (PRODUCT_ID,PRODUCT_NAME,DESCRIPTION,STANDARD_COST,LIST_PRICE,CATEGORY_ID) values (177,'PNY VCQM5000-PB','Chipset:Quadro M5000,Memory:8GBCore Clock:861MHz',1268.42,1759.99,2);
Insert into EUROPA.PRODUCTS (PRODUCT_ID,PRODUCT_NAME,DESCRIPTION,STANDARD_COST,LIST_PRICE,CATEGORY_ID) values (245,'ATI FirePro S9050','Chipset:FirePro S9050,Memory:12GBCore Clock:900MHz',1237.04,1699,2);
Insert into EUROPA.PRODUCTS (PRODUCT_ID,PRODUCT_NAME,DESCRIPTION,STANDARD_COST,LIST_PRICE,CATEGORY_ID) values (161,'AMD 100-5056062','Chipset:Vega Frontier Edition Liquid,Memory:16GBCore Clock:1.5GHz',1343.84,1499.99,2);
Insert into EUROPA.PRODUCTS (PRODUCT_ID,PRODUCT_NAME,DESCRIPTION,STANDARD_COST,LIST_PRICE,CATEGORY_ID) values (186,'PNY VCQK5200-PB','Chipset:Quadro K5200,Memory:8GBCore Clock:667MHz',1129.39,1449.98,2);
Insert into EUROPA.PRODUCTS (PRODUCT_ID,PRODUCT_NAME,DESCRIPTION,STANDARD_COST,LIST_PRICE,CATEGORY_ID) values (48,'AMD FirePro S7000','Chipset:FirePro S7000,Memory:4GBCore Clock:950MHz',936.42,1218.5,2);
Insert into EUROPA.PRODUCTS (PRODUCT_ID,PRODUCT_NAME,DESCRIPTION,STANDARD_COST,LIST_PRICE,CATEGORY_ID) values (184,'AMD 100-506061','Chipset:Vega Frontier Edition,Memory:16GBCore Clock:1.44GHz',706.99,999.99,2);
Insert into EUROPA.PRODUCTS (PRODUCT_ID,PRODUCT_NAME,DESCRIPTION,STANDARD_COST,LIST_PRICE,CATEGORY_ID) values (181,'ATI FirePro R5000','Chipset:FirePro R5000,Memory:2GBCore Clock:825MHz',760.59,999.99,2);
Insert into EUROPA.PRODUCTS (PRODUCT_ID,PRODUCT_NAME,DESCRIPTION,STANDARD_COST,LIST_PRICE,CATEGORY_ID) values (182,'PNY VCQK4200-PB','Chipset:Quadro K4200,Memory:4GBCore Clock:771MHz',799.05,949.89,2);
Insert into EUROPA.PRODUCTS (PRODUCT_ID,PRODUCT_NAME,DESCRIPTION,STANDARD_COST,LIST_PRICE,CATEGORY_ID) values (183,'Asus GTX780TI-3GD5','Chipset:GeForce GTX 780 Ti,Memory:3GBCore Clock:876MHz',781.91,899.99,2);
Insert into EUROPA.PRODUCTS (PRODUCT_ID,PRODUCT_NAME,DESCRIPTION,STANDARD_COST,LIST_PRICE,CATEGORY_ID) values (185,'MSI GTX 1080 TI LIGHTNING Z','Chipset:GeForce GTX 1080 Ti,Memory:11GBCore Clock:1.61GHz',688.35,873.98,2);
Insert into EUROPA.PRODUCTS (PRODUCT_ID,PRODUCT_NAME,DESCRIPTION,STANDARD_COST,LIST_PRICE,CATEGORY_ID) values (281,'Asus ROG-POSEIDON-GTX1080TI-P11G-GAMING','Chipset:GeForce GTX 1080 Ti,Memory:11GBCore Clock:1.62GHz',696.14,864.98,2);
Insert into EUROPA.PRODUCTS (PRODUCT_ID,PRODUCT_NAME,DESCRIPTION,STANDARD_COST,LIST_PRICE,CATEGORY_ID) values (216,'MSI GTX 1080 TI LIGHTNING X','Chipset:GeForce GTX 1080 Ti,Memory:11GBCore Clock:1.57GHz',742.94,863.98,2);
Insert into EUROPA.PRODUCTS (PRODUCT_ID,PRODUCT_NAME,DESCRIPTION,STANDARD_COST,LIST_PRICE,CATEGORY_ID) values (6,'Zotac ZT-P10810A-10P','Chipset:GeForce GTX 1080 Ti,Memory:11GBCore Clock:1.48GHz',702.35,849.99,2);
Insert into EUROPA.PRODUCTS (PRODUCT_ID,PRODUCT_NAME,DESCRIPTION,STANDARD_COST,LIST_PRICE,CATEGORY_ID) values (108,'MSI GAMING','Chipset:GeForce GTX 780 Ti,Memory:3GBCore Clock:1.02GHz',753.18,849.99,2);
Insert into EUROPA.PRODUCTS (PRODUCT_ID,PRODUCT_NAME,DESCRIPTION,STANDARD_COST,LIST_PRICE,CATEGORY_ID) values (83,'Asus STRIX-GTX1080TI-O11G-GAMING','Chipset:GeForce GTX 1080 Ti,Memory:11GBCore Clock:1.57GHz',691.13,829.99,2);
Insert into EUROPA.PRODUCTS (PRODUCT_ID,PRODUCT_NAME,DESCRIPTION,STANDARD_COST,LIST_PRICE,CATEGORY_ID) values (215,'PNY VCQP4000-PB','Chipset:Quadro P4000,Memory:8GBCore Clock:1.23GHz',724,829.89,2);
Insert into EUROPA.PRODUCTS (PRODUCT_ID,PRODUCT_NAME,DESCRIPTION,STANDARD_COST,LIST_PRICE,CATEGORY_ID) values (12,'Gigabyte GV-N108TAORUSX W-11GD','Chipset:GeForce GTX 1080 Ti,Memory:11GBCore Clock:1.63GHz',596.05,824.98,2);
Insert into EUROPA.PRODUCTS (PRODUCT_ID,PRODUCT_NAME,DESCRIPTION,STANDARD_COST,LIST_PRICE,CATEGORY_ID) values (114,'Zotac ZT-70203-10P','Chipset:GeForce GTX 780,Memory:3GBCore Clock:1.01GHz',580.42,820.61,2);
Insert into EUROPA.PRODUCTS (PRODUCT_ID,PRODUCT_NAME,DESCRIPTION,STANDARD_COST,LIST_PRICE,CATEGORY_ID) values (103,'EVGA 11G-P4-6598-KR','Chipset:GeForce GTX 1080 Ti,Memory:11GBCore Clock:1.56GHz',663.54,809.99,2);
Insert into EUROPA.PRODUCTS (PRODUCT_ID,PRODUCT_NAME,DESCRIPTION,STANDARD_COST,LIST_PRICE,CATEGORY_ID) values (86,'MSI GTX 1080 TI SEA HAWK X','Chipset:GeForce GTX 1080 Ti,Memory:11GBCore Clock:1.57GHz',691.32,804.98,2);
Insert into EUROPA.PRODUCTS (PRODUCT_ID,PRODUCT_NAME,DESCRIPTION,STANDARD_COST,LIST_PRICE,CATEGORY_ID) values (3,'Corsair CB-9060011-WW','Chipset:GeForce GTX 1080 Ti,Memory:11GBCore Clock:1.57GHz',573.51,799.99,2);
Insert into EUROPA.PRODUCTS (PRODUCT_ID,PRODUCT_NAME,DESCRIPTION,STANDARD_COST,LIST_PRICE,CATEGORY_ID) values (174,'MSI GTX 1080 TI AERO 11G OC','Chipset:GeForce GTX 1080 Ti,Memory:11GBCore Clock:1.51GHz',715.72,798.26,2);
Insert into EUROPA.PRODUCTS (PRODUCT_ID,PRODUCT_NAME,DESCRIPTION,STANDARD_COST,LIST_PRICE,CATEGORY_ID) values (175,'NVIDIA VCQM4000-PB','Chipset:Quadro M4000,Memory:8GBCore Clock:N/A',682.09,790,2);
Insert into EUROPA.PRODUCTS (PRODUCT_ID,PRODUCT_NAME,DESCRIPTION,STANDARD_COST,LIST_PRICE,CATEGORY_ID) values (58,'Gigabyte GV-N108TAORUS X-11GD','Chipset:GeForce GTX 1080 Ti,Memory:11GBCore Clock:1.61GHz',688.35,784.98,2);
Insert into EUROPA.PRODUCTS (PRODUCT_ID,PRODUCT_NAME,DESCRIPTION,STANDARD_COST,LIST_PRICE,CATEGORY_ID) values (270,'Gigabyte GV-N1070WF2OC-8GD','Chipset:GeForce GTX 1070,Memory:8GBCore Clock:1.56GHz',551.62,769.99,2);
Insert into EUROPA.PRODUCTS (PRODUCT_ID,PRODUCT_NAME,DESCRIPTION,STANDARD_COST,LIST_PRICE,CATEGORY_ID) values (223,'MSI GeForce GTX 1080 TI ARMOR 11G OC','Chipset:GeForce GTX 1080 Ti,Memory:11GBCore Clock:1.48GHz',644.19,764.98,2);
Insert into EUROPA.PRODUCTS (PRODUCT_ID,PRODUCT_NAME,DESCRIPTION,STANDARD_COST,LIST_PRICE,CATEGORY_ID) values (90,'EVGA 11G-P4-6696-KR','Chipset:GeForce GTX 1080 Ti,Memory:11GBCore Clock:1.56GHz',594.46,759.99,2);
Insert into EUROPA.PRODUCTS (PRODUCT_ID,PRODUCT_NAME,DESCRIPTION,STANDARD_COST,LIST_PRICE,CATEGORY_ID) values (220,'MSI GeForce GTX 1080 Ti GAMING X 11G','Chipset:GeForce GTX 1080 Ti,Memory:11GBCore Clock:1.57GHz',666.59,759.99,2);
Insert into EUROPA.PRODUCTS (PRODUCT_ID,PRODUCT_NAME,DESCRIPTION,STANDARD_COST,LIST_PRICE,CATEGORY_ID) values (221,'Zotac ZT-P10810C-10P','Chipset:GeForce GTX 1080 Ti,Memory:11GBCore Clock:1.65GHz',535.03,759.99,2);
Insert into EUROPA.PRODUCTS (PRODUCT_ID,PRODUCT_NAME,DESCRIPTION,STANDARD_COST,LIST_PRICE,CATEGORY_ID) values (269,'Zotac ZT-P10810D-10P','Chipset:GeForce GTX 1080 Ti,Memory:11GBCore Clock:1.57GHz',580.1,759.99,2);
Insert into EUROPA.PRODUCTS (PRODUCT_ID,PRODUCT_NAME,DESCRIPTION,STANDARD_COST,LIST_PRICE,CATEGORY_ID) values (87,'PNY VCGGTX1080T11XGPB-OC','Chipset:GeForce GTX 1080 Ti,Memory:11GBCore Clock:1.53GHz',600.92,759.99,2);
Insert into EUROPA.PRODUCTS (PRODUCT_ID,PRODUCT_NAME,DESCRIPTION,STANDARD_COST,LIST_PRICE,CATEGORY_ID) values (222,'Zotac ZT-P10810G-10P','Chipset:GeForce GTX 1080 Ti,Memory:11GBCore Clock:1.51GHz',598.25,754.98,2);
Insert into EUROPA.PRODUCTS (PRODUCT_ID,PRODUCT_NAME,DESCRIPTION,STANDARD_COST,LIST_PRICE,CATEGORY_ID) values (88,'Gigabyte GV-N98TWF3OC-6GD','Chipset:GeForce GTX 980 Ti,Memory:6GBCore Clock:1.06GHz',633.29,749.99,2);
Insert into EUROPA.PRODUCTS (PRODUCT_ID,PRODUCT_NAME,DESCRIPTION,STANDARD_COST,LIST_PRICE,CATEGORY_ID) values (89,'PNY VCGGTX780T3XPB-OC','Chipset:GeForce GTX 780 Ti,Memory:3GBCore Clock:980MHz',592.12,749.99,2);
Insert into EUROPA.PRODUCTS (PRODUCT_ID,PRODUCT_NAME,DESCRIPTION,STANDARD_COST,LIST_PRICE,CATEGORY_ID) values (236,'MSI GTX 980 Ti Gaming 6G','Chipset:GeForce GTX 980 Ti,Memory:6GBCore Clock:1.18GHz',539.98,745.32,2);
Insert into EUROPA.PRODUCTS (PRODUCT_ID,PRODUCT_NAME,DESCRIPTION,STANDARD_COST,LIST_PRICE,CATEGORY_ID) values (237,'Gigabyte GV-N108TAORUS-11GD','Chipset:GeForce GTX 1080 Ti,Memory:11GBCore Clock:1.59GHz',605.3,744.98,2);
Insert into EUROPA.PRODUCTS (PRODUCT_ID,PRODUCT_NAME,DESCRIPTION,STANDARD_COST,LIST_PRICE,CATEGORY_ID) values (238,'EVGA 06G-P4-4998-KR','Chipset:GeForce GTX 980 Ti,Memory:6GBCore Clock:1.19GHz',521.03,741.78,2);
Insert into EUROPA.PRODUCTS (PRODUCT_ID,PRODUCT_NAME,DESCRIPTION,STANDARD_COST,LIST_PRICE,CATEGORY_ID) values (239,'MSI GTX 1080 Ti DUKE 11G OC','Chipset:GeForce GTX 1080 Ti,Memory:11GBCore Clock:1.53GHz',555.07,739.99,2);
Insert into EUROPA.PRODUCTS (PRODUCT_ID,PRODUCT_NAME,DESCRIPTION,STANDARD_COST,LIST_PRICE,CATEGORY_ID) values (244,'Crucial','Speed:DDR4-2133,Type:288-pin DIMM,CAS:15Module:4x16GBSize:64GB',1139.23,1620.99,5);
Insert into EUROPA.PRODUCTS (PRODUCT_ID,PRODUCT_NAME,DESCRIPTION,STANDARD_COST,LIST_PRICE,CATEGORY_ID) values (261,'G.Skill TridentZ RGB','Speed:DDR4-3200,Type:288-pin DIMM,CAS:14Module:8x16GBSize:128GB',1330.26,1504.99,5);
Insert into EUROPA.PRODUCTS (PRODUCT_ID,PRODUCT_NAME,DESCRIPTION,STANDARD_COST,LIST_PRICE,CATEGORY_ID) values (262,'Corsair Dominator Platinum','Speed:DDR4-3200,Type:288-pin DIMM,CAS:16Module:8x16GBSize:128GB',1051.97,1449.99,5);
Insert into EUROPA.PRODUCTS (PRODUCT_ID,PRODUCT_NAME,DESCRIPTION,STANDARD_COST,LIST_PRICE,CATEGORY_ID) values (265,'G.Skill Trident Z','Speed:DDR4-3200,Type:288-pin DIMM,CAS:14Module:8x16GBSize:128GB',1163.49,1431.99,5);
Insert into EUROPA.PRODUCTS (PRODUCT_ID,PRODUCT_NAME,DESCRIPTION,STANDARD_COST,LIST_PRICE,CATEGORY_ID) values (266,'G.Skill Trident Z RGB','Speed:DDR4-3333,Type:288-pin DIMM,CAS:16Module:8x16GBSize:128GB',1174.36,1418.99,5);
Insert into EUROPA.PRODUCTS (PRODUCT_ID,PRODUCT_NAME,DESCRIPTION,STANDARD_COST,LIST_PRICE,CATEGORY_ID) values (279,'G.Skill Ripjaws V Series','Speed:DDR4-3000,Type:288-pin DIMM,CAS:14Module:8x16GBSize:128GB',1139.87,1318.99,5);
Insert into EUROPA.PRODUCTS (PRODUCT_ID,PRODUCT_NAME,DESCRIPTION,STANDARD_COST,LIST_PRICE,CATEGORY_ID) values (35,'Corsair Dominator Platinum','Speed:DDR4-2800,Type:288-pin DIMM,CAS:15Module:8x16GBSize:128GB',1131.68,1314.99,5);
Insert into EUROPA.PRODUCTS (PRODUCT_ID,PRODUCT_NAME,DESCRIPTION,STANDARD_COST,LIST_PRICE,CATEGORY_ID) values (36,'Corsair Vengeance LPX','Speed:DDR4-3000,Type:288-pin DIMM,CAS:15Module:8x16GBSize:128GB',912.98,1299.99,5);
Insert into EUROPA.PRODUCTS (PRODUCT_ID,PRODUCT_NAME,DESCRIPTION,STANDARD_COST,LIST_PRICE,CATEGORY_ID) values (37,'Corsair Dominator Platinum','Speed:DDR4-2666,Type:288-pin DIMM,CAS:15Module:8x16GBSize:128GB',1068.66,1264.99,5);
Insert into EUROPA.PRODUCTS (PRODUCT_ID,PRODUCT_NAME,DESCRIPTION,STANDARD_COST,LIST_PRICE,CATEGORY_ID) values (38,'Corsair Vengeance LPX','Speed:DDR4-2400,Type:288-pin DIMM,CAS:15Module:8x16GBSize:128GB',1019.51,1199.99,5);
Insert into EUROPA.PRODUCTS (PRODUCT_ID,PRODUCT_NAME,DESCRIPTION,STANDARD_COST,LIST_PRICE,CATEGORY_ID) values (65,'Corsair Dominator Platinum','Speed:DDR4-2400,Type:288-pin DIMM,CAS:15Module:8x16GBSize:128GB',1002.47,1199.99,5);
Insert into EUROPA.PRODUCTS (PRODUCT_ID,PRODUCT_NAME,DESCRIPTION,STANDARD_COST,LIST_PRICE,CATEGORY_ID) values (276,'Corsair Vengeance LPX','Speed:DDR4-2666,Type:288-pin DIMM,CAS:15Module:8x16GBSize:128GB',867.52,1163.99,5);
Insert into EUROPA.PRODUCTS (PRODUCT_ID,PRODUCT_NAME,DESCRIPTION,STANDARD_COST,LIST_PRICE,CATEGORY_ID) values (196,'Corsair Vengeance LPX','Speed:DDR4-2133,Type:288-pin DIMM,CAS:15Module:8x16GBSize:128GB',821.91,1099.99,5);
Insert into EUROPA.PRODUCTS (PRODUCT_ID,PRODUCT_NAME,DESCRIPTION,STANDARD_COST,LIST_PRICE,CATEGORY_ID) values (272,'G.Skill Ripjaws 4 Series','Speed:DDR4-2800,Type:288-pin DIMM,CAS:15Module:8x16GBSize:128GB',834.06,1073.99,5);
Insert into EUROPA.PRODUCTS (PRODUCT_ID,PRODUCT_NAME,DESCRIPTION,STANDARD_COST,LIST_PRICE,CATEGORY_ID) values (195,'G.Skill Ripjaws 4 Series','Speed:DDR4-2400,Type:288-pin DIMM,CAS:14Module:8x16GBSize:128GB',836.03,1055.99,5);
Insert into EUROPA.PRODUCTS (PRODUCT_ID,PRODUCT_NAME,DESCRIPTION,STANDARD_COST,LIST_PRICE,CATEGORY_ID) values (67,'Kingston HyperX Beast','Speed:DDR3-1866,Type:240-pin DIMM,CAS:10Module:8x8GBSize:64GB',708.91,863.05,5);
Insert into EUROPA.PRODUCTS (PRODUCT_ID,PRODUCT_NAME,DESCRIPTION,STANDARD_COST,LIST_PRICE,CATEGORY_ID) values (10,'Crucial','Speed:DDR4-2133,Type:288-pin DIMM,CAS:15Module:2x16GBSize:32GB',580.33,811.99,5);
Insert into EUROPA.PRODUCTS (PRODUCT_ID,PRODUCT_NAME,DESCRIPTION,STANDARD_COST,LIST_PRICE,CATEGORY_ID) values (112,'Corsair Vengeance Pro','Speed:DDR3-2133,Type:240-pin DIMM,CAS:11Module:8x8GBSize:64GB',596.25,808.92,5);
Insert into EUROPA.PRODUCTS (PRODUCT_ID,PRODUCT_NAME,DESCRIPTION,STANDARD_COST,LIST_PRICE,CATEGORY_ID) values (282,'Corsair Dominator Platinum','Speed:DDR4-3200,Type:288-pin DIMM,CAS:15Module:8x8GBSize:64GB',700.5,804.99,5);
Insert into EUROPA.PRODUCTS (PRODUCT_ID,PRODUCT_NAME,DESCRIPTION,STANDARD_COST,LIST_PRICE,CATEGORY_ID) values (197,'G.Skill Trident Z RGB','Speed:DDR4-3600,Type:288-pin DIMM,CAS:17Module:4x16GBSize:64GB',622.47,799.99,5);
Insert into EUROPA.PRODUCTS (PRODUCT_ID,PRODUCT_NAME,DESCRIPTION,STANDARD_COST,LIST_PRICE,CATEGORY_ID) values (18,'Crucial','Speed:DDR4-2400,Type:288-pin DIMM,CAS:17Module:1x64GBSize:64GB',604.04,799,5);
Insert into EUROPA.PRODUCTS (PRODUCT_ID,PRODUCT_NAME,DESCRIPTION,STANDARD_COST,LIST_PRICE,CATEGORY_ID) values (125,'G.Skill Trident Z','Speed:DDR4-3600,Type:288-pin DIMM,CAS:17Module:4x16GBSize:64GB',594.04,768.99,5);
Insert into EUROPA.PRODUCTS (PRODUCT_ID,PRODUCT_NAME,DESCRIPTION,STANDARD_COST,LIST_PRICE,CATEGORY_ID) values (68,'Crucial','Speed:DDR4-2133,Type:288-pin DIMM,CAS:15Module:4x16GBSize:64GB',590.13,766.11,5);
Insert into EUROPA.PRODUCTS (PRODUCT_ID,PRODUCT_NAME,DESCRIPTION,STANDARD_COST,LIST_PRICE,CATEGORY_ID) values (283,'G.Skill Trident Z','Speed:DDR4-3200,Type:288-pin DIMM,CAS:14Module:8x8GBSize:64GB',647.83,760.99,5);
Insert into EUROPA.PRODUCTS (PRODUCT_ID,PRODUCT_NAME,DESCRIPTION,STANDARD_COST,LIST_PRICE,CATEGORY_ID) values (277,'G.Skill Trident Z','Speed:DDR4-3200,Type:288-pin DIMM,CAS:14Module:8x8GBSize:64GB',556.8,758.99,5);
Insert into EUROPA.PRODUCTS (PRODUCT_ID,PRODUCT_NAME,DESCRIPTION,STANDARD_COST,LIST_PRICE,CATEGORY_ID) values (21,'Corsair Dominator Platinum','Speed:DDR4-3466,Type:288-pin DIMM,CAS:16Module:4x16GBSize:64GB',609.89,749.99,5);
Insert into EUROPA.PRODUCTS (PRODUCT_ID,PRODUCT_NAME,DESCRIPTION,STANDARD_COST,LIST_PRICE,CATEGORY_ID) values (128,'Kingston','Speed:DDR4-2133,Type:288-pin DIMM,CAS:15Module:4x16GBSize:64GB',650.48,741.63,5);
Insert into EUROPA.PRODUCTS (PRODUCT_ID,PRODUCT_NAME,DESCRIPTION,STANDARD_COST,LIST_PRICE,CATEGORY_ID) values (129,'Corsair Vengeance LPX','Speed:DDR4-3333,Type:288-pin DIMM,CAS:15Module:4x16GBSize:64GB',609.53,734.99,5);
Insert into EUROPA.PRODUCTS (PRODUCT_ID,PRODUCT_NAME,DESCRIPTION,STANDARD_COST,LIST_PRICE,CATEGORY_ID) values (116,'G.Skill Trident Z','Speed:DDR4-3400,Type:288-pin DIMM,CAS:16Module:4x16GBSize:64GB',565.39,731.99,5);
Insert into EUROPA.PRODUCTS (PRODUCT_ID,PRODUCT_NAME,DESCRIPTION,STANDARD_COST,LIST_PRICE,CATEGORY_ID) values (15,'G.Skill Trident Z','Speed:DDR4-3466,Type:288-pin DIMM,CAS:16Module:4x16GBSize:64GB',601.56,725.99,5);
Insert into EUROPA.PRODUCTS (PRODUCT_ID,PRODUCT_NAME,DESCRIPTION,STANDARD_COST,LIST_PRICE,CATEGORY_ID) values (122,'G.Skill Trident Z','Speed:DDR4-3333,Type:288-pin DIMM,CAS:16Module:4x16GBSize:64GB',532.27,722.99,5);
Insert into EUROPA.PRODUCTS (PRODUCT_ID,PRODUCT_NAME,DESCRIPTION,STANDARD_COST,LIST_PRICE,CATEGORY_ID) values (121,'G.Skill Ripjaws V Series','Speed:DDR4-3200,Type:288-pin DIMM,CAS:14Module:8x8GBSize:64GB',603.22,721.99,5);
Insert into EUROPA.PRODUCTS (PRODUCT_ID,PRODUCT_NAME,DESCRIPTION,STANDARD_COST,LIST_PRICE,CATEGORY_ID) values (20,'Corsair Dominator Platinum','Speed:DDR4-3200,Type:288-pin DIMM,CAS:15Module:4x16GBSize:64GB',616.53,719.99,5);
Insert into EUROPA.PRODUCTS (PRODUCT_ID,PRODUCT_NAME,DESCRIPTION,STANDARD_COST,LIST_PRICE,CATEGORY_ID) values (127,'Corsair Dominator Platinum','Speed:DDR4-3333,Type:288-pin DIMM,CAS:15Module:4x16GBSize:64GB',538.55,719.99,5);
Insert into EUROPA.PRODUCTS (PRODUCT_ID,PRODUCT_NAME,DESCRIPTION,STANDARD_COST,LIST_PRICE,CATEGORY_ID) values (109,'G.Skill Trident Z','Speed:DDR4-3200,Type:288-pin DIMM,CAS:14Module:4x16GBSize:64GB',585.26,713.99,5);
Insert into EUROPA.PRODUCTS (PRODUCT_ID,PRODUCT_NAME,DESCRIPTION,STANDARD_COST,LIST_PRICE,CATEGORY_ID) values (202,'G.Skill Trident Z','Speed:DDR4-3200,Type:288-pin DIMM,CAS:14Module:4x16GBSize:64GB',533.21,713.99,5);
Insert into EUROPA.PRODUCTS (PRODUCT_ID,PRODUCT_NAME,DESCRIPTION,STANDARD_COST,LIST_PRICE,CATEGORY_ID) values (113,'G.Skill Trident Z','Speed:DDR4-3200,Type:288-pin DIMM,CAS:15Module:4x16GBSize:64GB',580.21,704.99,5);
Insert into EUROPA.PRODUCTS (PRODUCT_ID,PRODUCT_NAME,DESCRIPTION,STANDARD_COST,LIST_PRICE,CATEGORY_ID) values (13,'G.Skill Ripjaws V Series','Speed:DDR4-3333,Type:288-pin DIMM,CAS:16Module:4x16GBSize:64GB',618.63,704.99,5);
Insert into EUROPA.PRODUCTS (PRODUCT_ID,PRODUCT_NAME,DESCRIPTION,STANDARD_COST,LIST_PRICE,CATEGORY_ID) values (14,'G.Skill Ripjaws V Series','Speed:DDR4-3333,Type:288-pin DIMM,CAS:16Module:4x16GBSize:64GB',633.65,704.99,5);
Insert into EUROPA.PRODUCTS (PRODUCT_ID,PRODUCT_NAME,DESCRIPTION,STANDARD_COST,LIST_PRICE,CATEGORY_ID) values (115,'Corsair Vengeance LPX','Speed:DDR4-3200,Type:288-pin DIMM,CAS:15Module:8x8GBSize:64GB',565.73,699.99,5);
Insert into EUROPA.PRODUCTS (PRODUCT_ID,PRODUCT_NAME,DESCRIPTION,STANDARD_COST,LIST_PRICE,CATEGORY_ID) values (118,'Corsair Dominator Platinum','Speed:DDR4-2800,Type:288-pin DIMM,CAS:15Module:8x8GBSize:64GB',578.46,699.89,5);
Insert into EUROPA.PRODUCTS (PRODUCT_ID,PRODUCT_NAME,DESCRIPTION,STANDARD_COST,LIST_PRICE,CATEGORY_ID) values (17,'Corsair Vengeance LPX','Speed:DDR4-3333,Type:288-pin DIMM,CAS:15Module:4x16GBSize:64GB',595.42,699.01,5);
Insert into EUROPA.PRODUCTS (PRODUCT_ID,PRODUCT_NAME,DESCRIPTION,STANDARD_COST,LIST_PRICE,CATEGORY_ID) values (117,'G.Skill Ripjaws V Series','Speed:DDR4-3200,Type:288-pin DIMM,CAS:14Module:4x16GBSize:64GB',617.62,695.99,5);
Insert into EUROPA.PRODUCTS (PRODUCT_ID,PRODUCT_NAME,DESCRIPTION,STANDARD_COST,LIST_PRICE,CATEGORY_ID) values (77,'G.Skill Ripjaws V Series','Speed:DDR4-3200,Type:288-pin DIMM,CAS:14Module:4x16GBSize:64GB',577.25,695.99,5);
Insert into EUROPA.PRODUCTS (PRODUCT_ID,PRODUCT_NAME,DESCRIPTION,STANDARD_COST,LIST_PRICE,CATEGORY_ID) values (78,'G.Skill Ripjaws V Series','Speed:DDR4-3200,Type:288-pin DIMM,CAS:15Module:4x16GBSize:64GB',517.78,686.99,5);
Insert into EUROPA.PRODUCTS (PRODUCT_ID,PRODUCT_NAME,DESCRIPTION,STANDARD_COST,LIST_PRICE,CATEGORY_ID) values (204,'G.Skill Ripjaws V Series','Speed:DDR4-3200,Type:288-pin DIMM,CAS:15Module:4x16GBSize:64GB',546.64,686.99,5);
Insert into EUROPA.PRODUCTS (PRODUCT_ID,PRODUCT_NAME,DESCRIPTION,STANDARD_COST,LIST_PRICE,CATEGORY_ID) values (7,'G.Skill Ripjaws V Series','Speed:DDR4-3200,Type:288-pin DIMM,CAS:15Module:8x8GBSize:64GB',602.4,680.99,5);
Insert into EUROPA.PRODUCTS (PRODUCT_ID,PRODUCT_NAME,DESCRIPTION,STANDARD_COST,LIST_PRICE,CATEGORY_ID) values (278,'G.Skill Ripjaws V Series','Speed:DDR4-3000,Type:288-pin DIMM,CAS:14Module:8x8GBSize:64GB',546.05,677.99,5);
Insert into EUROPA.PRODUCTS (PRODUCT_ID,PRODUCT_NAME,DESCRIPTION,STANDARD_COST,LIST_PRICE,CATEGORY_ID) values (203,'Kingston','Speed:DDR3-1333,Type:240-pin DIMM,CAS:9Module:4x16GBSize:64GB',556.84,671.38,5);
Insert into EUROPA.PRODUCTS (PRODUCT_ID,PRODUCT_NAME,DESCRIPTION,STANDARD_COST,LIST_PRICE,CATEGORY_ID) values (79,'Corsair Dominator Platinum','Speed:DDR4-2666,Type:288-pin DIMM,CAS:15Module:8x8GBSize:64GB',537.63,659.99,5);
Insert into EUROPA.PRODUCTS (PRODUCT_ID,PRODUCT_NAME,DESCRIPTION,STANDARD_COST,LIST_PRICE,CATEGORY_ID) values (201,'Kingston','Speed:DDR3-1600,Type:240-pin DIMM,CAS:11Module:4x8GBSize:32GB',566.98,653.5,5);
Insert into EUROPA.PRODUCTS (PRODUCT_ID,PRODUCT_NAME,DESCRIPTION,STANDARD_COST,LIST_PRICE,CATEGORY_ID) values (205,'G.Skill Trident X','Speed:DDR3-3100,Type:240-pin DIMM,CAS:12Module:2x4GBSize:8GB',507.32,649.99,5);
Insert into EUROPA.PRODUCTS (PRODUCT_ID,PRODUCT_NAME,DESCRIPTION,STANDARD_COST,LIST_PRICE,CATEGORY_ID) values (29,'Corsair Vengeance LPX','Speed:DDR4-3200,Type:288-pin DIMM,CAS:15Module:4x16GBSize:64GB',571.7,645.99,5);
Insert into EUROPA.PRODUCTS (PRODUCT_ID,PRODUCT_NAME,DESCRIPTION,STANDARD_COST,LIST_PRICE,CATEGORY_ID) values (138,'G.Skill Ripjaws V Series','Speed:DDR4-3000,Type:288-pin DIMM,CAS:14Module:4x16GBSize:64GB',499.09,645.99,5);
Insert into EUROPA.PRODUCTS (PRODUCT_ID,PRODUCT_NAME,DESCRIPTION,STANDARD_COST,LIST_PRICE,CATEGORY_ID) values (30,'G.Skill Ripjaws V Series','Speed:DDR4-2800,Type:288-pin DIMM,CAS:14Module:4x16GBSize:64GB',452.54,645.2,5);
Insert into EUROPA.PRODUCTS (PRODUCT_ID,PRODUCT_NAME,DESCRIPTION,STANDARD_COST,LIST_PRICE,CATEGORY_ID) values (107,'Kingston','Speed:DDR3-1600,Type:240-pin DIMM,CAS:11Module:4x16GBSize:64GB',474.18,644,5);
Insert into EUROPA.PRODUCTS (PRODUCT_ID,PRODUCT_NAME,DESCRIPTION,STANDARD_COST,LIST_PRICE,CATEGORY_ID) values (126,'G.Skill Ripjaws V Series','Speed:DDR4-3200,Type:288-pin DIMM,CAS:16Module:8x8GBSize:64GB',510.93,640.99,5);
Insert into EUROPA.PRODUCTS (PRODUCT_ID,PRODUCT_NAME,DESCRIPTION,STANDARD_COST,LIST_PRICE,CATEGORY_ID) values (1,'G.Skill Ripjaws V Series','Speed:DDR4-3000,Type:288-pin DIMM,CAS:15Module:8x8GBSize:64GB',450.36,640.99,5);
Insert into EUROPA.PRODUCTS (PRODUCT_ID,PRODUCT_NAME,DESCRIPTION,STANDARD_COST,LIST_PRICE,CATEGORY_ID) values (101,'Kingston HyperX Predator','Speed:DDR4-3000,Type:288-pin DIMM,CAS:15Module:4x16GBSize:64GB',471.78,635.99,5);
Insert into EUROPA.PRODUCTS (PRODUCT_ID,PRODUCT_NAME,DESCRIPTION,STANDARD_COST,LIST_PRICE,CATEGORY_ID) values (190,'Supermicro X10SDV-8C-TLN4F','CPU:Xeon D-1541,Form Factor:Mini ITX,RAM Slots:4,Max RAM:64GB',664.29,948.99,4);
Insert into EUROPA.PRODUCTS (PRODUCT_ID,PRODUCT_NAME,DESCRIPTION,STANDARD_COST,LIST_PRICE,CATEGORY_ID) values (62,'Intel DP35DPM','CPU:LGA775,Form Factor:ATX,RAM Slots:4,Max RAM:8GB',626.22,789.79,4);
Insert into EUROPA.PRODUCTS (PRODUCT_ID,PRODUCT_NAME,DESCRIPTION,STANDARD_COST,LIST_PRICE,CATEGORY_ID) values (189,'Asus X99-E-10G WS','CPU:LGA2011-3,Form Factor:SSI CEB,RAM Slots:8,Max RAM:128GB',582.02,649,4);
Insert into EUROPA.PRODUCTS (PRODUCT_ID,PRODUCT_NAME,DESCRIPTION,STANDARD_COST,LIST_PRICE,CATEGORY_ID) values (191,'Asus ROG MAXIMUS IX EXTREME','CPU:LGA1151,Form Factor:EATX,RAM Slots:4,Max RAM:64GB',480.89,573.99,4);
Insert into EUROPA.PRODUCTS (PRODUCT_ID,PRODUCT_NAME,DESCRIPTION,STANDARD_COST,LIST_PRICE,CATEGORY_ID) values (63,'Asus RAMPAGE V EXTREME','CPU:LGA2011-3,Form Factor:EATX,RAM Slots:8,Max RAM:64GB',459,572.96,4);
Insert into EUROPA.PRODUCTS (PRODUCT_ID,PRODUCT_NAME,DESCRIPTION,STANDARD_COST,LIST_PRICE,CATEGORY_ID) values (193,'Asus Z10PE-D8 WS','CPU:LGA2011-3 x 2,Form Factor:SSI EEB,RAM Slots:8,Max RAM:512GB',504.14,561.59,4);
Insert into EUROPA.PRODUCTS (PRODUCT_ID,PRODUCT_NAME,DESCRIPTION,STANDARD_COST,LIST_PRICE,CATEGORY_ID) values (271,'MSI X99A GODLIKE GAMING CARBON','CPU:LGA2011-3,Form Factor:EATX,RAM Slots:8,Max RAM:128GB',415,549.59,4);
Insert into EUROPA.PRODUCTS (PRODUCT_ID,PRODUCT_NAME,DESCRIPTION,STANDARD_COST,LIST_PRICE,CATEGORY_ID) values (64,'Supermicro H8DG6-F','CPU:G34 x 2,Form Factor:EATX,RAM Slots:16,Max RAM:512GB',416.64,525.99,4);
Insert into EUROPA.PRODUCTS (PRODUCT_ID,PRODUCT_NAME,DESCRIPTION,STANDARD_COST,LIST_PRICE,CATEGORY_ID) values (192,'Asus Rampage V Edition 10','CPU:LGA2011-3,Form Factor:EATX,RAM Slots:8,Max RAM:128GB',452.5,519.99,4);
Insert into EUROPA.PRODUCTS (PRODUCT_ID,PRODUCT_NAME,DESCRIPTION,STANDARD_COST,LIST_PRICE,CATEGORY_ID) values (225,'Gigabyte GA-Z270X-Gaming 9','CPU:LGA1151,Form Factor:EATX,RAM Slots:4,Max RAM:64GB',380.05,503.98,4);
Insert into EUROPA.PRODUCTS (PRODUCT_ID,PRODUCT_NAME,DESCRIPTION,STANDARD_COST,LIST_PRICE,CATEGORY_ID) values (252,'Gigabyte X299 AORUS Gaming 9','CPU:LGA2066,Form Factor:ATX,RAM Slots:8,Max RAM:128GB',395.24,499.99,4);
Insert into EUROPA.PRODUCTS (PRODUCT_ID,PRODUCT_NAME,DESCRIPTION,STANDARD_COST,LIST_PRICE,CATEGORY_ID) values (274,'ASRock E3C224D4M-16RE','CPU:LGA1150,Form Factor:ATX,RAM Slots:4,Max RAM:32GB',364.79,499.99,4);
Insert into EUROPA.PRODUCTS (PRODUCT_ID,PRODUCT_NAME,DESCRIPTION,STANDARD_COST,LIST_PRICE,CATEGORY_ID) values (61,'Asus PRIME X299-DELUXE','CPU:LGA2066,Form Factor:ATX,RAM Slots:8,Max RAM:128GB',409.92,487.3,4);
Insert into EUROPA.PRODUCTS (PRODUCT_ID,PRODUCT_NAME,DESCRIPTION,STANDARD_COST,LIST_PRICE,CATEGORY_ID) values (188,'Asus X99-E WS/USB 3.1','CPU:LGA2011-3,Form Factor:SSI CEB,RAM Slots:8,Max RAM:128GB',428.89,482.49,4);
Insert into EUROPA.PRODUCTS (PRODUCT_ID,PRODUCT_NAME,DESCRIPTION,STANDARD_COST,LIST_PRICE,CATEGORY_ID) values (28,'Supermicro X9SRH-7TF','CPU:LGA2011,Form Factor:ATX,RAM Slots:8,Max RAM:64GB',411.64,479.99,4);
Insert into EUROPA.PRODUCTS (PRODUCT_ID,PRODUCT_NAME,DESCRIPTION,STANDARD_COST,LIST_PRICE,CATEGORY_ID) values (137,'Asus Z10PE-D16 WS','CPU:LGA2011-3 x 2,Form Factor:SSI EEB,RAM Slots:16,Max RAM:1TB',332.52,469.99,4);
Insert into EUROPA.PRODUCTS (PRODUCT_ID,PRODUCT_NAME,DESCRIPTION,STANDARD_COST,LIST_PRICE,CATEGORY_ID) values (32,'ASRock X99 Extreme11','CPU:LGA2011-3,Form Factor:EATX,RAM Slots:8,Max RAM:128GB',380.55,469.99,4);
Insert into EUROPA.PRODUCTS (PRODUCT_ID,PRODUCT_NAME,DESCRIPTION,STANDARD_COST,LIST_PRICE,CATEGORY_ID) values (31,'Supermicro MBD-X10DAX','CPU:LGA2011-3 x 2,Form Factor:EATX,RAM Slots:16,Max RAM:',385.24,443.72,4);
Insert into EUROPA.PRODUCTS (PRODUCT_ID,PRODUCT_NAME,DESCRIPTION,STANDARD_COST,LIST_PRICE,CATEGORY_ID) values (84,'Asus X99-DELUXE/U3.1','CPU:LGA2011-3,Form Factor:ATX,RAM Slots:8,Max RAM:64GB',332.38,440.3,4);
Insert into EUROPA.PRODUCTS (PRODUCT_ID,PRODUCT_NAME,DESCRIPTION,STANDARD_COST,LIST_PRICE,CATEGORY_ID) values (141,'Supermicro X11SSL-CF','CPU:LGA1151,Form Factor:Micro ATX,RAM Slots:4,Max RAM:64GB',317.81,419.99,4);
Insert into EUROPA.PRODUCTS (PRODUCT_ID,PRODUCT_NAME,DESCRIPTION,STANDARD_COST,LIST_PRICE,CATEGORY_ID) values (34,'Asus KGPE-D16','CPU:G34 x 2,Form Factor:SSI EEB,RAM Slots:16,Max RAM:256GB',360.72,417.98,4);
Insert into EUROPA.PRODUCTS (PRODUCT_ID,PRODUCT_NAME,DESCRIPTION,STANDARD_COST,LIST_PRICE,CATEGORY_ID) values (143,'Asus Z10PE-D16','CPU:LGA2011-3 Narrow x 2,Form Factor:SSI EEB,RAM Slots:16,Max RAM:1TB',293.3,402.99,4);
Insert into EUROPA.PRODUCTS (PRODUCT_ID,PRODUCT_NAME,DESCRIPTION,STANDARD_COST,LIST_PRICE,CATEGORY_ID) values (217,'ASRock C2750D4I','CPU:Atom C2750,Form Factor:Mini ITX,RAM Slots:4,Max RAM:64GB',339.55,401.98,4);
Insert into EUROPA.PRODUCTS (PRODUCT_ID,PRODUCT_NAME,DESCRIPTION,STANDARD_COST,LIST_PRICE,CATEGORY_ID) values (66,'Gigabyte X299 AORUS Gaming 7','CPU:LGA2066,Form Factor:ATX,RAM Slots:8,Max RAM:128GB',283.91,399.99,4);
Insert into EUROPA.PRODUCTS (PRODUCT_ID,PRODUCT_NAME,DESCRIPTION,STANDARD_COST,LIST_PRICE,CATEGORY_ID) values (275,'MSI X99A GODLIKE GAMING','CPU:LGA2011-3,Form Factor:EATX,RAM Slots:8,Max RAM:128GB',302.95,399.99,4);
Insert into EUROPA.PRODUCTS (PRODUCT_ID,PRODUCT_NAME,DESCRIPTION,STANDARD_COST,LIST_PRICE,CATEGORY_ID) values (194,'MSI X299 GAMING M7 ACK','CPU:LGA2066,Form Factor:ATX,RAM Slots:8,Max RAM:128GB',278.71,397.42,4);
Insert into EUROPA.PRODUCTS (PRODUCT_ID,PRODUCT_NAME,DESCRIPTION,STANDARD_COST,LIST_PRICE,CATEGORY_ID) values (156,'Supermicro MBD-X10DRI-O','CPU:LGA2011-3 Narrow x 2,Form Factor:EATX,RAM Slots:16,Max RAM:1TB',291.34,394.99,4);
Insert into EUROPA.PRODUCTS (PRODUCT_ID,PRODUCT_NAME,DESCRIPTION,STANDARD_COST,LIST_PRICE,CATEGORY_ID) values (157,'Asus MAXIMUS IX FORMULA','CPU:LGA1151,Form Factor:ATX,RAM Slots:4,Max RAM:64GB',339.12,388.99,4);
Insert into EUROPA.PRODUCTS (PRODUCT_ID,PRODUCT_NAME,DESCRIPTION,STANDARD_COST,LIST_PRICE,CATEGORY_ID) values (170,'Asus X99-DELUXE II','CPU:LGA2011-3,Form Factor:ATX,RAM Slots:8,Max RAM:128GB',289.33,383.98,4);
Insert into EUROPA.PRODUCTS (PRODUCT_ID,PRODUCT_NAME,DESCRIPTION,STANDARD_COST,LIST_PRICE,CATEGORY_ID) values (171,'ASRock Fatal1ty X299 Professional Gaming i9','CPU:LGA2066,Form Factor:ATX,RAM Slots:8,Max RAM:128GB',287.5,382.98,4);
Insert into EUROPA.PRODUCTS (PRODUCT_ID,PRODUCT_NAME,DESCRIPTION,STANDARD_COST,LIST_PRICE,CATEGORY_ID) values (172,'ASRock EP2C612 WS','CPU:LGA2011-3 x 2,Form Factor:SSI EEB,RAM Slots:8,Max RAM:',308.84,358.49,4);
Insert into EUROPA.PRODUCTS (PRODUCT_ID,PRODUCT_NAME,DESCRIPTION,STANDARD_COST,LIST_PRICE,CATEGORY_ID) values (173,'ASRock Z270 SuperCarrier','CPU:LGA1151,Form Factor:ATX,RAM Slots:4,Max RAM:64GB',264.35,353.98,4);
Insert into EUROPA.PRODUCTS (PRODUCT_ID,PRODUCT_NAME,DESCRIPTION,STANDARD_COST,LIST_PRICE,CATEGORY_ID) values (187,'Asus MAXIMUS VIII EXTREME/ASSEMBLY','CPU:LGA1151,Form Factor:EATX,RAM Slots:4,Max RAM:64GB',253.41,353.98,4);
Insert into EUROPA.PRODUCTS (PRODUCT_ID,PRODUCT_NAME,DESCRIPTION,STANDARD_COST,LIST_PRICE,CATEGORY_ID) values (224,'Asus STRIX X299-E GAMING','CPU:LGA2066,Form Factor:ATX,RAM Slots:8,Max RAM:128GB',306,349.99,4);
Insert into EUROPA.PRODUCTS (PRODUCT_ID,PRODUCT_NAME,DESCRIPTION,STANDARD_COST,LIST_PRICE,CATEGORY_ID) values (246,'Gigabyte X299 AORUS Ultra Gaming','CPU:LGA2066,Form Factor:ATX,RAM Slots:8,Max RAM:128GB',287.78,343.99,4);
Insert into EUROPA.PRODUCTS (PRODUCT_ID,PRODUCT_NAME,DESCRIPTION,STANDARD_COST,LIST_PRICE,CATEGORY_ID) values (247,'Asus TUF X299 MARK 1','CPU:LGA2066,Form Factor:ATX,RAM Slots:8,Max RAM:128GB',241.15,339.99,4);
Insert into EUROPA.PRODUCTS (PRODUCT_ID,PRODUCT_NAME,DESCRIPTION,STANDARD_COST,LIST_PRICE,CATEGORY_ID) values (250,'Asus Z170-WS','CPU:LGA1151,Form Factor:ATX,RAM Slots:4,Max RAM:64GB',279.4,338.99,4);
Insert into EUROPA.PRODUCTS (PRODUCT_ID,PRODUCT_NAME,DESCRIPTION,STANDARD_COST,LIST_PRICE,CATEGORY_ID) values (251,'MSI X299 GAMING PRO CARBON AC','CPU:LGA2066,Form Factor:ATX,RAM Slots:8,Max RAM:128GB',238.8,337.81,4);
Insert into EUROPA.PRODUCTS (PRODUCT_ID,PRODUCT_NAME,DESCRIPTION,STANDARD_COST,LIST_PRICE,CATEGORY_ID) values (287,'MSI X99A XPOWER GAMING TITANIUM','CPU:LGA2011-3,Form Factor:EATX,RAM Slots:8,Max RAM:128GB',257.23,329.99,4);
Insert into EUROPA.PRODUCTS (PRODUCT_ID,PRODUCT_NAME,DESCRIPTION,STANDARD_COST,LIST_PRICE,CATEGORY_ID) values (288,'Asus ROG STRIX X99 GAMING','CPU:LGA2011-3,Form Factor:ATX,RAM Slots:8,Max RAM:128GB',255.86,319.99,4);
Insert into EUROPA.PRODUCTS (PRODUCT_ID,PRODUCT_NAME,DESCRIPTION,STANDARD_COST,LIST_PRICE,CATEGORY_ID) values (179,'Asus SABERTOOTH X99','CPU:LGA2011-3,Form Factor:ATX,RAM Slots:8,Max RAM:64GB',252.57,312.67,4);
Insert into EUROPA.PRODUCTS (PRODUCT_ID,PRODUCT_NAME,DESCRIPTION,STANDARD_COST,LIST_PRICE,CATEGORY_ID) values (226,'Asus PRIME X299-A','CPU:LGA2066,Form Factor:ATX,RAM Slots:8,Max RAM:128GB',274.56,309.85,4);
Insert into EUROPA.PRODUCTS (PRODUCT_ID,PRODUCT_NAME,DESCRIPTION,STANDARD_COST,LIST_PRICE,CATEGORY_ID) values (227,'Gigabyte GA-X99-UD5 WIFI','CPU:LGA2011-3,Form Factor:EATX,RAM Slots:8,Max RAM:64GB',217.83,305,4);
Insert into EUROPA.PRODUCTS (PRODUCT_ID,PRODUCT_NAME,DESCRIPTION,STANDARD_COST,LIST_PRICE,CATEGORY_ID) values (39,'ASRock EP2C602-4L/D16','CPU:LGA2011 x 2,Form Factor:SSI EEB,RAM Slots:16,Max RAM:512GB',225.47,301.99,4);
Insert into EUROPA.PRODUCTS (PRODUCT_ID,PRODUCT_NAME,DESCRIPTION,STANDARD_COST,LIST_PRICE,CATEGORY_ID) values (40,'MSI Z170A KRAIT GAMING 3X','CPU:LGA1151,Form Factor:ATX,RAM Slots:4,Max RAM:64GB',245.4,299.89,4);
Insert into EUROPA.PRODUCTS (PRODUCT_ID,PRODUCT_NAME,DESCRIPTION,STANDARD_COST,LIST_PRICE,CATEGORY_ID) values (41,'MSI Z170 Krait Gaming','CPU:LGA1151,Form Factor:ATX,RAM Slots:4,Max RAM:64GB',231.58,299.89,4);
Insert into EUROPA.PRODUCTS (PRODUCT_ID,PRODUCT_NAME,DESCRIPTION,STANDARD_COST,LIST_PRICE,CATEGORY_ID) values (42,'MSI Z170A KRAIT GAMING','CPU:LGA1151,Form Factor:ATX,RAM Slots:4,Max RAM:64GB',262.4,299.89,4);
Insert into EUROPA.PRODUCTS (PRODUCT_ID,PRODUCT_NAME,DESCRIPTION,STANDARD_COST,LIST_PRICE,CATEGORY_ID) values (43,'Asus MAXIMUS IX CODE','CPU:LGA1151,Form Factor:ATX,RAM Slots:4,Max RAM:64GB',266.15,298.98,4);
Insert into EUROPA.PRODUCTS (PRODUCT_ID,PRODUCT_NAME,DESCRIPTION,STANDARD_COST,LIST_PRICE,CATEGORY_ID) values (134,'Asus Sabertooth 990FX','CPU:AM3+,Form Factor:ATX,RAM Slots:4,Max RAM:32GB',252.31,295.72,4);
Insert into EUROPA.PRODUCTS (PRODUCT_ID,PRODUCT_NAME,DESCRIPTION,STANDARD_COST,LIST_PRICE,CATEGORY_ID) values (140,'MSI X99A WORKSTATION','CPU:LGA2011-3,Form Factor:ATX,RAM Slots:8,Max RAM:128GB',239.95,289.97,4);
Insert into EUROPA.PRODUCTS (PRODUCT_ID,PRODUCT_NAME,DESCRIPTION,STANDARD_COST,LIST_PRICE,CATEGORY_ID) values (144,'Intel DG43RK','CPU:LGA775,Form Factor:Micro ATX,RAM Slots:4,Max RAM:8GB',219.69,289.79,4);
Insert into EUROPA.PRODUCTS (PRODUCT_ID,PRODUCT_NAME,DESCRIPTION,STANDARD_COST,LIST_PRICE,CATEGORY_ID) values (145,'Asus VANGUARD B85','CPU:LGA1150,Form Factor:Micro ATX,RAM Slots:4,Max RAM:32GB',258.1,287,4);
Insert into EUROPA.PRODUCTS (PRODUCT_ID,PRODUCT_NAME,DESCRIPTION,STANDARD_COST,LIST_PRICE,CATEGORY_ID) values (146,'EVGA Z270 Classified K','CPU:LGA1151,Form Factor:EATX,RAM Slots:4,Max RAM:64GB',234.26,283.98,4);
Insert into EUROPA.PRODUCTS (PRODUCT_ID,PRODUCT_NAME,DESCRIPTION,STANDARD_COST,LIST_PRICE,CATEGORY_ID) values (147,'EVGA Classified','CPU:LGA2011-3,Form Factor:EATX,RAM Slots:8,Max RAM:128GB',240.62,283.98,4);
Insert into EUROPA.PRODUCTS (PRODUCT_ID,PRODUCT_NAME,DESCRIPTION,STANDARD_COST,LIST_PRICE,CATEGORY_ID) values (148,'MSI Z270 XPOWER GAMING TITANIUM','CPU:LGA1151,Form Factor:ATX,RAM Slots:4,Max RAM:64GB',212.69,282.98,4);
Insert into EUROPA.PRODUCTS (PRODUCT_ID,PRODUCT_NAME,DESCRIPTION,STANDARD_COST,LIST_PRICE,CATEGORY_ID) values (149,'ASRock X299 Taichi','CPU:LGA2066,Form Factor:ATX,RAM Slots:8,Max RAM:128GB',214.36,282.98,4);
Insert into EUROPA.PRODUCTS (PRODUCT_ID,PRODUCT_NAME,DESCRIPTION,STANDARD_COST,LIST_PRICE,CATEGORY_ID) values (150,'MSI X299 TOMAHAWK ARCTIC','CPU:LGA2066,Form Factor:ATX,RAM Slots:8,Max RAM:128GB',223.92,281.98,4);
Insert into EUROPA.PRODUCTS (PRODUCT_ID,PRODUCT_NAME,DESCRIPTION,STANDARD_COST,LIST_PRICE,CATEGORY_ID) values (151,'Supermicro X10SAT-O','CPU:LGA1150,Form Factor:ATX,RAM Slots:4,Max RAM:32GB',207.08,281.97,4);
Insert into EUROPA.PRODUCTS (PRODUCT_ID,PRODUCT_NAME,DESCRIPTION,STANDARD_COST,LIST_PRICE,CATEGORY_ID) values (152,'Gigabyte X299 AORUS Gaming 3','CPU:LGA2066,Form Factor:ATX,RAM Slots:8,Max RAM:128GB',227.48,280.98,4);
Insert into EUROPA.PRODUCTS (PRODUCT_ID,PRODUCT_NAME,DESCRIPTION,STANDARD_COST,LIST_PRICE,CATEGORY_ID) values (180,'Supermicro MBD-X10DAL-I-O','CPU:LGA2011-3 x 2,Form Factor:ATX,RAM Slots:8,Max RAM:512GB',239.28,279.99,4);
Insert into EUROPA.PRODUCTS (PRODUCT_ID,PRODUCT_NAME,DESCRIPTION,STANDARD_COST,LIST_PRICE,CATEGORY_ID) values (268,'Western Digital WD10EZEX','Series:Caviar Blue,Type:7200RPM,Capacity:1TB,Cache:64MB',35.83,47.88,5);
Insert into EUROPA.PRODUCTS (PRODUCT_ID,PRODUCT_NAME,DESCRIPTION,STANDARD_COST,LIST_PRICE,CATEGORY_ID) values (24,'Seagate ST2000DM006','Series:Barracuda,Type:7200RPM,Capacity:2TB,Cache:64MB',47.93,66.89,5);
Insert into EUROPA.PRODUCTS (PRODUCT_ID,PRODUCT_NAME,DESCRIPTION,STANDARD_COST,LIST_PRICE,CATEGORY_ID) values (25,'Samsung MZ-75E250B/AM','Series:850 EVO-Series,Type:SSD,Capacity:250GB,Cache:N/A',87.98,104.88,5);
Insert into EUROPA.PRODUCTS (PRODUCT_ID,PRODUCT_NAME,DESCRIPTION,STANDARD_COST,LIST_PRICE,CATEGORY_ID) values (26,'Samsung MZ-75E500B/AM','Series:850 EVO-Series,Type:SSD,Capacity:500GB,Cache:N/A',157.81,178.09,5);
Insert into EUROPA.PRODUCTS (PRODUCT_ID,PRODUCT_NAME,DESCRIPTION,STANDARD_COST,LIST_PRICE,CATEGORY_ID) values (104,'SanDisk SDSSDA-240G-G26','Series:SSD PLUS,Type:SSD,Capacity:240GB,Cache:N/A',61.1,83.88,5);
Insert into EUROPA.PRODUCTS (PRODUCT_ID,PRODUCT_NAME,DESCRIPTION,STANDARD_COST,LIST_PRICE,CATEGORY_ID) values (135,'Samsung MZ-V6E250','Series:960 EVO,Type:SSD,Capacity:250GB,Cache:512MB',92.98,127.88,5);
Insert into EUROPA.PRODUCTS (PRODUCT_ID,PRODUCT_NAME,DESCRIPTION,STANDARD_COST,LIST_PRICE,CATEGORY_ID) values (284,'Kingston SA400S37/120G','Series:A400,Type:SSD,Capacity:120GB,Cache:N/A',40.63,54.99,5);
Insert into EUROPA.PRODUCTS (PRODUCT_ID,PRODUCT_NAME,DESCRIPTION,STANDARD_COST,LIST_PRICE,CATEGORY_ID) values (285,'Samsung MZ-75E1T0B/AM','Series:850 EVO-Series,Type:SSD,Capacity:1TB,Cache:N/A',260.23,339.99,5);
Insert into EUROPA.PRODUCTS (PRODUCT_ID,PRODUCT_NAME,DESCRIPTION,STANDARD_COST,LIST_PRICE,CATEGORY_ID) values (286,'Samsung MZ-V6E500','Series:960 EVO,Type:SSD,Capacity:500GB,Cache:512MB',209.62,234,5);
Insert into EUROPA.PRODUCTS (PRODUCT_ID,PRODUCT_NAME,DESCRIPTION,STANDARD_COST,LIST_PRICE,CATEGORY_ID) values (22,'Seagate ST3000DM008','Series:Barracuda,Type:7200RPM,Capacity:3TB,Cache:64MB',61.63,83.61,5);
Insert into EUROPA.PRODUCTS (PRODUCT_ID,PRODUCT_NAME,DESCRIPTION,STANDARD_COST,LIST_PRICE,CATEGORY_ID) values (23,'Western Digital WDS250G1B0A','Series:Blue,Type:SSD,Capacity:250GB,Cache:N/A',72.54,89.89,5);
Insert into EUROPA.PRODUCTS (PRODUCT_ID,PRODUCT_NAME,DESCRIPTION,STANDARD_COST,LIST_PRICE,CATEGORY_ID) values (33,'ADATA ASU800SS-128GT-C','Series:Ultimate SU800,Type:SSD,Capacity:128GB,Cache:N/A',37.78,52.65,5);
Insert into EUROPA.PRODUCTS (PRODUCT_ID,PRODUCT_NAME,DESCRIPTION,STANDARD_COST,LIST_PRICE,CATEGORY_ID) values (44,'Seagate ST1000DM010','Series:BarraCuda,Type:7200RPM,Capacity:1TB,Cache:64MB',42.18,49.37,5);
Insert into EUROPA.PRODUCTS (PRODUCT_ID,PRODUCT_NAME,DESCRIPTION,STANDARD_COST,LIST_PRICE,CATEGORY_ID) values (49,'Samsung MZ-75E4T0B','Series:850 EVO,Type:SSD,Capacity:4TB,Cache:4GB',1153.64,1499.99,5);
Insert into EUROPA.PRODUCTS (PRODUCT_ID,PRODUCT_NAME,DESCRIPTION,STANDARD_COST,LIST_PRICE,CATEGORY_ID) values (50,'Intel SSDPECME040T401','Series:DC P3608,Type:SSD,Capacity:4TB,Cache:N/A',7123.66,8867.99,5);
Insert into EUROPA.PRODUCTS (PRODUCT_ID,PRODUCT_NAME,DESCRIPTION,STANDARD_COST,LIST_PRICE,CATEGORY_ID) values (130,'Western Digital WD2003FZEX','Series:BLACK SERIES,Type:7200RPM,Capacity:2TB,Cache:64MB',91.76,117.45,5);
Insert into EUROPA.PRODUCTS (PRODUCT_ID,PRODUCT_NAME,DESCRIPTION,STANDARD_COST,LIST_PRICE,CATEGORY_ID) values (131,'Samsung MZ-V6P512BW','Series:960 PRO,Type:SSD,Capacity:512GB,Cache:512MB',223.99,279.99,5);
Insert into EUROPA.PRODUCTS (PRODUCT_ID,PRODUCT_NAME,DESCRIPTION,STANDARD_COST,LIST_PRICE,CATEGORY_ID) values (139,'Hitachi HUS724030ALE641','Series:Ultrastar 7K4000,Type:7200RPM,Capacity:3TB,Cache:64MB',54.03,65.92,5);
Insert into EUROPA.PRODUCTS (PRODUCT_ID,PRODUCT_NAME,DESCRIPTION,STANDARD_COST,LIST_PRICE,CATEGORY_ID) values (208,'Samsung MZ-V6P2T0BW','Series:960 Pro,Type:SSD,Capacity:2TB,Cache:2GB',840.11,1199.99,5);
Insert into EUROPA.PRODUCTS (PRODUCT_ID,PRODUCT_NAME,DESCRIPTION,STANDARD_COST,LIST_PRICE,CATEGORY_ID) values (229,'Seagate ST10000DM0004','Series:BarraCuda Pro,Type:7200RPM,Capacity:10TB,Cache:256MB',284.23,399.99,5);
Insert into EUROPA.PRODUCTS (PRODUCT_ID,PRODUCT_NAME,DESCRIPTION,STANDARD_COST,LIST_PRICE,CATEGORY_ID) values (230,'ADATA ASU800SS-512GT-C','Series:Ultimate SU800,Type:SSD,Capacity:512GB,Cache:N/A',113.29,136.69,5);
Insert into EUROPA.PRODUCTS (PRODUCT_ID,PRODUCT_NAME,DESCRIPTION,STANDARD_COST,LIST_PRICE,CATEGORY_ID) values (231,'Samsung MZ-V6E1T0','Series:960 EVO,Type:SSD,Capacity:1TB,Cache:1000MB',358.06,449.99,5);
Insert into EUROPA.PRODUCTS (PRODUCT_ID,PRODUCT_NAME,DESCRIPTION,STANDARD_COST,LIST_PRICE,CATEGORY_ID) values (232,'Western Digital WD1003FZEX','Series:BLACK SERIES,Type:7200RPM,Capacity:1TB,Cache:64MB',61.76,70.89,5);
Insert into EUROPA.PRODUCTS (PRODUCT_ID,PRODUCT_NAME,DESCRIPTION,STANDARD_COST,LIST_PRICE,CATEGORY_ID) values (233,'SanDisk SDSSDA-120G-G26','Series:SSD PLUS,Type:SSD,Capacity:120GB,Cache:N/A',52.7,59.99,5);
Insert into EUROPA.PRODUCTS (PRODUCT_ID,PRODUCT_NAME,DESCRIPTION,STANDARD_COST,LIST_PRICE,CATEGORY_ID) values (234,'Crucial CT525MX300SSD1','Series:MX300,Type:SSD,Capacity:525GB,Cache:N/A',135.59,150.99,5);
Insert into EUROPA.PRODUCTS (PRODUCT_ID,PRODUCT_NAME,DESCRIPTION,STANDARD_COST,LIST_PRICE,CATEGORY_ID) values (235,'Hitachi A7K1000-1000','Series:Ultrastar,Type:7200RPM,Capacity:1TB,Cache:32MB',29.94,41.99,5);
Insert into EUROPA.PRODUCTS (PRODUCT_ID,PRODUCT_NAME,DESCRIPTION,STANDARD_COST,LIST_PRICE,CATEGORY_ID) values (253,'Samsung MZ-V6P1T0BW','Series:960 Pro,Type:SSD,Capacity:1TB,Cache:1GB',466.49,579.99,5);
Insert into EUROPA.PRODUCTS (PRODUCT_ID,PRODUCT_NAME,DESCRIPTION,STANDARD_COST,LIST_PRICE,CATEGORY_ID) values (254,'Samsung MZ-7KE256BW','Series:850 Pro Series,Type:SSD,Capacity:256GB,Cache:N/A',97.19,119.99,5);
Insert into EUROPA.PRODUCTS (PRODUCT_ID,PRODUCT_NAME,DESCRIPTION,STANDARD_COST,LIST_PRICE,CATEGORY_ID) values (255,'Seagate ST2000DX002','Series:FireCuda,Type:Hybrid,Capacity:2TB,Cache:64MB',64.48,90.99,5);
Insert into EUROPA.PRODUCTS (PRODUCT_ID,PRODUCT_NAME,DESCRIPTION,STANDARD_COST,LIST_PRICE,CATEGORY_ID) values (256,'Western Digital WD5000AACS','Series:Caviar Green,Type:5400RPM,Capacity:500GB,Cache:16MB',20.14,26.99,5);
Insert into EUROPA.PRODUCTS (PRODUCT_ID,PRODUCT_NAME,DESCRIPTION,STANDARD_COST,LIST_PRICE,CATEGORY_ID) values (257,'SanDisk SDSSDHII-240G-G25','Series:Ultra II,Type:SSD,Capacity:240GB,Cache:N/A',73.39,84.95,5);
Insert into EUROPA.PRODUCTS (PRODUCT_ID,PRODUCT_NAME,DESCRIPTION,STANDARD_COST,LIST_PRICE,CATEGORY_ID) values (258,'PNY SSD7CS1311-120-RB','Series:CS1311,Type:SSD,Capacity:120GB,Cache:N/A',50.59,57.98,5);
Insert into EUROPA.PRODUCTS (PRODUCT_ID,PRODUCT_NAME,DESCRIPTION,STANDARD_COST,LIST_PRICE,CATEGORY_ID) values (259,'PNY SSD9SC240GMDA-RB','Series:XLR8,Type:SSD,Capacity:240GB,Cache:N/A',58.4,80.72,5);
Insert into EUROPA.PRODUCTS (PRODUCT_ID,PRODUCT_NAME,DESCRIPTION,STANDARD_COST,LIST_PRICE,CATEGORY_ID) values (260,'Crucial CT1050MX300SSD1','Series:MX300,Type:SSD,Capacity:1.1TB,Cache:N/A',192.52,267.99,5);
Insert into EUROPA.PRODUCTS (PRODUCT_ID,PRODUCT_NAME,DESCRIPTION,STANDARD_COST,LIST_PRICE,CATEGORY_ID) values (263,'Western Digital WDS250G1B0B','Series:Blue,Type:SSD,Capacity:250GB,Cache:N/A',70.71,89.99,5);
Insert into EUROPA.PRODUCTS (PRODUCT_ID,PRODUCT_NAME,DESCRIPTION,STANDARD_COST,LIST_PRICE,CATEGORY_ID) values (264,'Samsung MZ-75E120B/AM','Series:850 EVO-Series,Type:SSD,Capacity:120GB,Cache:N/A',74.41,88.99,5);
Insert into EUROPA.PRODUCTS (PRODUCT_ID,PRODUCT_NAME,DESCRIPTION,STANDARD_COST,LIST_PRICE,CATEGORY_ID) values (280,'Western Digital WDS500G1B0B','Series:Blue,Type:SSD,Capacity:500GB,Cache:N/A',106.89,149.88,5);
Insert into EUROPA.PRODUCTS (PRODUCT_ID,PRODUCT_NAME,DESCRIPTION,STANDARD_COST,LIST_PRICE,CATEGORY_ID) values (60,'Hitachi HUA723020ALA640','Series:Ultrastar 7K3000,Type:7200RPM,Capacity:2TB,Cache:64MB',45.18,59.99,5);
Insert into EUROPA.PRODUCTS (PRODUCT_ID,PRODUCT_NAME,DESCRIPTION,STANDARD_COST,LIST_PRICE,CATEGORY_ID) values (94,'Western Digital WD2500AVVS','Series:AV-GP,Type:5400RPM,Capacity:250GB,Cache:8MB',12.63,15.55,5);
Insert into EUROPA.PRODUCTS (PRODUCT_ID,PRODUCT_NAME,DESCRIPTION,STANDARD_COST,LIST_PRICE,CATEGORY_ID) values (99,'Seagate ST1000DX002','Series:FireCuda,Type:Hybrid,Capacity:1TB,Cache:64MB',55.41,68.06,5);
Insert into EUROPA.PRODUCTS (PRODUCT_ID,PRODUCT_NAME,DESCRIPTION,STANDARD_COST,LIST_PRICE,CATEGORY_ID) values (100,'Crucial CT275MX300SSD1','Series:MX300,Type:SSD,Capacity:275GB,Cache:N/A',79.21,97.88,5);
Insert into EUROPA.PRODUCTS (PRODUCT_ID,PRODUCT_NAME,DESCRIPTION,STANDARD_COST,LIST_PRICE,CATEGORY_ID) values (168,'Seagate ST31000340NS - FFP','Series:Barracuda ES,Type:7200RPM,Capacity:1TB,Cache:32MB',34.4,43.99,5);
Insert into EUROPA.PRODUCTS (PRODUCT_ID,PRODUCT_NAME,DESCRIPTION,STANDARD_COST,LIST_PRICE,CATEGORY_ID) values (273,'Western Digital WD101KRYZ','Series:Gold,Type:7200RPM,Capacity:10TB,Cache:256MB',313.96,443.64,5);
Insert into EUROPA.PRODUCTS (PRODUCT_ID,PRODUCT_NAME,DESCRIPTION,STANDARD_COST,LIST_PRICE,CATEGORY_ID) values (55,'Crucial CT525MX300SSD4','Series:MX300,Type:SSD,Capacity:525GB,Cache:N/A',121.92,150.99,5);
Insert into EUROPA.PRODUCTS (PRODUCT_ID,PRODUCT_NAME,DESCRIPTION,STANDARD_COST,LIST_PRICE,CATEGORY_ID) values (56,'Western Digital WD2500AAJS','Series:Caviar Blue,Type:7200RPM,Capacity:250GB,Cache:8MB',15.23,16.99,5);
Insert into EUROPA.PRODUCTS (PRODUCT_ID,PRODUCT_NAME,DESCRIPTION,STANDARD_COST,LIST_PRICE,CATEGORY_ID) values (57,'Western Digital WD20EZRZ','Series:Blue,Type:5400RPM,Capacity:2TB,Cache:64MB',58.01,67.34,5);
Insert into EUROPA.PRODUCTS (PRODUCT_ID,PRODUCT_NAME,DESCRIPTION,STANDARD_COST,LIST_PRICE,CATEGORY_ID) values (95,'Western Digital WDS256G1X0C','Series:Black PCIe,Type:SSD,Capacity:256GB,Cache:N/A',85.87,109.99,5);
Insert into EUROPA.PRODUCTS (PRODUCT_ID,PRODUCT_NAME,DESCRIPTION,STANDARD_COST,LIST_PRICE,CATEGORY_ID) values (96,'SanDisk SDSSDHII-480G-G25','Series:Ultra II,Type:SSD,Capacity:480GB,Cache:N/A',102.62,141.56,5);
Insert into EUROPA.PRODUCTS (PRODUCT_ID,PRODUCT_NAME,DESCRIPTION,STANDARD_COST,LIST_PRICE,CATEGORY_ID) values (97,'Kingston SV300S37A/120G','Series:SSDNow V300 Series,Type:SSD,Capacity:120GB,Cache:N/A',45.93,59.87,5);
Insert into EUROPA.PRODUCTS (PRODUCT_ID,PRODUCT_NAME,DESCRIPTION,STANDARD_COST,LIST_PRICE,CATEGORY_ID) values (228,'Intel Xeon E5-2699 V3 (OEM/Tray)','Speed:2.3GHz,Cores:18,TDP:145W',2867.51,3410.46,1);
Insert into EUROPA.PRODUCTS (PRODUCT_ID,PRODUCT_NAME,DESCRIPTION,STANDARD_COST,LIST_PRICE,CATEGORY_ID) values (248,'Intel Xeon E5-2697 V3','Speed:2.6GHz,Cores:14,TDP:145W',2326.27,2774.98,1);
Insert into EUROPA.PRODUCTS (PRODUCT_ID,PRODUCT_NAME,DESCRIPTION,STANDARD_COST,LIST_PRICE,CATEGORY_ID) values (249,'Intel Xeon E5-2698 V3 (OEM/Tray)','Speed:2.3GHz,Cores:16,TDP:135W',2035.18,2660.72,1);
Insert into EUROPA.PRODUCTS (PRODUCT_ID,PRODUCT_NAME,DESCRIPTION,STANDARD_COST,LIST_PRICE,CATEGORY_ID) values (2,'Intel Xeon E5-2697 V4','Speed:2.3GHz,Cores:18,TDP:145W',2144.4,2554.99,1);
Insert into EUROPA.PRODUCTS (PRODUCT_ID,PRODUCT_NAME,DESCRIPTION,STANDARD_COST,LIST_PRICE,CATEGORY_ID) values (45,'Intel Xeon E5-2685 V3 (OEM/Tray)','Speed:2.6GHz,Cores:12,TDP:120W',2012.11,2501.69,1);
Insert into EUROPA.PRODUCTS (PRODUCT_ID,PRODUCT_NAME,DESCRIPTION,STANDARD_COST,LIST_PRICE,CATEGORY_ID) values (46,'Intel Xeon E5-2695 V3 (OEM/Tray)','Speed:2.3GHz,Cores:14,TDP:120W',1925.13,2431.95,1);
Insert into EUROPA.PRODUCTS (PRODUCT_ID,PRODUCT_NAME,DESCRIPTION,STANDARD_COST,LIST_PRICE,CATEGORY_ID) values (47,'Intel Xeon E5-2697 V2','Speed:2.7GHz,Cores:12,TDP:130W',2101.59,2377.09,1);
Insert into EUROPA.PRODUCTS (PRODUCT_ID,PRODUCT_NAME,DESCRIPTION,STANDARD_COST,LIST_PRICE,CATEGORY_ID) values (51,'Intel Xeon E5-2695 V4','Speed:2.1GHz,Cores:18,TDP:120W',1780.35,2269.99,1);
Insert into EUROPA.PRODUCTS (PRODUCT_ID,PRODUCT_NAME,DESCRIPTION,STANDARD_COST,LIST_PRICE,CATEGORY_ID) values (91,'Intel Xeon E5-2695 V2','Speed:2.4GHz,Cores:12,TDP:115W',1793.53,2259.99,1);
Insert into EUROPA.PRODUCTS (PRODUCT_ID,PRODUCT_NAME,DESCRIPTION,STANDARD_COST,LIST_PRICE,CATEGORY_ID) values (92,'Intel Xeon E5-2643 V2 (OEM/Tray)','Speed:3.5GHz,Cores:6,TDP:130W',1940.18,2200,1);
Insert into EUROPA.PRODUCTS (PRODUCT_ID,PRODUCT_NAME,DESCRIPTION,STANDARD_COST,LIST_PRICE,CATEGORY_ID) values (93,'Intel Xeon E5-2690 (OEM/Tray)','Speed:2.9GHz,Cores:8,TDP:135W',1888.33,2116.72,1);
Insert into EUROPA.PRODUCTS (PRODUCT_ID,PRODUCT_NAME,DESCRIPTION,STANDARD_COST,LIST_PRICE,CATEGORY_ID) values (98,'Intel Xeon E5-2687W V3','Speed:3.1GHz,Cores:10,TDP:160W',1781.47,2064.99,1);
Insert into EUROPA.PRODUCTS (PRODUCT_ID,PRODUCT_NAME,DESCRIPTION,STANDARD_COST,LIST_PRICE,CATEGORY_ID) values (102,'Intel Xeon E5-2687W V4','Speed:3.0GHz,Cores:12,TDP:160W',1723.83,2042.69,1);
Insert into EUROPA.PRODUCTS (PRODUCT_ID,PRODUCT_NAME,DESCRIPTION,STANDARD_COST,LIST_PRICE,CATEGORY_ID) values (158,'Intel Xeon E5-2667 V3 (OEM/Tray)','Speed:3.2GHz,Cores:8,TDP:135W',1504.08,2009.46,1);
Insert into EUROPA.PRODUCTS (PRODUCT_ID,PRODUCT_NAME,DESCRIPTION,STANDARD_COST,LIST_PRICE,CATEGORY_ID) values (159,'Intel Xeon E5-2690 V4','Speed:2.6GHz,Cores:14,TDP:135W',1499.26,1994.49,1);
Insert into EUROPA.PRODUCTS (PRODUCT_ID,PRODUCT_NAME,DESCRIPTION,STANDARD_COST,LIST_PRICE,CATEGORY_ID) values (160,'Intel Xeon E5-2690 V3','Speed:2.6GHz,Cores:12,TDP:135W',1540.35,1908.73,1);
Insert into EUROPA.PRODUCTS (PRODUCT_ID,PRODUCT_NAME,DESCRIPTION,STANDARD_COST,LIST_PRICE,CATEGORY_ID) values (162,'Intel Xeon E5-2470V2','Speed:2.4GHz,Cores:10,TDP:95W',1671.95,1904.7,1);
Insert into EUROPA.PRODUCTS (PRODUCT_ID,PRODUCT_NAME,DESCRIPTION,STANDARD_COST,LIST_PRICE,CATEGORY_ID) values (163,'Intel Xeon E5-2683 V4','Speed:2.1GHz,Cores:16,TDP:120W',1706.95,1899.99,1);
Insert into EUROPA.PRODUCTS (PRODUCT_ID,PRODUCT_NAME,DESCRIPTION,STANDARD_COST,LIST_PRICE,CATEGORY_ID) values (164,'Intel Xeon E5-2637 V2 (OEM/Tray)','Speed:3.5GHz,Cores:4,TDP:130W',1323.12,1850,1);
Insert into EUROPA.PRODUCTS (PRODUCT_ID,PRODUCT_NAME,DESCRIPTION,STANDARD_COST,LIST_PRICE,CATEGORY_ID) values (169,'Intel Xeon E5-2683 V4 (OEM/Tray)','Speed:2.1GHz,Cores:16,TDP:120W',1369.83,1844.89,1);
REM INSERTING into EUROPA.PRODUCT_CATEGORIES
SET DEFINE OFF;
Insert into EUROPA.PRODUCT_CATEGORIES (CATEGORY_ID,CATEGORY_NAME) values (1,'CPU');
Insert into EUROPA.PRODUCT_CATEGORIES (CATEGORY_ID,CATEGORY_NAME) values (2,'Video Card');
Insert into EUROPA.PRODUCT_CATEGORIES (CATEGORY_ID,CATEGORY_NAME) values (3,'RAM');
Insert into EUROPA.PRODUCT_CATEGORIES (CATEGORY_ID,CATEGORY_NAME) values (4,'Mother Board');
Insert into EUROPA.PRODUCT_CATEGORIES (CATEGORY_ID,CATEGORY_NAME) values (5,'Storage');
REM INSERTING into EUROPA.REGIONS
SET DEFINE OFF;
Insert into EUROPA.REGIONS (REGION_ID,REGION_NAME) values (1,'Europe');
Insert into EUROPA.REGIONS (REGION_ID,REGION_NAME) values (2,'Americas');
Insert into EUROPA.REGIONS (REGION_ID,REGION_NAME) values (3,'Asia');
Insert into EUROPA.REGIONS (REGION_ID,REGION_NAME) values (4,'Middle East and Africa');
REM INSERTING into EUROPA.WAREHOUSES
SET DEFINE OFF;
--------------------------------------------------------
--  DDL for Index SYS_C0013298
--------------------------------------------------------

  CREATE UNIQUE INDEX "EUROPA"."SYS_C0013298" ON "EUROPA"."CONTACTS" ("CONTACT_ID")
--------------------------------------------------------
--  DDL for Index SYS_C0013265
--------------------------------------------------------

  CREATE UNIQUE INDEX "EUROPA"."SYS_C0013265" ON "EUROPA"."COUNTRIES" ("COUNTRY_ID")
--------------------------------------------------------
--  DDL for Index SYS_C0013293
--------------------------------------------------------

  CREATE UNIQUE INDEX "EUROPA"."SYS_C0013293" ON "EUROPA"."CUSTOMERS" ("CUSTOMER_ID")
--------------------------------------------------------
--  DDL for Index SYS_C0013281
--------------------------------------------------------

  CREATE UNIQUE INDEX "EUROPA"."SYS_C0013281" ON "EUROPA"."EMPLOYEES" ("EMPLOYEE_ID")
--------------------------------------------------------
--  DDL for Index PK_INVENTORIES
--------------------------------------------------------

  CREATE UNIQUE INDEX "EUROPA"."PK_INVENTORIES" ON "EUROPA"."INVENTORIES" ("PRODUCT_ID", "WAREHOUSE_ID")
--------------------------------------------------------
--  DDL for Index SYS_C0013269
--------------------------------------------------------

  CREATE UNIQUE INDEX "EUROPA"."SYS_C0013269" ON "EUROPA"."LOCATIONS" ("LOCATION_ID")
--------------------------------------------------------
--  DDL for Index SYS_C0013304
--------------------------------------------------------

  CREATE UNIQUE INDEX "EUROPA"."SYS_C0013304" ON "EUROPA"."ORDERS" ("ORDER_ID")
--------------------------------------------------------
--  DDL for Index PK_ORDER_ITEMS
--------------------------------------------------------

  CREATE UNIQUE INDEX "EUROPA"."PK_ORDER_ITEMS" ON "EUROPA"."ORDER_ITEMS" ("ORDER_ID", "ITEM_ID")
--------------------------------------------------------
--  DDL for Index SYS_C0013289
--------------------------------------------------------

  CREATE UNIQUE INDEX "EUROPA"."SYS_C0013289" ON "EUROPA"."PRODUCTS" ("PRODUCT_ID")
--------------------------------------------------------
--  DDL for Index SYS_C0013285
--------------------------------------------------------

  CREATE UNIQUE INDEX "EUROPA"."SYS_C0013285" ON "EUROPA"."PRODUCT_CATEGORIES" ("CATEGORY_ID")
--------------------------------------------------------
--  DDL for Index SYS_C0013263
--------------------------------------------------------

  CREATE UNIQUE INDEX "EUROPA"."SYS_C0013263" ON "EUROPA"."REGIONS" ("REGION_ID")
--------------------------------------------------------
--  DDL for Index SYS_C0013272
--------------------------------------------------------

  CREATE UNIQUE INDEX "EUROPA"."SYS_C0013272" ON "EUROPA"."WAREHOUSES" ("WAREHOUSE_ID")
--------------------------------------------------------
--  Constraints for Table CONTACTS
--------------------------------------------------------

  ALTER TABLE "EUROPA"."CONTACTS" MODIFY ("CONTACT_ID" NOT NULL ENABLE)
  ALTER TABLE "EUROPA"."CONTACTS" MODIFY ("FIRST_NAME" NOT NULL ENABLE)
  ALTER TABLE "EUROPA"."CONTACTS" MODIFY ("LAST_NAME" NOT NULL ENABLE)
  ALTER TABLE "EUROPA"."CONTACTS" MODIFY ("EMAIL" NOT NULL ENABLE)
  ALTER TABLE "EUROPA"."CONTACTS" ADD PRIMARY KEY ("CONTACT_ID") USING INDEX  ENABLE
--------------------------------------------------------
--  Constraints for Table COUNTRIES
--------------------------------------------------------

  ALTER TABLE "EUROPA"."COUNTRIES" MODIFY ("COUNTRY_NAME" NOT NULL ENABLE)
  ALTER TABLE "EUROPA"."COUNTRIES" ADD PRIMARY KEY ("COUNTRY_ID") USING INDEX  ENABLE
--------------------------------------------------------
--  Constraints for Table CUSTOMERS
--------------------------------------------------------

  ALTER TABLE "EUROPA"."CUSTOMERS" MODIFY ("CUSTOMER_ID" NOT NULL ENABLE)
  ALTER TABLE "EUROPA"."CUSTOMERS" MODIFY ("NAME" NOT NULL ENABLE)
  ALTER TABLE "EUROPA"."CUSTOMERS" ADD PRIMARY KEY ("CUSTOMER_ID") USING INDEX  ENABLE
--------------------------------------------------------
--  Constraints for Table EMPLOYEES
--------------------------------------------------------

  ALTER TABLE "EUROPA"."EMPLOYEES" MODIFY ("EMPLOYEE_ID" NOT NULL ENABLE)
  ALTER TABLE "EUROPA"."EMPLOYEES" MODIFY ("FIRST_NAME" NOT NULL ENABLE)
  ALTER TABLE "EUROPA"."EMPLOYEES" MODIFY ("LAST_NAME" NOT NULL ENABLE)
  ALTER TABLE "EUROPA"."EMPLOYEES" MODIFY ("EMAIL" NOT NULL ENABLE)
  ALTER TABLE "EUROPA"."EMPLOYEES" MODIFY ("PHONE" NOT NULL ENABLE)
  ALTER TABLE "EUROPA"."EMPLOYEES" MODIFY ("HIRE_DATE" NOT NULL ENABLE)
  ALTER TABLE "EUROPA"."EMPLOYEES" MODIFY ("JOB_TITLE" NOT NULL ENABLE)
  ALTER TABLE "EUROPA"."EMPLOYEES" ADD PRIMARY KEY ("EMPLOYEE_ID") USING INDEX  ENABLE
--------------------------------------------------------
--  Constraints for Table INVENTORIES
--------------------------------------------------------

  ALTER TABLE "EUROPA"."INVENTORIES" MODIFY ("QUANTITY" NOT NULL ENABLE)
  ALTER TABLE "EUROPA"."INVENTORIES" ADD CONSTRAINT "PK_INVENTORIES" PRIMARY KEY ("PRODUCT_ID", "WAREHOUSE_ID") USING INDEX  ENABLE
--------------------------------------------------------
--  Constraints for Table LOCATIONS
--------------------------------------------------------

  ALTER TABLE "EUROPA"."LOCATIONS" MODIFY ("LOCATION_ID" NOT NULL ENABLE)
  ALTER TABLE "EUROPA"."LOCATIONS" MODIFY ("ADDRESS" NOT NULL ENABLE)
  ALTER TABLE "EUROPA"."LOCATIONS" ADD PRIMARY KEY ("LOCATION_ID") USING INDEX  ENABLE
--------------------------------------------------------
--  Constraints for Table ORDERS
--------------------------------------------------------

  ALTER TABLE "EUROPA"."ORDERS" MODIFY ("ORDER_ID" NOT NULL ENABLE)
  ALTER TABLE "EUROPA"."ORDERS" MODIFY ("CUSTOMER_ID" NOT NULL ENABLE)
  ALTER TABLE "EUROPA"."ORDERS" MODIFY ("STATUS" NOT NULL ENABLE)
  ALTER TABLE "EUROPA"."ORDERS" MODIFY ("ORDER_DATE" NOT NULL ENABLE)
  ALTER TABLE "EUROPA"."ORDERS" ADD PRIMARY KEY ("ORDER_ID") USING INDEX  ENABLE
--------------------------------------------------------
--  Constraints for Table ORDER_ITEMS
--------------------------------------------------------

  ALTER TABLE "EUROPA"."ORDER_ITEMS" MODIFY ("PRODUCT_ID" NOT NULL ENABLE)
  ALTER TABLE "EUROPA"."ORDER_ITEMS" MODIFY ("QUANTITY" NOT NULL ENABLE)
  ALTER TABLE "EUROPA"."ORDER_ITEMS" MODIFY ("UNIT_PRICE" NOT NULL ENABLE)
  ALTER TABLE "EUROPA"."ORDER_ITEMS" ADD CONSTRAINT "PK_ORDER_ITEMS" PRIMARY KEY ("ORDER_ID", "ITEM_ID") USING INDEX  ENABLE
--------------------------------------------------------
--  Constraints for Table PRODUCTS
--------------------------------------------------------

  ALTER TABLE "EUROPA"."PRODUCTS" MODIFY ("PRODUCT_ID" NOT NULL ENABLE)
  ALTER TABLE "EUROPA"."PRODUCTS" MODIFY ("PRODUCT_NAME" NOT NULL ENABLE)
  ALTER TABLE "EUROPA"."PRODUCTS" MODIFY ("CATEGORY_ID" NOT NULL ENABLE)
  ALTER TABLE "EUROPA"."PRODUCTS" ADD PRIMARY KEY ("PRODUCT_ID") USING INDEX  ENABLE
--------------------------------------------------------
--  Constraints for Table PRODUCT_CATEGORIES
--------------------------------------------------------

  ALTER TABLE "EUROPA"."PRODUCT_CATEGORIES" MODIFY ("CATEGORY_ID" NOT NULL ENABLE)
  ALTER TABLE "EUROPA"."PRODUCT_CATEGORIES" MODIFY ("CATEGORY_NAME" NOT NULL ENABLE)
  ALTER TABLE "EUROPA"."PRODUCT_CATEGORIES" ADD PRIMARY KEY ("CATEGORY_ID") USING INDEX  ENABLE
--------------------------------------------------------
--  Constraints for Table REGIONS
--------------------------------------------------------

  ALTER TABLE "EUROPA"."REGIONS" MODIFY ("REGION_ID" NOT NULL ENABLE)
  ALTER TABLE "EUROPA"."REGIONS" MODIFY ("REGION_NAME" NOT NULL ENABLE)
  ALTER TABLE "EUROPA"."REGIONS" ADD PRIMARY KEY ("REGION_ID") USING INDEX  ENABLE
--------------------------------------------------------
--  Constraints for Table WAREHOUSES
--------------------------------------------------------

  ALTER TABLE "EUROPA"."WAREHOUSES" MODIFY ("WAREHOUSE_ID" NOT NULL ENABLE)
  ALTER TABLE "EUROPA"."WAREHOUSES" ADD PRIMARY KEY ("WAREHOUSE_ID") USING INDEX  ENABLE
--------------------------------------------------------
--  Ref Constraints for Table CONTACTS
--------------------------------------------------------

  ALTER TABLE "EUROPA"."CONTACTS" ADD CONSTRAINT "FK_CONTACTS_CUSTOMERS" FOREIGN KEY ("CUSTOMER_ID") REFERENCES "EUROPA"."CUSTOMERS" ("CUSTOMER_ID") ON DELETE CASCADE ENABLE
--------------------------------------------------------
--  Ref Constraints for Table COUNTRIES
--------------------------------------------------------

  ALTER TABLE "EUROPA"."COUNTRIES" ADD CONSTRAINT "FK_COUNTRIES_REGIONS" FOREIGN KEY ("REGION_ID") REFERENCES "EUROPA"."REGIONS" ("REGION_ID") ON DELETE CASCADE ENABLE
--------------------------------------------------------
--  Ref Constraints for Table CUSTOMERS
--------------------------------------------------------

  ALTER TABLE "EUROPA"."CUSTOMERS" ADD CONSTRAINT "CUSTOMERS_FK1" FOREIGN KEY ("REGION_ID") REFERENCES "EUROPA"."REGIONS" ("REGION_ID") ENABLE
--------------------------------------------------------
--  Ref Constraints for Table EMPLOYEES
--------------------------------------------------------

  ALTER TABLE "EUROPA"."EMPLOYEES" ADD CONSTRAINT "FK_EMPLOYEES_MANAGER" FOREIGN KEY ("MANAGER_ID") REFERENCES "EUROPA"."EMPLOYEES" ("EMPLOYEE_ID") ON DELETE CASCADE DISABLE
  ALTER TABLE "EUROPA"."EMPLOYEES" ADD CONSTRAINT "EMPLOYEES_FK1" FOREIGN KEY ("REGION_ID") REFERENCES "EUROPA"."REGIONS" ("REGION_ID") ENABLE
--------------------------------------------------------
--  Ref Constraints for Table INVENTORIES
--------------------------------------------------------

  ALTER TABLE "EUROPA"."INVENTORIES" ADD CONSTRAINT "FK_INVENTORIES_PRODUCTS" FOREIGN KEY ("PRODUCT_ID") REFERENCES "EUROPA"."PRODUCTS" ("PRODUCT_ID") ON DELETE CASCADE ENABLE
  ALTER TABLE "EUROPA"."INVENTORIES" ADD CONSTRAINT "FK_INVENTORIES_WAREHOUSES" FOREIGN KEY ("WAREHOUSE_ID") REFERENCES "EUROPA"."WAREHOUSES" ("WAREHOUSE_ID") ON DELETE CASCADE ENABLE
--------------------------------------------------------
--  Ref Constraints for Table LOCATIONS
--------------------------------------------------------

  ALTER TABLE "EUROPA"."LOCATIONS" ADD CONSTRAINT "FK_LOCATIONS_COUNTRIES" FOREIGN KEY ("COUNTRY_ID") REFERENCES "EUROPA"."COUNTRIES" ("COUNTRY_ID") ON DELETE CASCADE ENABLE
--------------------------------------------------------
--  Ref Constraints for Table ORDERS
--------------------------------------------------------

  ALTER TABLE "EUROPA"."ORDERS" ADD CONSTRAINT "FK_ORDERS_CUSTOMERS" FOREIGN KEY ("CUSTOMER_ID") REFERENCES "EUROPA"."CUSTOMERS" ("CUSTOMER_ID") ON DELETE CASCADE ENABLE
  ALTER TABLE "EUROPA"."ORDERS" ADD CONSTRAINT "FK_ORDERS_EMPLOYEES" FOREIGN KEY ("SALESMAN_ID") REFERENCES "EUROPA"."EMPLOYEES" ("EMPLOYEE_ID") ON DELETE SET NULL ENABLE
--------------------------------------------------------
--  Ref Constraints for Table ORDER_ITEMS
--------------------------------------------------------

  ALTER TABLE "EUROPA"."ORDER_ITEMS" ADD CONSTRAINT "FK_ORDER_ITEMS_PRODUCTS" FOREIGN KEY ("PRODUCT_ID") REFERENCES "EUROPA"."PRODUCTS" ("PRODUCT_ID") ON DELETE CASCADE ENABLE
  ALTER TABLE "EUROPA"."ORDER_ITEMS" ADD CONSTRAINT "FK_ORDER_ITEMS_ORDERS" FOREIGN KEY ("ORDER_ID") REFERENCES "EUROPA"."ORDERS" ("ORDER_ID") ON DELETE CASCADE DISABLE
--------------------------------------------------------
--  Ref Constraints for Table PRODUCTS
--------------------------------------------------------

  ALTER TABLE "EUROPA"."PRODUCTS" ADD CONSTRAINT "FK_PRODUCTS_CATEGORIES" FOREIGN KEY ("CATEGORY_ID") REFERENCES "EUROPA"."PRODUCT_CATEGORIES" ("CATEGORY_ID") ON DELETE CASCADE ENABLE
--------------------------------------------------------
--  Ref Constraints for Table WAREHOUSES
--------------------------------------------------------

  ALTER TABLE "EUROPA"."WAREHOUSES" ADD CONSTRAINT "FK_WAREHOUSES_LOCATIONS" FOREIGN KEY ("LOCATION_ID") REFERENCES "EUROPA"."LOCATIONS" ("LOCATION_ID") ON DELETE CASCADE ENABLE
