--------------------------------------------------------
-- Archivo creado  - lunes-marzo-28-2022   
--------------------------------------------------------
--------------------------------------------------------
--  DDL for Table CONTACTS
--------------------------------------------------------

  CREATE TABLE "AFRICA"."CONTACTS" ("CONTACT_ID" NUMBER GENERATED BY DEFAULT AS IDENTITY MINVALUE 1 MAXVALUE 9999999999999999999999999999 INCREMENT BY 1 START WITH 320 CACHE 20 NOORDER  NOCYCLE  NOKEEP  NOSCALE , "FIRST_NAME" VARCHAR2(255 BYTE) COLLATE "USING_NLS_COMP", "LAST_NAME" VARCHAR2(255 BYTE) COLLATE "USING_NLS_COMP", "EMAIL" VARCHAR2(255 BYTE) COLLATE "USING_NLS_COMP", "PHONE" VARCHAR2(20 BYTE) COLLATE "USING_NLS_COMP", "CUSTOMER_ID" NUMBER)  DEFAULT COLLATION "USING_NLS_COMP"
--------------------------------------------------------
--  DDL for Table COUNTRIES
--------------------------------------------------------

  CREATE TABLE "AFRICA"."COUNTRIES" ("COUNTRY_ID" CHAR(2 BYTE) COLLATE "USING_NLS_COMP", "COUNTRY_NAME" VARCHAR2(40 BYTE) COLLATE "USING_NLS_COMP", "REGION_ID" NUMBER)  DEFAULT COLLATION "USING_NLS_COMP"
--------------------------------------------------------
--  DDL for Table CUSTOMERS
--------------------------------------------------------

  CREATE TABLE "AFRICA"."CUSTOMERS" ("CUSTOMER_ID" NUMBER GENERATED BY DEFAULT AS IDENTITY MINVALUE 1 MAXVALUE 9999999999999999999999999999 INCREMENT BY 1 START WITH 320 CACHE 20 NOORDER  NOCYCLE  NOKEEP  NOSCALE , "NAME" VARCHAR2(255 BYTE) COLLATE "USING_NLS_COMP", "ADDRESS" VARCHAR2(255 BYTE) COLLATE "USING_NLS_COMP", "WEBSITE" VARCHAR2(255 BYTE) COLLATE "USING_NLS_COMP", "CREDIT_LIMIT" NUMBER(8,2), "REGION_ID" NUMBER)  DEFAULT COLLATION "USING_NLS_COMP"
--------------------------------------------------------
--  DDL for Table EMPLOYEES
--------------------------------------------------------

  CREATE TABLE "AFRICA"."EMPLOYEES" ("EMPLOYEE_ID" NUMBER GENERATED BY DEFAULT AS IDENTITY MINVALUE 1 MAXVALUE 9999999999999999999999999999 INCREMENT BY 1 START WITH 108 CACHE 20 NOORDER  NOCYCLE  NOKEEP  NOSCALE , "FIRST_NAME" VARCHAR2(255 BYTE) COLLATE "USING_NLS_COMP", "LAST_NAME" VARCHAR2(255 BYTE) COLLATE "USING_NLS_COMP", "EMAIL" VARCHAR2(255 BYTE) COLLATE "USING_NLS_COMP", "PHONE" VARCHAR2(50 BYTE) COLLATE "USING_NLS_COMP", "HIRE_DATE" DATE, "MANAGER_ID" NUMBER(12,0), "JOB_TITLE" VARCHAR2(255 BYTE) COLLATE "USING_NLS_COMP", "REGION_ID" NUMBER)  DEFAULT COLLATION "USING_NLS_COMP"
--------------------------------------------------------
--  DDL for Table INVENTORIES
--------------------------------------------------------

  CREATE TABLE "AFRICA"."INVENTORIES" ("PRODUCT_ID" NUMBER(12,0), "WAREHOUSE_ID" NUMBER(12,0), "QUANTITY" NUMBER(8,0))  DEFAULT COLLATION "USING_NLS_COMP"
--------------------------------------------------------
--  DDL for Table LOCATIONS
--------------------------------------------------------

  CREATE TABLE "AFRICA"."LOCATIONS" ("LOCATION_ID" NUMBER GENERATED BY DEFAULT AS IDENTITY MINVALUE 1 MAXVALUE 9999999999999999999999999999 INCREMENT BY 1 START WITH 24 CACHE 20 NOORDER  NOCYCLE  NOKEEP  NOSCALE , "ADDRESS" VARCHAR2(255 BYTE) COLLATE "USING_NLS_COMP", "POSTAL_CODE" VARCHAR2(20 BYTE) COLLATE "USING_NLS_COMP", "CITY" VARCHAR2(50 BYTE) COLLATE "USING_NLS_COMP", "STATE" VARCHAR2(50 BYTE) COLLATE "USING_NLS_COMP", "COUNTRY_ID" CHAR(2 BYTE) COLLATE "USING_NLS_COMP")  DEFAULT COLLATION "USING_NLS_COMP"
--------------------------------------------------------
--  DDL for Table ORDERS
--------------------------------------------------------

  CREATE TABLE "AFRICA"."ORDERS" ("ORDER_ID" NUMBER GENERATED BY DEFAULT AS IDENTITY MINVALUE 1 MAXVALUE 9999999999999999999999999999 INCREMENT BY 1 START WITH 106 CACHE 20 NOORDER  NOCYCLE  NOKEEP  NOSCALE , "CUSTOMER_ID" NUMBER(6,0), "STATUS" VARCHAR2(20 BYTE) COLLATE "USING_NLS_COMP", "SALESMAN_ID" NUMBER(6,0), "ORDER_DATE" DATE)  DEFAULT COLLATION "USING_NLS_COMP"
--------------------------------------------------------
--  DDL for Table ORDER_ITEMS
--------------------------------------------------------

  CREATE TABLE "AFRICA"."ORDER_ITEMS" ("ORDER_ID" NUMBER(12,0), "ITEM_ID" NUMBER(12,0), "PRODUCT_ID" NUMBER(12,0), "QUANTITY" NUMBER(8,2), "UNIT_PRICE" NUMBER(8,2))  DEFAULT COLLATION "USING_NLS_COMP"
--------------------------------------------------------
--  DDL for Table PRODUCTS
--------------------------------------------------------

  CREATE TABLE "AFRICA"."PRODUCTS" ("PRODUCT_ID" NUMBER GENERATED BY DEFAULT AS IDENTITY MINVALUE 1 MAXVALUE 9999999999999999999999999999 INCREMENT BY 1 START WITH 289 CACHE 20 NOORDER  NOCYCLE  NOKEEP  NOSCALE , "PRODUCT_NAME" VARCHAR2(255 BYTE) COLLATE "USING_NLS_COMP", "DESCRIPTION" VARCHAR2(2000 BYTE) COLLATE "USING_NLS_COMP", "STANDARD_COST" NUMBER(9,2), "LIST_PRICE" NUMBER(9,2), "CATEGORY_ID" NUMBER)  DEFAULT COLLATION "USING_NLS_COMP"
--------------------------------------------------------
--  DDL for Table PRODUCT_CATEGORIES
--------------------------------------------------------

  CREATE TABLE "AFRICA"."PRODUCT_CATEGORIES" ("CATEGORY_ID" NUMBER GENERATED BY DEFAULT AS IDENTITY MINVALUE 1 MAXVALUE 9999999999999999999999999999 INCREMENT BY 1 START WITH 6 CACHE 20 NOORDER  NOCYCLE  NOKEEP  NOSCALE , "CATEGORY_NAME" VARCHAR2(255 BYTE) COLLATE "USING_NLS_COMP")  DEFAULT COLLATION "USING_NLS_COMP"
--------------------------------------------------------
--  DDL for Table REGIONS
--------------------------------------------------------

  CREATE TABLE "AFRICA"."REGIONS" ("REGION_ID" NUMBER GENERATED BY DEFAULT AS IDENTITY MINVALUE 1 MAXVALUE 9999999999999999999999999999 INCREMENT BY 1 START WITH 5 CACHE 20 NOORDER  NOCYCLE  NOKEEP  NOSCALE , "REGION_NAME" VARCHAR2(50 BYTE) COLLATE "USING_NLS_COMP")  DEFAULT COLLATION "USING_NLS_COMP"
--------------------------------------------------------
--  DDL for Table WAREHOUSES
--------------------------------------------------------

  CREATE TABLE "AFRICA"."WAREHOUSES" ("WAREHOUSE_ID" NUMBER GENERATED BY DEFAULT AS IDENTITY MINVALUE 1 MAXVALUE 9999999999999999999999999999 INCREMENT BY 1 START WITH 10 CACHE 20 NOORDER  NOCYCLE  NOKEEP  NOSCALE , "WAREHOUSE_NAME" VARCHAR2(255 BYTE) COLLATE "USING_NLS_COMP", "LOCATION_ID" NUMBER(12,0))  DEFAULT COLLATION "USING_NLS_COMP"
REM INSERTING into AFRICA.CONTACTS
SET DEFINE OFF;
Insert into AFRICA.CONTACTS (CONTACT_ID,FIRST_NAME,LAST_NAME,EMAIL,PHONE,CUSTOMER_ID) values (311,'Charlsie','Carey','charlsie.carey@group1auto.com','+91 80 012 3731',311);
Insert into AFRICA.CONTACTS (CONTACT_ID,FIRST_NAME,LAST_NAME,EMAIL,PHONE,CUSTOMER_ID) values (315,'Ed','Mueller','ed.mueller@nscorp.com','+91 80 012 3739',315);
Insert into AFRICA.CONTACTS (CONTACT_ID,FIRST_NAME,LAST_NAME,EMAIL,PHONE,CUSTOMER_ID) values (2,'Lavera','Emerson','lavera.emerson@plainsallamerican.com','+1 317 123 4111',2);
Insert into AFRICA.CONTACTS (CONTACT_ID,FIRST_NAME,LAST_NAME,EMAIL,PHONE,CUSTOMER_ID) values (10,'Charlie','Sutherland','charlie.sutherland@up.com','+1 317 123 4146',10);
Insert into AFRICA.CONTACTS (CONTACT_ID,FIRST_NAME,LAST_NAME,EMAIL,PHONE,CUSTOMER_ID) values (11,'Charlie','Pacino','charlie.pacino@amgen.com','+1 812 123 4150',11);
Insert into AFRICA.CONTACTS (CONTACT_ID,FIRST_NAME,LAST_NAME,EMAIL,PHONE,CUSTOMER_ID) values (12,'Guillaume','Jackson','guillaume.jackson@usbank.com','+1 812 123 4151',12);
Insert into AFRICA.CONTACTS (CONTACT_ID,FIRST_NAME,LAST_NAME,EMAIL,PHONE,CUSTOMER_ID) values (13,'Daniel','Costner','daniel.costner@staples.com','+1 812 123 4153',13);
Insert into AFRICA.CONTACTS (CONTACT_ID,FIRST_NAME,LAST_NAME,EMAIL,PHONE,CUSTOMER_ID) values (20,'Diane','Higgins','diane.higgins@dollargeneral.com','+1 517 123 4199',20);
Insert into AFRICA.CONTACTS (CONTACT_ID,FIRST_NAME,LAST_NAME,EMAIL,PHONE,CUSTOMER_ID) values (22,'Maurice','Daltrey','maurice.daltrey@lilly.com','+1 517 123 4206',22);
Insert into AFRICA.CONTACTS (CONTACT_ID,FIRST_NAME,LAST_NAME,EMAIL,PHONE,CUSTOMER_ID) values (25,'Sharyl','Montoya','sharyl.montoya@penskeautomotive.com','+1 517 123 4225',25);
Insert into AFRICA.CONTACTS (CONTACT_ID,FIRST_NAME,LAST_NAME,EMAIL,PHONE,CUSTOMER_ID) values (26,'Daniel','Glass','daniel.glass@manpowergroup.com','+1 313 123 4226',26);
Insert into AFRICA.CONTACTS (CONTACT_ID,FIRST_NAME,LAST_NAME,EMAIL,PHONE,CUSTOMER_ID) values (28,'Arlyne','Ingram','arlyne.ingram@kohlscorporation.com','+1 313 123 4230',28);
Insert into AFRICA.CONTACTS (CONTACT_ID,FIRST_NAME,LAST_NAME,EMAIL,PHONE,CUSTOMER_ID) values (35,'Cora','Calhoun','cora.calhoun@kimberly-clark.com','+1 313 123 4263',35);
Insert into AFRICA.CONTACTS (CONTACT_ID,FIRST_NAME,LAST_NAME,EMAIL,PHONE,CUSTOMER_ID) values (39,'Gino','Pickett','gino.pickett@lear.com','+1 319 123 4278',39);
Insert into AFRICA.CONTACTS (CONTACT_ID,FIRST_NAME,LAST_NAME,EMAIL,PHONE,CUSTOMER_ID) values (43,'Gabrielle','Dennis','gabrielle.dennis@facebook.com','+1 515 123 4290',43);
Insert into AFRICA.CONTACTS (CONTACT_ID,FIRST_NAME,LAST_NAME,EMAIL,PHONE,CUSTOMER_ID) values (44,'Classie','Norris','classie.norris@jabil.com','+1 319 123 4301',44);
Insert into AFRICA.CONTACTS (CONTACT_ID,FIRST_NAME,LAST_NAME,EMAIL,PHONE,CUSTOMER_ID) values (47,'Verena','Hopper','verena.hopper@generalmills.com','+1 414 123 4308',47);
Insert into AFRICA.CONTACTS (CONTACT_ID,FIRST_NAME,LAST_NAME,EMAIL,PHONE,CUSTOMER_ID) values (49,'Gertrude','Cooke','gertrude.cooke@nexteraenergy.com','+1 608 123 4318',49);
Insert into AFRICA.CONTACTS (CONTACT_ID,FIRST_NAME,LAST_NAME,EMAIL,PHONE,CUSTOMER_ID) values (51,'Jacinta','Faulkner','jacinta.faulkner@aep.com','+1 414 123 4324',51);
Insert into AFRICA.CONTACTS (CONTACT_ID,FIRST_NAME,LAST_NAME,EMAIL,PHONE,CUSTOMER_ID) values (56,'Rogelio','Kirby','rogelio.kirby@nucor.com','+1 414 123 4348',56);
Insert into AFRICA.CONTACTS (CONTACT_ID,FIRST_NAME,LAST_NAME,EMAIL,PHONE,CUSTOMER_ID) values (58,'Gia','Boyle','gia.boyle@healthnet.com','+1 745 123 4367',58);
Insert into AFRICA.CONTACTS (CONTACT_ID,FIRST_NAME,LAST_NAME,EMAIL,PHONE,CUSTOMER_ID) values (62,'Birgit','Stephenson','birgit.stephenson@conagrafoods.com','+1 608 123 4374',62);
Insert into AFRICA.CONTACTS (CONTACT_ID,FIRST_NAME,LAST_NAME,EMAIL,PHONE,CUSTOMER_ID) values (75,'Calandra','Williamson','calandra.williamson@omnicomgroup.com','+1 315 123 4447',75);
Insert into AFRICA.CONTACTS (CONTACT_ID,FIRST_NAME,LAST_NAME,EMAIL,PHONE,CUSTOMER_ID) values (76,'Tamatha','Delgado','tamatha.delgado@dish.com','+1 716 123 4457',76);
Insert into AFRICA.CONTACTS (CONTACT_ID,FIRST_NAME,LAST_NAME,EMAIL,PHONE,CUSTOMER_ID) values (85,'Ermelinda','Benton','ermelinda.benton@westerndigital.com','+1 716 123 4599',85);
Insert into AFRICA.CONTACTS (CONTACT_ID,FIRST_NAME,LAST_NAME,EMAIL,PHONE,CUSTOMER_ID) values (86,'Lasonya','Beard','lasonya.beard@marriott.com','+1 716 123 4605',86);
Insert into AFRICA.CONTACTS (CONTACT_ID,FIRST_NAME,LAST_NAME,EMAIL,PHONE,CUSTOMER_ID) values (91,'Charlsie','Lindsey','charlsie.lindsey@berkshirehathaway.com','+1 215 123 4644',91);
Insert into AFRICA.CONTACTS (CONTACT_ID,FIRST_NAME,LAST_NAME,EMAIL,PHONE,CUSTOMER_ID) values (94,'Twanna','Cleveland','twanna.cleveland@cvshealth.com','+1 814 123 4663',94);
Insert into AFRICA.CONTACTS (CONTACT_ID,FIRST_NAME,LAST_NAME,EMAIL,PHONE,CUSTOMER_ID) values (96,'Jon','Petersen','jon.petersen@ford.com','+1 610 123 4667',96);
Insert into AFRICA.CONTACTS (CONTACT_ID,FIRST_NAME,LAST_NAME,EMAIL,PHONE,CUSTOMER_ID) values (100,'Elisha','Lloyd','elisha.lloyd@verizon.com','+1 412 123 4681',100);
Insert into AFRICA.CONTACTS (CONTACT_ID,FIRST_NAME,LAST_NAME,EMAIL,PHONE,CUSTOMER_ID) values (102,'Nadia','Sawyer','nadia.sawyer@costco.com','+1 412 123 4688',102);
Insert into AFRICA.CONTACTS (CONTACT_ID,FIRST_NAME,LAST_NAME,EMAIL,PHONE,CUSTOMER_ID) values (103,'Melita','Holcomb','melita.holcomb@fanniemae.com','+1 412 123 4691',103);
Insert into AFRICA.CONTACTS (CONTACT_ID,FIRST_NAME,LAST_NAME,EMAIL,PHONE,CUSTOMER_ID) values (115,'Dell','Wilkinson','dell.wilkinson@wellsfargo.com','+1 717 123 4730',115);
Insert into AFRICA.CONTACTS (CONTACT_ID,FIRST_NAME,LAST_NAME,EMAIL,PHONE,CUSTOMER_ID) values (118,'Carlyn','Calderon','carlyn.calderon@citigroup.com','+1 412 123 4740',118);
Insert into AFRICA.CONTACTS (CONTACT_ID,FIRST_NAME,LAST_NAME,EMAIL,PHONE,CUSTOMER_ID) values (122,'Eleanor','Farley','eleanor.farley@valero.com','+1 215 123 4745',122);
Insert into AFRICA.CONTACTS (CONTACT_ID,FIRST_NAME,LAST_NAME,EMAIL,PHONE,CUSTOMER_ID) values (123,'Justina','Hayes','justina.hayes@antheminc.com','+1 717 123 4746',123);
Insert into AFRICA.CONTACTS (CONTACT_ID,FIRST_NAME,LAST_NAME,EMAIL,PHONE,CUSTOMER_ID) values (128,'Keila','Slater','keila.slater@comcastcorporation.com','+1 412 123 4767',128);
Insert into AFRICA.CONTACTS (CONTACT_ID,FIRST_NAME,LAST_NAME,EMAIL,PHONE,CUSTOMER_ID) values (130,'Tandy','Ramsey','tandy.ramsey@wnr.com','+1 215 123 4771',130);
Insert into AFRICA.CONTACTS (CONTACT_ID,FIRST_NAME,LAST_NAME,EMAIL,PHONE,CUSTOMER_ID) values (136,'Aurea','Sanders','aurea.sanders@pepsico.com','+1 301 123 4809',136);
Insert into AFRICA.CONTACTS (CONTACT_ID,FIRST_NAME,LAST_NAME,EMAIL,PHONE,CUSTOMER_ID) values (141,'Lauren','Rodriquez','lauren.rodriquez@aig.com','+1 410 123 4817',141);
Insert into AFRICA.CONTACTS (CONTACT_ID,FIRST_NAME,LAST_NAME,EMAIL,PHONE,CUSTOMER_ID) values (142,'Loan','Patton','loan.patton@prudential.com','+1 301 123 4818',142);
Insert into AFRICA.CONTACTS (CONTACT_ID,FIRST_NAME,LAST_NAME,EMAIL,PHONE,CUSTOMER_ID) values (143,'Ha','Lowe','ha.lowe@intel.com','+1 301 123 4819',143);
Insert into AFRICA.CONTACTS (CONTACT_ID,FIRST_NAME,LAST_NAME,EMAIL,PHONE,CUSTOMER_ID) values (146,'Keesha','Cohen','keesha.cohen@cisco.com','+1 414 123 4363',146);
Insert into AFRICA.CONTACTS (CONTACT_ID,FIRST_NAME,LAST_NAME,EMAIL,PHONE,CUSTOMER_ID) values (149,'Jimmy','Weber','jimmy.weber@sysco.com','+1 219 123 4145',149);
Insert into AFRICA.CONTACTS (CONTACT_ID,FIRST_NAME,LAST_NAME,EMAIL,PHONE,CUSTOMER_ID) values (150,'Mae','Wilkinson','mae.wilkinson@fedex.com','+1 616 123 4190',150);
Insert into AFRICA.CONTACTS (CONTACT_ID,FIRST_NAME,LAST_NAME,EMAIL,PHONE,CUSTOMER_ID) values (159,'Amado','Jefferson','amado.jefferson@energytransfer.com','+1 612 123 4407',159);
Insert into AFRICA.CONTACTS (CONTACT_ID,FIRST_NAME,LAST_NAME,EMAIL,PHONE,CUSTOMER_ID) values (162,'Audrie','Cannon','audrie.cannon@delta.com','+1 716 123 4627',162);
Insert into AFRICA.CONTACTS (CONTACT_ID,FIRST_NAME,LAST_NAME,EMAIL,PHONE,CUSTOMER_ID) values (163,'Lacey','Walters','lacey.walters@charter.com','+1 412 123 4677',163);
Insert into AFRICA.CONTACTS (CONTACT_ID,FIRST_NAME,LAST_NAME,EMAIL,PHONE,CUSTOMER_ID) values (164,'Weldon','Robinson','weldon.robinson@nationwide.com','+1 215 123 4702',164);
Insert into AFRICA.CONTACTS (CONTACT_ID,FIRST_NAME,LAST_NAME,EMAIL,PHONE,CUSTOMER_ID) values (170,'Christal','Grant','christal.grant@gs.com','+1 616 123 4166',170);
Insert into AFRICA.CONTACTS (CONTACT_ID,FIRST_NAME,LAST_NAME,EMAIL,PHONE,CUSTOMER_ID) values (174,'Yolando','Wilkerson','yolando.wilkerson@oracle.com','+1 716 123 4485',174);
Insert into AFRICA.CONTACTS (CONTACT_ID,FIRST_NAME,LAST_NAME,EMAIL,PHONE,CUSTOMER_ID) values (175,'Lucinda','Hurley','lucinda.hurley@morganstanley.com','+1 518 123 4532',175);
Insert into AFRICA.CONTACTS (CONTACT_ID,FIRST_NAME,LAST_NAME,EMAIL,PHONE,CUSTOMER_ID) values (176,'Gita','Logan','gita.logan@cigna.com','+1 518 123 4562',176);
Insert into AFRICA.CONTACTS (CONTACT_ID,FIRST_NAME,LAST_NAME,EMAIL,PHONE,CUSTOMER_ID) values (178,'Lela','Ewing','lela.ewing@allstate.com','+1 412 123 4659',178);
Insert into AFRICA.CONTACTS (CONTACT_ID,FIRST_NAME,LAST_NAME,EMAIL,PHONE,CUSTOMER_ID) values (192,'Kristle','Cain','kristle.cain@exeloncorp.com','+39 55 012 4547',192);
Insert into AFRICA.CONTACTS (CONTACT_ID,FIRST_NAME,LAST_NAME,EMAIL,PHONE,CUSTOMER_ID) values (194,'Maud','Cohen','maud.cohen@johndeere.com','+39 55 012 4555',194);
Insert into AFRICA.CONTACTS (CONTACT_ID,FIRST_NAME,LAST_NAME,EMAIL,PHONE,CUSTOMER_ID) values (198,'Colette','Estrada','colette.estrada@eastman.com','+81 565 012 4567',198);
Insert into AFRICA.CONTACTS (CONTACT_ID,FIRST_NAME,LAST_NAME,EMAIL,PHONE,CUSTOMER_ID) values (207,'Carita','Mcintyre','carita.mcintyre@northwesternmutual.com','+86 10 012 4165',207);
Insert into AFRICA.CONTACTS (CONTACT_ID,FIRST_NAME,LAST_NAME,EMAIL,PHONE,CUSTOMER_ID) values (212,'Adrienne','Lang','adrienne.lang@qualcomm.com','+39 2 012 4771',212);
Insert into AFRICA.CONTACTS (CONTACT_ID,FIRST_NAME,LAST_NAME,EMAIL,PHONE,CUSTOMER_ID) values (217,'Lauren','Williamson','lauren.williamson@usaa.com','+39 49 012 4781',217);
Insert into AFRICA.CONTACTS (CONTACT_ID,FIRST_NAME,LAST_NAME,EMAIL,PHONE,CUSTOMER_ID) values (220,'Tamisha','Vargas','tamisha.vargas@twc.com','+91 80 012 4793',220);
Insert into AFRICA.CONTACTS (CONTACT_ID,FIRST_NAME,LAST_NAME,EMAIL,PHONE,CUSTOMER_ID) values (225,'Bobby','Wilson','bobby.wilson@rsac.com','+91 11 012 4817',225);
Insert into AFRICA.CONTACTS (CONTACT_ID,FIRST_NAME,LAST_NAME,EMAIL,PHONE,CUSTOMER_ID) values (230,'Brandie','Buchanan','brandie.buchanan@davita.com','+91 22 012 4831',230);
Insert into AFRICA.CONTACTS (CONTACT_ID,FIRST_NAME,LAST_NAME,EMAIL,PHONE,CUSTOMER_ID) values (239,'Rebbeca','Day','rebbeca.day@textron.com','+91 172 012 4861',239);
Insert into AFRICA.CONTACTS (CONTACT_ID,FIRST_NAME,LAST_NAME,EMAIL,PHONE,CUSTOMER_ID) values (240,'Maryrose','Cain','maryrose.cain@loews.com','+91 80 012 4869',240);
Insert into AFRICA.CONTACTS (CONTACT_ID,FIRST_NAME,LAST_NAME,EMAIL,PHONE,CUSTOMER_ID) values (245,'Latoyia','Burt','latoyia.burt@hollyfrontier.com','+91 80 012 4907',245);
Insert into AFRICA.CONTACTS (CONTACT_ID,FIRST_NAME,LAST_NAME,EMAIL,PHONE,CUSTOMER_ID) values (260,'Gaynell','Burton','gaynell.burton@oxy.com','+39 6 012 4391',260);
Insert into AFRICA.CONTACTS (CONTACT_ID,FIRST_NAME,LAST_NAME,EMAIL,PHONE,CUSTOMER_ID) values (262,'Peter','Gamble','peter.gamble@mgmresorts.com','+39 49 012 4411',262);
Insert into AFRICA.CONTACTS (CONTACT_ID,FIRST_NAME,LAST_NAME,EMAIL,PHONE,CUSTOMER_ID) values (263,'Nathan','Callahan','nathan.callahan@farmers.com','+39 10 012 4413',263);
Insert into AFRICA.CONTACTS (CONTACT_ID,FIRST_NAME,LAST_NAME,EMAIL,PHONE,CUSTOMER_ID) values (265,'Merrilee','Phillips','merrilee.phillips@conedison.com','+39 49 012 4417',265);
Insert into AFRICA.CONTACTS (CONTACT_ID,FIRST_NAME,LAST_NAME,EMAIL,PHONE,CUSTOMER_ID) values (280,'Jackson','Morin','jackson.morin@sands.com','+41 67 012 3549',280);
Insert into AFRICA.CONTACTS (CONTACT_ID,FIRST_NAME,LAST_NAME,EMAIL,PHONE,CUSTOMER_ID) values (282,'Adah','Myers','adah.myers@dom.com','+41 3 012 3553',282);
Insert into AFRICA.CONTACTS (CONTACT_ID,FIRST_NAME,LAST_NAME,EMAIL,PHONE,CUSTOMER_ID) values (283,'Florene','Craig','florene.craig@ussteel.com','+41 81 012 3555',283);
Insert into AFRICA.CONTACTS (CONTACT_ID,FIRST_NAME,LAST_NAME,EMAIL,PHONE,CUSTOMER_ID) values (288,'Dorotha','Wong','dorotha.wong@firstdata.com','+41 6 012 3565',288);
Insert into AFRICA.CONTACTS (CONTACT_ID,FIRST_NAME,LAST_NAME,EMAIL,PHONE,CUSTOMER_ID) values (291,'Jen','Mcmahon','jen.mcmahon@voya.com','+41 68 012 3571',291);
Insert into AFRICA.CONTACTS (CONTACT_ID,FIRST_NAME,LAST_NAME,EMAIL,PHONE,CUSTOMER_ID) values (293,'Cleo','English','cleo.english@hiltonworldwide.com','+41 8 012 3575',293);
REM INSERTING into AFRICA.COUNTRIES
SET DEFINE OFF;
Insert into AFRICA.COUNTRIES (COUNTRY_ID,COUNTRY_NAME,REGION_ID) values ('EG','Egypt',4);
Insert into AFRICA.COUNTRIES (COUNTRY_ID,COUNTRY_NAME,REGION_ID) values ('IL','Israel',4);
Insert into AFRICA.COUNTRIES (COUNTRY_ID,COUNTRY_NAME,REGION_ID) values ('KW','Kuwait',4);
Insert into AFRICA.COUNTRIES (COUNTRY_ID,COUNTRY_NAME,REGION_ID) values ('NG','Nigeria',4);
Insert into AFRICA.COUNTRIES (COUNTRY_ID,COUNTRY_NAME,REGION_ID) values ('ZM','Zambia',4);
Insert into AFRICA.COUNTRIES (COUNTRY_ID,COUNTRY_NAME,REGION_ID) values ('ZW','Zimbabwe',4);
REM INSERTING into AFRICA.CUSTOMERS
SET DEFINE OFF;
Insert into AFRICA.CUSTOMERS (CUSTOMER_ID,NAME,ADDRESS,WEBSITE,CREDIT_LIMIT,REGION_ID) values (311,'Group 1 Automotive','1614 Crackers Rd, Bangalore - India, Kar','http://www.group1auto.com',2300,4);
Insert into AFRICA.CUSTOMERS (CUSTOMER_ID,NAME,ADDRESS,WEBSITE,CREDIT_LIMIT,REGION_ID) values (315,'Norfolk Southern','1618 Footloose St, Bangalore - India, Kar','http://www.nscorp.com',900,4);
Insert into AFRICA.CUSTOMERS (CUSTOMER_ID,NAME,ADDRESS,WEBSITE,CREDIT_LIMIT,REGION_ID) values (130,'Western Refining','5565 Baynton St, Philadelphia, PA','http://www.wnr.com',2400,4);
Insert into AFRICA.CUSTOMERS (CUSTOMER_ID,NAME,ADDRESS,WEBSITE,CREDIT_LIMIT,REGION_ID) values (198,'Eastman Chemical','2017 Convoy St, Tokyo, ','http://www.eastman.com',2400,4);
Insert into AFRICA.CUSTOMERS (CUSTOMER_ID,NAME,ADDRESS,WEBSITE,CREDIT_LIMIT,REGION_ID) values (225,'Reliance Steel & Aluminum','1609 Pakija Rd, New Delhi, ','http://www.rsac.com',3700,4);
Insert into AFRICA.CUSTOMERS (CUSTOMER_ID,NAME,ADDRESS,WEBSITE,CREDIT_LIMIT,REGION_ID) values (262,'MGM Resorts International','Piazza Svizzera, San Giminiano, ','http://www.mgmresorts.com',100,4);
Insert into AFRICA.CUSTOMERS (CUSTOMER_ID,NAME,ADDRESS,WEBSITE,CREDIT_LIMIT,REGION_ID) values (141,'AIG','12817 Coastal Hwy, Ocean City, MD','http://www.aig.com',2400,4);
Insert into AFRICA.CUSTOMERS (CUSTOMER_ID,NAME,ADDRESS,WEBSITE,CREDIT_LIMIT,REGION_ID) values (143,'Intel','9435 Washington Blvd N # M, Laurel, MD','http://www.intel.com',2400,4);
Insert into AFRICA.CUSTOMERS (CUSTOMER_ID,NAME,ADDRESS,WEBSITE,CREDIT_LIMIT,REGION_ID) values (150,'FedEx','2215 Oak Industrial Dr Ne, Grand Rapids, MI','http://www.fedex.com',2400,4);
Insert into AFRICA.CUSTOMERS (CUSTOMER_ID,NAME,ADDRESS,WEBSITE,CREDIT_LIMIT,REGION_ID) values (170,'Goldman Sachs Group','23985 Bedford Rd N, Battle Creek, MI','http://www.gs.com',3700,4);
Insert into AFRICA.CUSTOMERS (CUSTOMER_ID,NAME,ADDRESS,WEBSITE,CREDIT_LIMIT,REGION_ID) values (174,'Oracle','701 Seneca St, Buffalo, NY','http://www.oracle.com',5000,4);
Insert into AFRICA.CUSTOMERS (CUSTOMER_ID,NAME,ADDRESS,WEBSITE,CREDIT_LIMIT,REGION_ID) values (192,'Exelon','Via Luminosa 162, Firenze, ','http://www.exeloncorp.com',500,4);
Insert into AFRICA.CUSTOMERS (CUSTOMER_ID,NAME,ADDRESS,WEBSITE,CREDIT_LIMIT,REGION_ID) values (207,'Northwestern Mutual','1831 No Wong, Peking, ','http://www.northwesternmutual.com',3600,4);
Insert into AFRICA.CUSTOMERS (CUSTOMER_ID,NAME,ADDRESS,WEBSITE,CREDIT_LIMIT,REGION_ID) values (212,'Qualcomm','Piazza Svizzera, Milano, ','http://www.qualcomm.com',500,4);
Insert into AFRICA.CUSTOMERS (CUSTOMER_ID,NAME,ADDRESS,WEBSITE,CREDIT_LIMIT,REGION_ID) values (220,'Time Warner Cable','1597 Legend St, Mysore, Kar','http://www.twc.com',3700,4);
Insert into AFRICA.CUSTOMERS (CUSTOMER_ID,NAME,ADDRESS,WEBSITE,CREDIT_LIMIT,REGION_ID) values (39,'Lear','2115 N Towne Ln Ne, Cedar Rapids, IA','http://www.lear.com',500,4);
Insert into AFRICA.CUSTOMERS (CUSTOMER_ID,NAME,ADDRESS,WEBSITE,CREDIT_LIMIT,REGION_ID) values (43,'Facebook','5112 Sw 9Th St, Des Moines, IA','http://www.facebook.com',500,4);
Insert into AFRICA.CUSTOMERS (CUSTOMER_ID,NAME,ADDRESS,WEBSITE,CREDIT_LIMIT,REGION_ID) values (49,'NextEra Energy','4715 Sprecher Rd, Madison, WI','http://www.nexteraenergy.com',600,4);
Insert into AFRICA.CUSTOMERS (CUSTOMER_ID,NAME,ADDRESS,WEBSITE,CREDIT_LIMIT,REGION_ID) values (62,'ConAgra Foods','122 E Dayton St, Madison, WI','http://www.conagrafoods.com',900,4);
Insert into AFRICA.CUSTOMERS (CUSTOMER_ID,NAME,ADDRESS,WEBSITE,CREDIT_LIMIT,REGION_ID) values (75,'Omnicom Group','2134 W Genesee St, Syracuse, NY','http://www.omnicomgroup.com',1200,4);
Insert into AFRICA.CUSTOMERS (CUSTOMER_ID,NAME,ADDRESS,WEBSITE,CREDIT_LIMIT,REGION_ID) values (86,'Marriott International','Po Box 2152, Buffalo, NY','http://www.marriott.com',1200,4);
Insert into AFRICA.CUSTOMERS (CUSTOMER_ID,NAME,ADDRESS,WEBSITE,CREDIT_LIMIT,REGION_ID) values (245,'HollyFrontier','1656 Veterans Rd, Chennai, Tam','http://www.hollyfrontier.com',2500,4);
Insert into AFRICA.CUSTOMERS (CUSTOMER_ID,NAME,ADDRESS,WEBSITE,CREDIT_LIMIT,REGION_ID) values (263,'Farmers Insurance Exchange','Via Dello Croce 93, Tellaro, ','http://www.farmers.com',100,4);
Insert into AFRICA.CUSTOMERS (CUSTOMER_ID,NAME,ADDRESS,WEBSITE,CREDIT_LIMIT,REGION_ID) values (163,'Charter Communications','802 North Ave, Pittsburgh, PA','http://www.charter.com',3600,4);
Insert into AFRICA.CUSTOMERS (CUSTOMER_ID,NAME,ADDRESS,WEBSITE,CREDIT_LIMIT,REGION_ID) values (91,'Berkshire Hathaway','6432 Rising Sun Ave, Philadelphia, PA','http://www.berkshirehathaway.com',1200,4);
Insert into AFRICA.CUSTOMERS (CUSTOMER_ID,NAME,ADDRESS,WEBSITE,CREDIT_LIMIT,REGION_ID) values (94,'CVS Health','1812 Timberline Rd, Altoona, PA','http://www.cvshealth.com',1200,4);
Insert into AFRICA.CUSTOMERS (CUSTOMER_ID,NAME,ADDRESS,WEBSITE,CREDIT_LIMIT,REGION_ID) values (96,'Ford Motor','1126 Pawlings Rd, Norristown, PA','http://www.ford.com',1200,4);
Insert into AFRICA.CUSTOMERS (CUSTOMER_ID,NAME,ADDRESS,WEBSITE,CREDIT_LIMIT,REGION_ID) values (100,'Verizon','2899 Grand Ave, Pittsburgh, PA','http://www.verizon.com',1400,4);
Insert into AFRICA.CUSTOMERS (CUSTOMER_ID,NAME,ADDRESS,WEBSITE,CREDIT_LIMIT,REGION_ID) values (102,'Costco','1604 Broadway Ave, Pittsburgh, PA','http://www.costco.com',1400,4);
Insert into AFRICA.CUSTOMERS (CUSTOMER_ID,NAME,ADDRESS,WEBSITE,CREDIT_LIMIT,REGION_ID) values (103,'Fannie Mae','4734 Liberty Ave, Pittsburgh, PA','http://www.fanniemae.com',1400,4);
Insert into AFRICA.CUSTOMERS (CUSTOMER_ID,NAME,ADDRESS,WEBSITE,CREDIT_LIMIT,REGION_ID) values (115,'Wells Fargo','327 N Washington Ave # 300, Scranton, PA','http://www.wellsfargo.com',1900,4);
Insert into AFRICA.CUSTOMERS (CUSTOMER_ID,NAME,ADDRESS,WEBSITE,CREDIT_LIMIT,REGION_ID) values (118,'Citigroup','3376 Perrysville Ave, Pittsburgh, PA','http://www.citigroup.com',2300,4);
Insert into AFRICA.CUSTOMERS (CUSTOMER_ID,NAME,ADDRESS,WEBSITE,CREDIT_LIMIT,REGION_ID) values (122,'Valero Energy','7708 City Ave, Philadelphia, PA','http://www.valero.com',2300,4);
Insert into AFRICA.CUSTOMERS (CUSTOMER_ID,NAME,ADDRESS,WEBSITE,CREDIT_LIMIT,REGION_ID) values (123,'Anthem','1801 Lititz Pike, Lancaster, PA','http://www.antheminc.com',2300,4);
Insert into AFRICA.CUSTOMERS (CUSTOMER_ID,NAME,ADDRESS,WEBSITE,CREDIT_LIMIT,REGION_ID) values (128,'Comcast','1007 Mount Royal Blvd, Pittsburgh, PA','http://www.comcastcorporation.com',2400,4);
Insert into AFRICA.CUSTOMERS (CUSTOMER_ID,NAME,ADDRESS,WEBSITE,CREDIT_LIMIT,REGION_ID) values (136,'PepsiCo','10209 Yearling Dr, Rockville, MD','http://www.pepsico.com',2400,4);
Insert into AFRICA.CUSTOMERS (CUSTOMER_ID,NAME,ADDRESS,WEBSITE,CREDIT_LIMIT,REGION_ID) values (142,'Prudential Financial','11200 Scaggsville Rd, Laurel, MD','http://www.prudential.com',2400,4);
Insert into AFRICA.CUSTOMERS (CUSTOMER_ID,NAME,ADDRESS,WEBSITE,CREDIT_LIMIT,REGION_ID) values (146,'Cisco Systems','6917 W Oklahoma Ave, Milwaukee, WI','http://www.cisco.com',2400,4);
Insert into AFRICA.CUSTOMERS (CUSTOMER_ID,NAME,ADDRESS,WEBSITE,CREDIT_LIMIT,REGION_ID) values (149,'Sysco','6915 Grand Ave, Hammond, IN','http://www.sysco.com',2400,4);
Insert into AFRICA.CUSTOMERS (CUSTOMER_ID,NAME,ADDRESS,WEBSITE,CREDIT_LIMIT,REGION_ID) values (159,'Energy Transfer Equity','1721 E Lake St, Minneapolis, MN','http://www.energytransfer.com',3600,4);
Insert into AFRICA.CUSTOMERS (CUSTOMER_ID,NAME,ADDRESS,WEBSITE,CREDIT_LIMIT,REGION_ID) values (162,'Delta Air Lines','6640 Campbell Blvd, Lockport, NY','http://www.delta.com',3600,4);
Insert into AFRICA.CUSTOMERS (CUSTOMER_ID,NAME,ADDRESS,WEBSITE,CREDIT_LIMIT,REGION_ID) values (164,'Nationwide','1136 Arch St, Philadelphia, PA','http://www.nationwide.com',3600,4);
Insert into AFRICA.CUSTOMERS (CUSTOMER_ID,NAME,ADDRESS,WEBSITE,CREDIT_LIMIT,REGION_ID) values (175,'Morgan Stanley','8 Automation Ln, Albany, NY','http://www.morganstanley.com',5000,4);
Insert into AFRICA.CUSTOMERS (CUSTOMER_ID,NAME,ADDRESS,WEBSITE,CREDIT_LIMIT,REGION_ID) values (176,'Cigna','811 N Brandywine Ave, Schenectady, NY','http://www.cigna.com',5000,4);
Insert into AFRICA.CUSTOMERS (CUSTOMER_ID,NAME,ADDRESS,WEBSITE,CREDIT_LIMIT,REGION_ID) values (178,'Allstate','3025 Sussex Ave, Pittsburgh, PA','http://www.allstate.com',5000,4);
Insert into AFRICA.CUSTOMERS (CUSTOMER_ID,NAME,ADDRESS,WEBSITE,CREDIT_LIMIT,REGION_ID) values (194,'Deere','Via Notoriosa 1941, Firenze, ','http://www.johndeere.com',500,4);
Insert into AFRICA.CUSTOMERS (CUSTOMER_ID,NAME,ADDRESS,WEBSITE,CREDIT_LIMIT,REGION_ID) values (217,'USAA','Via Delli Capelli 2, San Giminiano, ','http://www.usaa.com',700,4);
Insert into AFRICA.CUSTOMERS (CUSTOMER_ID,NAME,ADDRESS,WEBSITE,CREDIT_LIMIT,REGION_ID) values (2,'Plains GP Holdings','2515 Bloyd Ave, Indianapolis, IN','http://www.plainsallamerican.com',100,4);
Insert into AFRICA.CUSTOMERS (CUSTOMER_ID,NAME,ADDRESS,WEBSITE,CREDIT_LIMIT,REGION_ID) values (10,'Union Pacific','3512 Rockville Rd # 137C, Indianapolis, IN','http://www.up.com',200,4);
Insert into AFRICA.CUSTOMERS (CUSTOMER_ID,NAME,ADDRESS,WEBSITE,CREDIT_LIMIT,REGION_ID) values (11,'Amgen','1303 E University St, Bloomington, IN','http://www.amgen.com',200,4);
Insert into AFRICA.CUSTOMERS (CUSTOMER_ID,NAME,ADDRESS,WEBSITE,CREDIT_LIMIT,REGION_ID) values (12,'U.S. Bancorp','115 N Weinbach Ave, Evansville, IN','http://www.usbank.com',200,4);
Insert into AFRICA.CUSTOMERS (CUSTOMER_ID,NAME,ADDRESS,WEBSITE,CREDIT_LIMIT,REGION_ID) values (13,'Staples','2067 Rollett Ln, Evansville, IN','http://www.staples.com',200,4);
Insert into AFRICA.CUSTOMERS (CUSTOMER_ID,NAME,ADDRESS,WEBSITE,CREDIT_LIMIT,REGION_ID) values (20,'Dollar General','113 Washington Sq N, Lansing, MI','http://www.dollargeneral.com',200,4);
Insert into AFRICA.CUSTOMERS (CUSTOMER_ID,NAME,ADDRESS,WEBSITE,CREDIT_LIMIT,REGION_ID) values (22,'Eli Lilly','3213 S Cedar St, Lansing, MI','http://www.lilly.com',200,4);
Insert into AFRICA.CUSTOMERS (CUSTOMER_ID,NAME,ADDRESS,WEBSITE,CREDIT_LIMIT,REGION_ID) values (25,'Penske Automotive Group','27 Benton Rd, Saginaw, MI','http://www.penskeautomotive.com',200,4);
Insert into AFRICA.CUSTOMERS (CUSTOMER_ID,NAME,ADDRESS,WEBSITE,CREDIT_LIMIT,REGION_ID) values (26,'ManpowerGroup','8201 Livernois Ave, Detroit, MI','http://www.manpowergroup.com',300,4);
Insert into AFRICA.CUSTOMERS (CUSTOMER_ID,NAME,ADDRESS,WEBSITE,CREDIT_LIMIT,REGION_ID) values (28,'Kohl?s','3100 E Eisenhower Pky # 100, Ann Arbor, MI','http://www.kohlscorporation.com',300,4);
Insert into AFRICA.CUSTOMERS (CUSTOMER_ID,NAME,ADDRESS,WEBSITE,CREDIT_LIMIT,REGION_ID) values (35,'Kimberly-Clark','1660 University Ter, Ann Arbor, MI','http://www.kimberly-clark.com',400,4);
Insert into AFRICA.CUSTOMERS (CUSTOMER_ID,NAME,ADDRESS,WEBSITE,CREDIT_LIMIT,REGION_ID) values (44,'Jabil Circuit','221 3Rd Ave Se # 300, Cedar Rapids, IA','http://www.jabil.com',500,4);
Insert into AFRICA.CUSTOMERS (CUSTOMER_ID,NAME,ADDRESS,WEBSITE,CREDIT_LIMIT,REGION_ID) values (47,'General Mills','6555 W Good Hope Rd, Milwaukee, WI','http://www.generalmills.com',600,4);
Insert into AFRICA.CUSTOMERS (CUSTOMER_ID,NAME,ADDRESS,WEBSITE,CREDIT_LIMIT,REGION_ID) values (51,'American Electric Power','11016 W Lincoln Ave, Milwaukee, WI','http://www.aep.com',700,4);
Insert into AFRICA.CUSTOMERS (CUSTOMER_ID,NAME,ADDRESS,WEBSITE,CREDIT_LIMIT,REGION_ID) values (56,'Nucor','5235 N Ironwood Ln, Milwaukee, WI','http://www.nucor.com',700,4);
Insert into AFRICA.CUSTOMERS (CUSTOMER_ID,NAME,ADDRESS,WEBSITE,CREDIT_LIMIT,REGION_ID) values (58,'Health Net','1400 Bellinger St Fl 4, Eau Claire, WI','http://www.healthnet.com',700,4);
Insert into AFRICA.CUSTOMERS (CUSTOMER_ID,NAME,ADDRESS,WEBSITE,CREDIT_LIMIT,REGION_ID) values (76,'DISH Network','1522 Main St, Niagara Falls, NY','http://www.dish.com',1200,4);
Insert into AFRICA.CUSTOMERS (CUSTOMER_ID,NAME,ADDRESS,WEBSITE,CREDIT_LIMIT,REGION_ID) values (85,'Western Digital','33 Pine St, Lockport, NY','http://www.westerndigital.com',1200,4);
Insert into AFRICA.CUSTOMERS (CUSTOMER_ID,NAME,ADDRESS,WEBSITE,CREDIT_LIMIT,REGION_ID) values (230,'DaVita HealthCare Partners','1616 Mr. India Ln, Bombay - India, Kar','http://www.davita.com',300,4);
Insert into AFRICA.CUSTOMERS (CUSTOMER_ID,NAME,ADDRESS,WEBSITE,CREDIT_LIMIT,REGION_ID) values (239,'Textron','1632 Splash St, Chandigarh, Har','http://www.textron.com',2500,4);
Insert into AFRICA.CUSTOMERS (CUSTOMER_ID,NAME,ADDRESS,WEBSITE,CREDIT_LIMIT,REGION_ID) values (240,'Loews','1636 Pretty Blvd, Bangalore, Kar','http://www.loews.com',5000,4);
Insert into AFRICA.CUSTOMERS (CUSTOMER_ID,NAME,ADDRESS,WEBSITE,CREDIT_LIMIT,REGION_ID) values (260,'Occidental Petroleum','Piazza Cacchiatore 23, Roma, ','http://www.oxy.com',700,4);
Insert into AFRICA.CUSTOMERS (CUSTOMER_ID,NAME,ADDRESS,WEBSITE,CREDIT_LIMIT,REGION_ID) values (265,'Consolidated Edison','Ruella Delle Spiriti, San Giminiano, ','http://www.conedison.com',400,4);
Insert into AFRICA.CUSTOMERS (CUSTOMER_ID,NAME,ADDRESS,WEBSITE,CREDIT_LIMIT,REGION_ID) values (280,'Las Vegas Sands','Grosse Bahnhostrasse 3, Baden-Daettwil, AG','http://www.sands.com',1200,4);
Insert into AFRICA.CUSTOMERS (CUSTOMER_ID,NAME,ADDRESS,WEBSITE,CREDIT_LIMIT,REGION_ID) values (282,'Dominion Resources','Badenerstr 1941, Zuerich, ZH','http://www.dom.com',3500,4);
Insert into AFRICA.CUSTOMERS (CUSTOMER_ID,NAME,ADDRESS,WEBSITE,CREDIT_LIMIT,REGION_ID) values (283,'United States Steel','Welschdoerfchen 1941, Chur, ZH','http://www.ussteel.com',3500,4);
Insert into AFRICA.CUSTOMERS (CUSTOMER_ID,NAME,ADDRESS,WEBSITE,CREDIT_LIMIT,REGION_ID) values (288,'First Data','Roessligasse 4, Zurich, ZH','http://www.firstdata.com',700,4);
Insert into AFRICA.CUSTOMERS (CUSTOMER_ID,NAME,ADDRESS,WEBSITE,CREDIT_LIMIT,REGION_ID) values (291,'Voya Financial','Bruppacher Str 3, Baden-Daettwil, AG','http://www.voya.com',5000,4);
Insert into AFRICA.CUSTOMERS (CUSTOMER_ID,NAME,ADDRESS,WEBSITE,CREDIT_LIMIT,REGION_ID) values (293,'Hilton Worldwide Holdings','Dreikoenigsstr 3, Zurich, ZH','http://www.hiltonworldwide.com',1800,4);
REM INSERTING into AFRICA.EMPLOYEES
SET DEFINE OFF;
Insert into AFRICA.EMPLOYEES (EMPLOYEE_ID,FIRST_NAME,LAST_NAME,EMAIL,PHONE,HIRE_DATE,MANAGER_ID,JOB_TITLE,REGION_ID) values (3,'Blake','Cooper','blake.cooper@example.com','515.123.4569',to_date('13-JAN-16','DD-MON-RR'),1,'Administration Vice President',4);
Insert into AFRICA.EMPLOYEES (EMPLOYEE_ID,FIRST_NAME,LAST_NAME,EMAIL,PHONE,HIRE_DATE,MANAGER_ID,JOB_TITLE,REGION_ID) values (10,'Ryan','Gray','ryan.gray@example.com','515.124.4169',to_date('16-AUG-16','DD-MON-RR'),9,'Accountant',4);
Insert into AFRICA.EMPLOYEES (EMPLOYEE_ID,FIRST_NAME,LAST_NAME,EMAIL,PHONE,HIRE_DATE,MANAGER_ID,JOB_TITLE,REGION_ID) values (12,'Elliott','James','elliott.james@example.com','515.124.4369',to_date('30-SEP-16','DD-MON-RR'),9,'Accountant',4);
Insert into AFRICA.EMPLOYEES (EMPLOYEE_ID,FIRST_NAME,LAST_NAME,EMAIL,PHONE,HIRE_DATE,MANAGER_ID,JOB_TITLE,REGION_ID) values (13,'Albert','Watson','albert.watson@example.com','515.124.4469',to_date('07-MAR-16','DD-MON-RR'),9,'Accountant',4);
Insert into AFRICA.EMPLOYEES (EMPLOYEE_ID,FIRST_NAME,LAST_NAME,EMAIL,PHONE,HIRE_DATE,MANAGER_ID,JOB_TITLE,REGION_ID) values (9,'Mohammad','Peterson','mohammad.peterson@example.com','515.124.4569',to_date('17-AUG-16','DD-MON-RR'),2,'Finance Manager',4);
Insert into AFRICA.EMPLOYEES (EMPLOYEE_ID,FIRST_NAME,LAST_NAME,EMAIL,PHONE,HIRE_DATE,MANAGER_ID,JOB_TITLE,REGION_ID) values (19,'Louis','Wood','louis.wood@example.com','515.127.4565',to_date('15-NOV-16','DD-MON-RR'),15,'Purchasing Clerk',4);
Insert into AFRICA.EMPLOYEES (EMPLOYEE_ID,FIRST_NAME,LAST_NAME,EMAIL,PHONE,HIRE_DATE,MANAGER_ID,JOB_TITLE,REGION_ID) values (50,'Mia','West','mia.west@example.com','011.44.1344.429018',to_date('29-JAN-16','DD-MON-RR'),1,'Sales Manager',4);
Insert into AFRICA.EMPLOYEES (EMPLOYEE_ID,FIRST_NAME,LAST_NAME,EMAIL,PHONE,HIRE_DATE,MANAGER_ID,JOB_TITLE,REGION_ID) values (66,'Charlotte','Webb','charlotte.webb@example.com','011.44.1346.529268',to_date('23-FEB-16','DD-MON-RR'),48,'Sales Representative',4);
Insert into AFRICA.EMPLOYEES (EMPLOYEE_ID,FIRST_NAME,LAST_NAME,EMAIL,PHONE,HIRE_DATE,MANAGER_ID,JOB_TITLE,REGION_ID) values (78,'Maya','Kennedy','maya.kennedy@example.com','011.44.1644.429264',to_date('23-APR-16','DD-MON-RR'),50,'Sales Representative',4);
Insert into AFRICA.EMPLOYEES (EMPLOYEE_ID,FIRST_NAME,LAST_NAME,EMAIL,PHONE,HIRE_DATE,MANAGER_ID,JOB_TITLE,REGION_ID) values (51,'Poppy','Jordan','poppy.jordan@example.com','011.44.1344.129268',to_date('30-JAN-16','DD-MON-RR'),46,'Sales Representative',4);
Insert into AFRICA.EMPLOYEES (EMPLOYEE_ID,FIRST_NAME,LAST_NAME,EMAIL,PHONE,HIRE_DATE,MANAGER_ID,JOB_TITLE,REGION_ID) values (63,'Phoebe','Murray','phoebe.murray@example.com','011.44.1346.129268',to_date('11-NOV-16','DD-MON-RR'),48,'Sales Representative',4);
Insert into AFRICA.EMPLOYEES (EMPLOYEE_ID,FIRST_NAME,LAST_NAME,EMAIL,PHONE,HIRE_DATE,MANAGER_ID,JOB_TITLE,REGION_ID) values (87,'Molly','Rice','molly.rice@example.com','650.509.3876',to_date('24-JUN-16','DD-MON-RR'),22,'Shipping Clerk',4);
Insert into AFRICA.EMPLOYEES (EMPLOYEE_ID,FIRST_NAME,LAST_NAME,EMAIL,PHONE,HIRE_DATE,MANAGER_ID,JOB_TITLE,REGION_ID) values (94,'Maisie','Nichols','maisie.nichols@example.com','650.501.2876',to_date('03-MAR-16','DD-MON-RR'),24,'Shipping Clerk',4);
Insert into AFRICA.EMPLOYEES (EMPLOYEE_ID,FIRST_NAME,LAST_NAME,EMAIL,PHONE,HIRE_DATE,MANAGER_ID,JOB_TITLE,REGION_ID) values (99,'Bella','Stone','bella.stone@example.com','650.507.9833',to_date('21-JUN-16','DD-MON-RR'),25,'Shipping Clerk',4);
Insert into AFRICA.EMPLOYEES (EMPLOYEE_ID,FIRST_NAME,LAST_NAME,EMAIL,PHONE,HIRE_DATE,MANAGER_ID,JOB_TITLE,REGION_ID) values (27,'Kai','Long','kai.long@example.com','650.124.1224',to_date('28-SEP-16','DD-MON-RR'),21,'Stock Clerk',4);
Insert into AFRICA.EMPLOYEES (EMPLOYEE_ID,FIRST_NAME,LAST_NAME,EMAIL,PHONE,HIRE_DATE,MANAGER_ID,JOB_TITLE,REGION_ID) values (29,'Roman','Hughes','roman.hughes@example.com','650.124.1434',to_date('08-MAR-16','DD-MON-RR'),21,'Stock Clerk',4);
Insert into AFRICA.EMPLOYEES (EMPLOYEE_ID,FIRST_NAME,LAST_NAME,EMAIL,PHONE,HIRE_DATE,MANAGER_ID,JOB_TITLE,REGION_ID) values (31,'Ellis','Washington','ellis.washington@example.com','650.124.6234',to_date('30-OCT-16','DD-MON-RR'),22,'Stock Clerk',4);
Insert into AFRICA.EMPLOYEES (EMPLOYEE_ID,FIRST_NAME,LAST_NAME,EMAIL,PHONE,HIRE_DATE,MANAGER_ID,JOB_TITLE,REGION_ID) values (32,'Jamie','Butler','jamie.butler@example.com','650.124.7234',to_date('16-FEB-16','DD-MON-RR'),22,'Stock Clerk',4);
Insert into AFRICA.EMPLOYEES (EMPLOYEE_ID,FIRST_NAME,LAST_NAME,EMAIL,PHONE,HIRE_DATE,MANAGER_ID,JOB_TITLE,REGION_ID) values (35,'Carter','Gonzales','carter.gonzales@example.com','650.127.1834',to_date('26-AUG-16','DD-MON-RR'),23,'Stock Clerk',4);
Insert into AFRICA.EMPLOYEES (EMPLOYEE_ID,FIRST_NAME,LAST_NAME,EMAIL,PHONE,HIRE_DATE,MANAGER_ID,JOB_TITLE,REGION_ID) values (37,'Ibrahim','Alexander','ibrahim.alexander@example.com','650.127.1634',to_date('06-FEB-16','DD-MON-RR'),23,'Stock Clerk',4);
REM INSERTING into AFRICA.INVENTORIES
SET DEFINE OFF;
REM INSERTING into AFRICA.LOCATIONS
SET DEFINE OFF;
REM INSERTING into AFRICA.ORDERS
SET DEFINE OFF;
REM INSERTING into AFRICA.ORDER_ITEMS
SET DEFINE OFF;
Insert into AFRICA.ORDER_ITEMS (ORDER_ID,ITEM_ID,PRODUCT_ID,QUANTITY,UNIT_PRICE) values (10,1,145,118,287);
Insert into AFRICA.ORDER_ITEMS (ORDER_ID,ITEM_ID,PRODUCT_ID,QUANTITY,UNIT_PRICE) values (10,2,10,102,811.99);
Insert into AFRICA.ORDER_ITEMS (ORDER_ID,ITEM_ID,PRODUCT_ID,QUANTITY,UNIT_PRICE) values (10,3,182,83,949.89);
Insert into AFRICA.ORDER_ITEMS (ORDER_ID,ITEM_ID,PRODUCT_ID,QUANTITY,UNIT_PRICE) values (10,4,172,133,358.49);
Insert into AFRICA.ORDER_ITEMS (ORDER_ID,ITEM_ID,PRODUCT_ID,QUANTITY,UNIT_PRICE) values (10,5,218,68,1388.89);
Insert into AFRICA.ORDER_ITEMS (ORDER_ID,ITEM_ID,PRODUCT_ID,QUANTITY,UNIT_PRICE) values (10,6,64,96,525.99);
Insert into AFRICA.ORDER_ITEMS (ORDER_ID,ITEM_ID,PRODUCT_ID,QUANTITY,UNIT_PRICE) values (10,7,127,52,719.99);
Insert into AFRICA.ORDER_ITEMS (ORDER_ID,ITEM_ID,PRODUCT_ID,QUANTITY,UNIT_PRICE) values (10,8,18,124,799);
Insert into AFRICA.ORDER_ITEMS (ORDER_ID,ITEM_ID,PRODUCT_ID,QUANTITY,UNIT_PRICE) values (10,9,119,107,899.99);
Insert into AFRICA.ORDER_ITEMS (ORDER_ID,ITEM_ID,PRODUCT_ID,QUANTITY,UNIT_PRICE) values (13,1,84,46,440.3);
Insert into AFRICA.ORDER_ITEMS (ORDER_ID,ITEM_ID,PRODUCT_ID,QUANTITY,UNIT_PRICE) values (13,2,85,82,1274.99);
Insert into AFRICA.ORDER_ITEMS (ORDER_ID,ITEM_ID,PRODUCT_ID,QUANTITY,UNIT_PRICE) values (13,3,240,80,1805.97);
Insert into AFRICA.ORDER_ITEMS (ORDER_ID,ITEM_ID,PRODUCT_ID,QUANTITY,UNIT_PRICE) values (13,4,30,60,645.2);
Insert into AFRICA.ORDER_ITEMS (ORDER_ID,ITEM_ID,PRODUCT_ID,QUANTITY,UNIT_PRICE) values (13,5,167,89,1010.46);
Insert into AFRICA.ORDER_ITEMS (ORDER_ID,ITEM_ID,PRODUCT_ID,QUANTITY,UNIT_PRICE) values (13,6,1,127,640.99);
Insert into AFRICA.ORDER_ITEMS (ORDER_ID,ITEM_ID,PRODUCT_ID,QUANTITY,UNIT_PRICE) values (13,7,39,67,301.99);
Insert into AFRICA.ORDER_ITEMS (ORDER_ID,ITEM_ID,PRODUCT_ID,QUANTITY,UNIT_PRICE) values (13,8,1,95,640.99);
Insert into AFRICA.ORDER_ITEMS (ORDER_ID,ITEM_ID,PRODUCT_ID,QUANTITY,UNIT_PRICE) values (13,9,225,137,503.98);
Insert into AFRICA.ORDER_ITEMS (ORDER_ID,ITEM_ID,PRODUCT_ID,QUANTITY,UNIT_PRICE) values (13,10,245,138,1699);
Insert into AFRICA.ORDER_ITEMS (ORDER_ID,ITEM_ID,PRODUCT_ID,QUANTITY,UNIT_PRICE) values (15,1,287,60,329.99);
Insert into AFRICA.ORDER_ITEMS (ORDER_ID,ITEM_ID,PRODUCT_ID,QUANTITY,UNIT_PRICE) values (15,2,154,67,1204.98);
Insert into AFRICA.ORDER_ITEMS (ORDER_ID,ITEM_ID,PRODUCT_ID,QUANTITY,UNIT_PRICE) values (15,3,246,133,343.99);
Insert into AFRICA.ORDER_ITEMS (ORDER_ID,ITEM_ID,PRODUCT_ID,QUANTITY,UNIT_PRICE) values (15,4,239,71,739.99);
Insert into AFRICA.ORDER_ITEMS (ORDER_ID,ITEM_ID,PRODUCT_ID,QUANTITY,UNIT_PRICE) values (15,5,230,92,136.69);
Insert into AFRICA.ORDER_ITEMS (ORDER_ID,ITEM_ID,PRODUCT_ID,QUANTITY,UNIT_PRICE) values (15,6,253,83,579.99);
Insert into AFRICA.ORDER_ITEMS (ORDER_ID,ITEM_ID,PRODUCT_ID,QUANTITY,UNIT_PRICE) values (15,7,83,118,829.99);
Insert into AFRICA.ORDER_ITEMS (ORDER_ID,ITEM_ID,PRODUCT_ID,QUANTITY,UNIT_PRICE) values (15,8,241,77,1756);
Insert into AFRICA.ORDER_ITEMS (ORDER_ID,ITEM_ID,PRODUCT_ID,QUANTITY,UNIT_PRICE) values (20,1,126,105,640.99);
Insert into AFRICA.ORDER_ITEMS (ORDER_ID,ITEM_ID,PRODUCT_ID,QUANTITY,UNIT_PRICE) values (20,2,41,78,299.89);
Insert into AFRICA.ORDER_ITEMS (ORDER_ID,ITEM_ID,PRODUCT_ID,QUANTITY,UNIT_PRICE) values (22,1,83,44,829.99);
Insert into AFRICA.ORDER_ITEMS (ORDER_ID,ITEM_ID,PRODUCT_ID,QUANTITY,UNIT_PRICE) values (22,2,116,45,731.99);
Insert into AFRICA.ORDER_ITEMS (ORDER_ID,ITEM_ID,PRODUCT_ID,QUANTITY,UNIT_PRICE) values (22,3,24,77,66.89);
Insert into AFRICA.ORDER_ITEMS (ORDER_ID,ITEM_ID,PRODUCT_ID,QUANTITY,UNIT_PRICE) values (22,4,288,44,319.99);
Insert into AFRICA.ORDER_ITEMS (ORDER_ID,ITEM_ID,PRODUCT_ID,QUANTITY,UNIT_PRICE) values (22,5,160,59,1908.73);
Insert into AFRICA.ORDER_ITEMS (ORDER_ID,ITEM_ID,PRODUCT_ID,QUANTITY,UNIT_PRICE) values (22,6,56,43,16.99);
Insert into AFRICA.ORDER_ITEMS (ORDER_ID,ITEM_ID,PRODUCT_ID,QUANTITY,UNIT_PRICE) values (22,7,17,60,699.01);
Insert into AFRICA.ORDER_ITEMS (ORDER_ID,ITEM_ID,PRODUCT_ID,QUANTITY,UNIT_PRICE) values (22,8,222,99,754.98);
Insert into AFRICA.ORDER_ITEMS (ORDER_ID,ITEM_ID,PRODUCT_ID,QUANTITY,UNIT_PRICE) values (22,9,8,89,601.99);
Insert into AFRICA.ORDER_ITEMS (ORDER_ID,ITEM_ID,PRODUCT_ID,QUANTITY,UNIT_PRICE) values (22,10,90,95,759.99);
Insert into AFRICA.ORDER_ITEMS (ORDER_ID,ITEM_ID,PRODUCT_ID,QUANTITY,UNIT_PRICE) values (22,11,234,144,150.99);
Insert into AFRICA.ORDER_ITEMS (ORDER_ID,ITEM_ID,PRODUCT_ID,QUANTITY,UNIT_PRICE) values (22,12,108,45,849.99);
Insert into AFRICA.ORDER_ITEMS (ORDER_ID,ITEM_ID,PRODUCT_ID,QUANTITY,UNIT_PRICE) values (22,13,281,73,864.98);
Insert into AFRICA.ORDER_ITEMS (ORDER_ID,ITEM_ID,PRODUCT_ID,QUANTITY,UNIT_PRICE) values (27,1,71,38,660);
Insert into AFRICA.ORDER_ITEMS (ORDER_ID,ITEM_ID,PRODUCT_ID,QUANTITY,UNIT_PRICE) values (27,2,141,77,419.99);
Insert into AFRICA.ORDER_ITEMS (ORDER_ID,ITEM_ID,PRODUCT_ID,QUANTITY,UNIT_PRICE) values (27,3,68,96,766.11);
Insert into AFRICA.ORDER_ITEMS (ORDER_ID,ITEM_ID,PRODUCT_ID,QUANTITY,UNIT_PRICE) values (27,4,263,95,89.99);
Insert into AFRICA.ORDER_ITEMS (ORDER_ID,ITEM_ID,PRODUCT_ID,QUANTITY,UNIT_PRICE) values (27,5,118,122,699.89);
Insert into AFRICA.ORDER_ITEMS (ORDER_ID,ITEM_ID,PRODUCT_ID,QUANTITY,UNIT_PRICE) values (27,6,29,133,645.99);
Insert into AFRICA.ORDER_ITEMS (ORDER_ID,ITEM_ID,PRODUCT_ID,QUANTITY,UNIT_PRICE) values (27,7,155,51,588.95);
Insert into AFRICA.ORDER_ITEMS (ORDER_ID,ITEM_ID,PRODUCT_ID,QUANTITY,UNIT_PRICE) values (27,8,71,127,660);
Insert into AFRICA.ORDER_ITEMS (ORDER_ID,ITEM_ID,PRODUCT_ID,QUANTITY,UNIT_PRICE) values (27,9,93,132,2116.72);
Insert into AFRICA.ORDER_ITEMS (ORDER_ID,ITEM_ID,PRODUCT_ID,QUANTITY,UNIT_PRICE) values (27,10,150,58,281.98);
Insert into AFRICA.ORDER_ITEMS (ORDER_ID,ITEM_ID,PRODUCT_ID,QUANTITY,UNIT_PRICE) values (27,11,116,67,731.99);
Insert into AFRICA.ORDER_ITEMS (ORDER_ID,ITEM_ID,PRODUCT_ID,QUANTITY,UNIT_PRICE) values (27,12,92,105,2200);
Insert into AFRICA.ORDER_ITEMS (ORDER_ID,ITEM_ID,PRODUCT_ID,QUANTITY,UNIT_PRICE) values (27,13,111,102,827.37);
Insert into AFRICA.ORDER_ITEMS (ORDER_ID,ITEM_ID,PRODUCT_ID,QUANTITY,UNIT_PRICE) values (29,1,7,38,680.99);
Insert into AFRICA.ORDER_ITEMS (ORDER_ID,ITEM_ID,PRODUCT_ID,QUANTITY,UNIT_PRICE) values (29,2,82,62,1499.89);
Insert into AFRICA.ORDER_ITEMS (ORDER_ID,ITEM_ID,PRODUCT_ID,QUANTITY,UNIT_PRICE) values (29,3,268,118,47.88);
Insert into AFRICA.ORDER_ITEMS (ORDER_ID,ITEM_ID,PRODUCT_ID,QUANTITY,UNIT_PRICE) values (29,4,141,32,419.99);
Insert into AFRICA.ORDER_ITEMS (ORDER_ID,ITEM_ID,PRODUCT_ID,QUANTITY,UNIT_PRICE) values (29,5,258,137,57.98);
Insert into AFRICA.ORDER_ITEMS (ORDER_ID,ITEM_ID,PRODUCT_ID,QUANTITY,UNIT_PRICE) values (29,6,30,75,645.2);
Insert into AFRICA.ORDER_ITEMS (ORDER_ID,ITEM_ID,PRODUCT_ID,QUANTITY,UNIT_PRICE) values (29,7,166,103,1638.89);
Insert into AFRICA.ORDER_ITEMS (ORDER_ID,ITEM_ID,PRODUCT_ID,QUANTITY,UNIT_PRICE) values (29,8,10,81,811.99);
Insert into AFRICA.ORDER_ITEMS (ORDER_ID,ITEM_ID,PRODUCT_ID,QUANTITY,UNIT_PRICE) values (29,9,233,71,59.99);
Insert into AFRICA.ORDER_ITEMS (ORDER_ID,ITEM_ID,PRODUCT_ID,QUANTITY,UNIT_PRICE) values (29,10,76,62,629.99);
Insert into AFRICA.ORDER_ITEMS (ORDER_ID,ITEM_ID,PRODUCT_ID,QUANTITY,UNIT_PRICE) values (29,11,115,52,699.99);
Insert into AFRICA.ORDER_ITEMS (ORDER_ID,ITEM_ID,PRODUCT_ID,QUANTITY,UNIT_PRICE) values (32,1,251,83,337.81);
Insert into AFRICA.ORDER_ITEMS (ORDER_ID,ITEM_ID,PRODUCT_ID,QUANTITY,UNIT_PRICE) values (32,2,142,130,2998.89);
Insert into AFRICA.ORDER_ITEMS (ORDER_ID,ITEM_ID,PRODUCT_ID,QUANTITY,UNIT_PRICE) values (32,3,73,134,799);
Insert into AFRICA.ORDER_ITEMS (ORDER_ID,ITEM_ID,PRODUCT_ID,QUANTITY,UNIT_PRICE) values (32,4,30,105,645.2);
Insert into AFRICA.ORDER_ITEMS (ORDER_ID,ITEM_ID,PRODUCT_ID,QUANTITY,UNIT_PRICE) values (32,5,85,148,1274.99);
Insert into AFRICA.ORDER_ITEMS (ORDER_ID,ITEM_ID,PRODUCT_ID,QUANTITY,UNIT_PRICE) values (32,6,102,147,2042.69);
Insert into AFRICA.ORDER_ITEMS (ORDER_ID,ITEM_ID,PRODUCT_ID,QUANTITY,UNIT_PRICE) values (34,1,185,141,873.98);
Insert into AFRICA.ORDER_ITEMS (ORDER_ID,ITEM_ID,PRODUCT_ID,QUANTITY,UNIT_PRICE) values (34,2,131,113,279.99);
Insert into AFRICA.ORDER_ITEMS (ORDER_ID,ITEM_ID,PRODUCT_ID,QUANTITY,UNIT_PRICE) values (34,3,39,100,301.99);
Insert into AFRICA.ORDER_ITEMS (ORDER_ID,ITEM_ID,PRODUCT_ID,QUANTITY,UNIT_PRICE) values (34,4,143,106,402.99);
Insert into AFRICA.ORDER_ITEMS (ORDER_ID,ITEM_ID,PRODUCT_ID,QUANTITY,UNIT_PRICE) values (34,5,68,37,766.11);
Insert into AFRICA.ORDER_ITEMS (ORDER_ID,ITEM_ID,PRODUCT_ID,QUANTITY,UNIT_PRICE) values (34,6,101,62,635.99);
Insert into AFRICA.ORDER_ITEMS (ORDER_ID,ITEM_ID,PRODUCT_ID,QUANTITY,UNIT_PRICE) values (36,1,204,45,686.99);
Insert into AFRICA.ORDER_ITEMS (ORDER_ID,ITEM_ID,PRODUCT_ID,QUANTITY,UNIT_PRICE) values (36,2,101,105,635.99);
Insert into AFRICA.ORDER_ITEMS (ORDER_ID,ITEM_ID,PRODUCT_ID,QUANTITY,UNIT_PRICE) values (36,3,100,102,97.88);
Insert into AFRICA.ORDER_ITEMS (ORDER_ID,ITEM_ID,PRODUCT_ID,QUANTITY,UNIT_PRICE) values (36,4,10,72,811.99);
Insert into AFRICA.ORDER_ITEMS (ORDER_ID,ITEM_ID,PRODUCT_ID,QUANTITY,UNIT_PRICE) values (36,5,255,143,90.99);
Insert into AFRICA.ORDER_ITEMS (ORDER_ID,ITEM_ID,PRODUCT_ID,QUANTITY,UNIT_PRICE) values (36,6,205,33,649.99);
Insert into AFRICA.ORDER_ITEMS (ORDER_ID,ITEM_ID,PRODUCT_ID,QUANTITY,UNIT_PRICE) values (36,7,152,45,280.98);
Insert into AFRICA.ORDER_ITEMS (ORDER_ID,ITEM_ID,PRODUCT_ID,QUANTITY,UNIT_PRICE) values (36,8,141,144,419.99);
Insert into AFRICA.ORDER_ITEMS (ORDER_ID,ITEM_ID,PRODUCT_ID,QUANTITY,UNIT_PRICE) values (42,1,34,45,417.98);
Insert into AFRICA.ORDER_ITEMS (ORDER_ID,ITEM_ID,PRODUCT_ID,QUANTITY,UNIT_PRICE) values (42,2,10,147,811.99);
Insert into AFRICA.ORDER_ITEMS (ORDER_ID,ITEM_ID,PRODUCT_ID,QUANTITY,UNIT_PRICE) values (42,3,249,76,2660.72);
Insert into AFRICA.ORDER_ITEMS (ORDER_ID,ITEM_ID,PRODUCT_ID,QUANTITY,UNIT_PRICE) values (42,4,213,103,1469.96);
Insert into AFRICA.ORDER_ITEMS (ORDER_ID,ITEM_ID,PRODUCT_ID,QUANTITY,UNIT_PRICE) values (42,5,252,85,499.99);
Insert into AFRICA.ORDER_ITEMS (ORDER_ID,ITEM_ID,PRODUCT_ID,QUANTITY,UNIT_PRICE) values (42,6,78,47,686.99);
Insert into AFRICA.ORDER_ITEMS (ORDER_ID,ITEM_ID,PRODUCT_ID,QUANTITY,UNIT_PRICE) values (42,7,139,149,65.92);
Insert into AFRICA.ORDER_ITEMS (ORDER_ID,ITEM_ID,PRODUCT_ID,QUANTITY,UNIT_PRICE) values (43,1,67,74,863.05);
Insert into AFRICA.ORDER_ITEMS (ORDER_ID,ITEM_ID,PRODUCT_ID,QUANTITY,UNIT_PRICE) values (43,2,287,66,329.99);
Insert into AFRICA.ORDER_ITEMS (ORDER_ID,ITEM_ID,PRODUCT_ID,QUANTITY,UNIT_PRICE) values (43,3,110,94,3192.97);
Insert into AFRICA.ORDER_ITEMS (ORDER_ID,ITEM_ID,PRODUCT_ID,QUANTITY,UNIT_PRICE) values (43,4,105,86,2799.99);
Insert into AFRICA.ORDER_ITEMS (ORDER_ID,ITEM_ID,PRODUCT_ID,QUANTITY,UNIT_PRICE) values (43,5,86,114,804.98);
Insert into AFRICA.ORDER_ITEMS (ORDER_ID,ITEM_ID,PRODUCT_ID,QUANTITY,UNIT_PRICE) values (43,6,235,86,41.99);
Insert into AFRICA.ORDER_ITEMS (ORDER_ID,ITEM_ID,PRODUCT_ID,QUANTITY,UNIT_PRICE) values (43,7,1,57,640.99);
Insert into AFRICA.ORDER_ITEMS (ORDER_ID,ITEM_ID,PRODUCT_ID,QUANTITY,UNIT_PRICE) values (43,8,169,73,1844.89);
Insert into AFRICA.ORDER_ITEMS (ORDER_ID,ITEM_ID,PRODUCT_ID,QUANTITY,UNIT_PRICE) values (44,1,220,118,759.99);
Insert into AFRICA.ORDER_ITEMS (ORDER_ID,ITEM_ID,PRODUCT_ID,QUANTITY,UNIT_PRICE) values (44,2,215,148,829.89);
Insert into AFRICA.ORDER_ITEMS (ORDER_ID,ITEM_ID,PRODUCT_ID,QUANTITY,UNIT_PRICE) values (44,3,271,37,549.59);
Insert into AFRICA.ORDER_ITEMS (ORDER_ID,ITEM_ID,PRODUCT_ID,QUANTITY,UNIT_PRICE) values (44,4,158,100,2009.46);
Insert into AFRICA.ORDER_ITEMS (ORDER_ID,ITEM_ID,PRODUCT_ID,QUANTITY,UNIT_PRICE) values (46,1,120,51,892);
Insert into AFRICA.ORDER_ITEMS (ORDER_ID,ITEM_ID,PRODUCT_ID,QUANTITY,UNIT_PRICE) values (46,2,4,112,2699.99);
Insert into AFRICA.ORDER_ITEMS (ORDER_ID,ITEM_ID,PRODUCT_ID,QUANTITY,UNIT_PRICE) values (46,3,187,86,353.98);
Insert into AFRICA.ORDER_ITEMS (ORDER_ID,ITEM_ID,PRODUCT_ID,QUANTITY,UNIT_PRICE) values (46,4,264,104,88.99);
Insert into AFRICA.ORDER_ITEMS (ORDER_ID,ITEM_ID,PRODUCT_ID,QUANTITY,UNIT_PRICE) values (46,5,181,94,999.99);
Insert into AFRICA.ORDER_ITEMS (ORDER_ID,ITEM_ID,PRODUCT_ID,QUANTITY,UNIT_PRICE) values (46,6,60,80,59.99);
Insert into AFRICA.ORDER_ITEMS (ORDER_ID,ITEM_ID,PRODUCT_ID,QUANTITY,UNIT_PRICE) values (46,7,155,114,588.95);
Insert into AFRICA.ORDER_ITEMS (ORDER_ID,ITEM_ID,PRODUCT_ID,QUANTITY,UNIT_PRICE) values (46,8,123,116,3177.44);
Insert into AFRICA.ORDER_ITEMS (ORDER_ID,ITEM_ID,PRODUCT_ID,QUANTITY,UNIT_PRICE) values (46,9,2,65,2554.99);
Insert into AFRICA.ORDER_ITEMS (ORDER_ID,ITEM_ID,PRODUCT_ID,QUANTITY,UNIT_PRICE) values (46,10,214,91,1009.79);
Insert into AFRICA.ORDER_ITEMS (ORDER_ID,ITEM_ID,PRODUCT_ID,QUANTITY,UNIT_PRICE) values (46,11,89,119,749.99);
Insert into AFRICA.ORDER_ITEMS (ORDER_ID,ITEM_ID,PRODUCT_ID,QUANTITY,UNIT_PRICE) values (50,1,215,49,829.89);
Insert into AFRICA.ORDER_ITEMS (ORDER_ID,ITEM_ID,PRODUCT_ID,QUANTITY,UNIT_PRICE) values (61,1,174,114,798.26);
Insert into AFRICA.ORDER_ITEMS (ORDER_ID,ITEM_ID,PRODUCT_ID,QUANTITY,UNIT_PRICE) values (61,2,56,75,16.99);
Insert into AFRICA.ORDER_ITEMS (ORDER_ID,ITEM_ID,PRODUCT_ID,QUANTITY,UNIT_PRICE) values (61,3,146,59,283.98);
Insert into AFRICA.ORDER_ITEMS (ORDER_ID,ITEM_ID,PRODUCT_ID,QUANTITY,UNIT_PRICE) values (61,4,34,71,417.98);
Insert into AFRICA.ORDER_ITEMS (ORDER_ID,ITEM_ID,PRODUCT_ID,QUANTITY,UNIT_PRICE) values (61,5,15,32,725.99);
Insert into AFRICA.ORDER_ITEMS (ORDER_ID,ITEM_ID,PRODUCT_ID,QUANTITY,UNIT_PRICE) values (61,6,5,50,2290.79);
Insert into AFRICA.ORDER_ITEMS (ORDER_ID,ITEM_ID,PRODUCT_ID,QUANTITY,UNIT_PRICE) values (61,7,52,45,1676.98);
Insert into AFRICA.ORDER_ITEMS (ORDER_ID,ITEM_ID,PRODUCT_ID,QUANTITY,UNIT_PRICE) values (69,1,206,57,4139);
Insert into AFRICA.ORDER_ITEMS (ORDER_ID,ITEM_ID,PRODUCT_ID,QUANTITY,UNIT_PRICE) values (69,2,71,66,660);
Insert into AFRICA.ORDER_ITEMS (ORDER_ID,ITEM_ID,PRODUCT_ID,QUANTITY,UNIT_PRICE) values (69,3,253,112,579.99);
Insert into AFRICA.ORDER_ITEMS (ORDER_ID,ITEM_ID,PRODUCT_ID,QUANTITY,UNIT_PRICE) values (69,4,82,58,1499.89);
Insert into AFRICA.ORDER_ITEMS (ORDER_ID,ITEM_ID,PRODUCT_ID,QUANTITY,UNIT_PRICE) values (69,5,278,71,677.99);
Insert into AFRICA.ORDER_ITEMS (ORDER_ID,ITEM_ID,PRODUCT_ID,QUANTITY,UNIT_PRICE) values (69,6,3,46,799.99);
Insert into AFRICA.ORDER_ITEMS (ORDER_ID,ITEM_ID,PRODUCT_ID,QUANTITY,UNIT_PRICE) values (69,7,79,49,659.99);
Insert into AFRICA.ORDER_ITEMS (ORDER_ID,ITEM_ID,PRODUCT_ID,QUANTITY,UNIT_PRICE) values (69,8,169,67,1844.89);
Insert into AFRICA.ORDER_ITEMS (ORDER_ID,ITEM_ID,PRODUCT_ID,QUANTITY,UNIT_PRICE) values (69,9,261,55,1504.99);
Insert into AFRICA.ORDER_ITEMS (ORDER_ID,ITEM_ID,PRODUCT_ID,QUANTITY,UNIT_PRICE) values (72,1,129,101,734.99);
Insert into AFRICA.ORDER_ITEMS (ORDER_ID,ITEM_ID,PRODUCT_ID,QUANTITY,UNIT_PRICE) values (72,2,211,123,1064.99);
Insert into AFRICA.ORDER_ITEMS (ORDER_ID,ITEM_ID,PRODUCT_ID,QUANTITY,UNIT_PRICE) values (72,3,273,145,443.64);
Insert into AFRICA.ORDER_ITEMS (ORDER_ID,ITEM_ID,PRODUCT_ID,QUANTITY,UNIT_PRICE) values (74,1,104,97,83.88);
Insert into AFRICA.ORDER_ITEMS (ORDER_ID,ITEM_ID,PRODUCT_ID,QUANTITY,UNIT_PRICE) values (74,2,250,86,338.99);
Insert into AFRICA.ORDER_ITEMS (ORDER_ID,ITEM_ID,PRODUCT_ID,QUANTITY,UNIT_PRICE) values (74,3,242,61,1751.99);
Insert into AFRICA.ORDER_ITEMS (ORDER_ID,ITEM_ID,PRODUCT_ID,QUANTITY,UNIT_PRICE) values (74,4,106,82,608.95);
Insert into AFRICA.ORDER_ITEMS (ORDER_ID,ITEM_ID,PRODUCT_ID,QUANTITY,UNIT_PRICE) values (74,5,3,101,799.99);
Insert into AFRICA.ORDER_ITEMS (ORDER_ID,ITEM_ID,PRODUCT_ID,QUANTITY,UNIT_PRICE) values (74,6,187,137,353.98);
Insert into AFRICA.ORDER_ITEMS (ORDER_ID,ITEM_ID,PRODUCT_ID,QUANTITY,UNIT_PRICE) values (74,7,27,92,800.74);
Insert into AFRICA.ORDER_ITEMS (ORDER_ID,ITEM_ID,PRODUCT_ID,QUANTITY,UNIT_PRICE) values (78,1,92,147,2200);
Insert into AFRICA.ORDER_ITEMS (ORDER_ID,ITEM_ID,PRODUCT_ID,QUANTITY,UNIT_PRICE) values (78,2,169,50,1844.89);
Insert into AFRICA.ORDER_ITEMS (ORDER_ID,ITEM_ID,PRODUCT_ID,QUANTITY,UNIT_PRICE) values (78,3,125,119,768.99);
Insert into AFRICA.ORDER_ITEMS (ORDER_ID,ITEM_ID,PRODUCT_ID,QUANTITY,UNIT_PRICE) values (78,4,200,87,620.95);
Insert into AFRICA.ORDER_ITEMS (ORDER_ID,ITEM_ID,PRODUCT_ID,QUANTITY,UNIT_PRICE) values (78,5,181,37,999.99);
Insert into AFRICA.ORDER_ITEMS (ORDER_ID,ITEM_ID,PRODUCT_ID,QUANTITY,UNIT_PRICE) values (78,6,206,145,4139);
Insert into AFRICA.ORDER_ITEMS (ORDER_ID,ITEM_ID,PRODUCT_ID,QUANTITY,UNIT_PRICE) values (79,1,285,145,339.99);
Insert into AFRICA.ORDER_ITEMS (ORDER_ID,ITEM_ID,PRODUCT_ID,QUANTITY,UNIT_PRICE) values (79,2,265,53,1431.99);
Insert into AFRICA.ORDER_ITEMS (ORDER_ID,ITEM_ID,PRODUCT_ID,QUANTITY,UNIT_PRICE) values (79,3,204,138,686.99);
Insert into AFRICA.ORDER_ITEMS (ORDER_ID,ITEM_ID,PRODUCT_ID,QUANTITY,UNIT_PRICE) values (79,4,63,146,572.96);
Insert into AFRICA.ORDER_ITEMS (ORDER_ID,ITEM_ID,PRODUCT_ID,QUANTITY,UNIT_PRICE) values (81,1,128,133,741.63);
Insert into AFRICA.ORDER_ITEMS (ORDER_ID,ITEM_ID,PRODUCT_ID,QUANTITY,UNIT_PRICE) values (81,2,241,134,1756);
Insert into AFRICA.ORDER_ITEMS (ORDER_ID,ITEM_ID,PRODUCT_ID,QUANTITY,UNIT_PRICE) values (81,3,69,104,678.75);
Insert into AFRICA.ORDER_ITEMS (ORDER_ID,ITEM_ID,PRODUCT_ID,QUANTITY,UNIT_PRICE) values (81,4,49,83,1499.99);
Insert into AFRICA.ORDER_ITEMS (ORDER_ID,ITEM_ID,PRODUCT_ID,QUANTITY,UNIT_PRICE) values (81,5,55,144,150.99);
Insert into AFRICA.ORDER_ITEMS (ORDER_ID,ITEM_ID,PRODUCT_ID,QUANTITY,UNIT_PRICE) values (81,6,65,61,1199.99);
Insert into AFRICA.ORDER_ITEMS (ORDER_ID,ITEM_ID,PRODUCT_ID,QUANTITY,UNIT_PRICE) values (81,7,79,127,659.99);
Insert into AFRICA.ORDER_ITEMS (ORDER_ID,ITEM_ID,PRODUCT_ID,QUANTITY,UNIT_PRICE) values (82,1,91,42,2259.99);
Insert into AFRICA.ORDER_ITEMS (ORDER_ID,ITEM_ID,PRODUCT_ID,QUANTITY,UNIT_PRICE) values (82,2,107,71,644);
Insert into AFRICA.ORDER_ITEMS (ORDER_ID,ITEM_ID,PRODUCT_ID,QUANTITY,UNIT_PRICE) values (82,3,254,121,119.99);
Insert into AFRICA.ORDER_ITEMS (ORDER_ID,ITEM_ID,PRODUCT_ID,QUANTITY,UNIT_PRICE) values (82,4,157,113,388.99);
Insert into AFRICA.ORDER_ITEMS (ORDER_ID,ITEM_ID,PRODUCT_ID,QUANTITY,UNIT_PRICE) values (82,5,48,59,1218.5);
Insert into AFRICA.ORDER_ITEMS (ORDER_ID,ITEM_ID,PRODUCT_ID,QUANTITY,UNIT_PRICE) values (82,6,180,56,279.99);
Insert into AFRICA.ORDER_ITEMS (ORDER_ID,ITEM_ID,PRODUCT_ID,QUANTITY,UNIT_PRICE) values (82,7,70,31,710.99);
Insert into AFRICA.ORDER_ITEMS (ORDER_ID,ITEM_ID,PRODUCT_ID,QUANTITY,UNIT_PRICE) values (82,8,213,56,1469.96);
Insert into AFRICA.ORDER_ITEMS (ORDER_ID,ITEM_ID,PRODUCT_ID,QUANTITY,UNIT_PRICE) values (82,9,284,138,54.99);
Insert into AFRICA.ORDER_ITEMS (ORDER_ID,ITEM_ID,PRODUCT_ID,QUANTITY,UNIT_PRICE) values (92,1,208,114,1199.99);
Insert into AFRICA.ORDER_ITEMS (ORDER_ID,ITEM_ID,PRODUCT_ID,QUANTITY,UNIT_PRICE) values (92,2,34,126,417.98);
Insert into AFRICA.ORDER_ITEMS (ORDER_ID,ITEM_ID,PRODUCT_ID,QUANTITY,UNIT_PRICE) values (92,3,65,132,1199.99);
Insert into AFRICA.ORDER_ITEMS (ORDER_ID,ITEM_ID,PRODUCT_ID,QUANTITY,UNIT_PRICE) values (92,4,110,111,3192.97);
Insert into AFRICA.ORDER_ITEMS (ORDER_ID,ITEM_ID,PRODUCT_ID,QUANTITY,UNIT_PRICE) values (92,5,114,112,820.61);
Insert into AFRICA.ORDER_ITEMS (ORDER_ID,ITEM_ID,PRODUCT_ID,QUANTITY,UNIT_PRICE) values (92,6,164,91,1850);
Insert into AFRICA.ORDER_ITEMS (ORDER_ID,ITEM_ID,PRODUCT_ID,QUANTITY,UNIT_PRICE) values (92,7,108,104,849.99);
Insert into AFRICA.ORDER_ITEMS (ORDER_ID,ITEM_ID,PRODUCT_ID,QUANTITY,UNIT_PRICE) values (97,1,110,39,3192.97);
Insert into AFRICA.ORDER_ITEMS (ORDER_ID,ITEM_ID,PRODUCT_ID,QUANTITY,UNIT_PRICE) values (97,2,207,82,3254.99);
Insert into AFRICA.ORDER_ITEMS (ORDER_ID,ITEM_ID,PRODUCT_ID,QUANTITY,UNIT_PRICE) values (97,3,270,61,769.99);
Insert into AFRICA.ORDER_ITEMS (ORDER_ID,ITEM_ID,PRODUCT_ID,QUANTITY,UNIT_PRICE) values (97,4,33,67,52.65);
Insert into AFRICA.ORDER_ITEMS (ORDER_ID,ITEM_ID,PRODUCT_ID,QUANTITY,UNIT_PRICE) values (97,5,99,48,68.06);
Insert into AFRICA.ORDER_ITEMS (ORDER_ID,ITEM_ID,PRODUCT_ID,QUANTITY,UNIT_PRICE) values (97,6,219,132,1299.73);
Insert into AFRICA.ORDER_ITEMS (ORDER_ID,ITEM_ID,PRODUCT_ID,QUANTITY,UNIT_PRICE) values (99,1,95,66,109.99);
Insert into AFRICA.ORDER_ITEMS (ORDER_ID,ITEM_ID,PRODUCT_ID,QUANTITY,UNIT_PRICE) values (99,2,118,37,699.89);
Insert into AFRICA.ORDER_ITEMS (ORDER_ID,ITEM_ID,PRODUCT_ID,QUANTITY,UNIT_PRICE) values (99,3,84,98,440.3);
Insert into AFRICA.ORDER_ITEMS (ORDER_ID,ITEM_ID,PRODUCT_ID,QUANTITY,UNIT_PRICE) values (99,4,36,71,1299.99);
Insert into AFRICA.ORDER_ITEMS (ORDER_ID,ITEM_ID,PRODUCT_ID,QUANTITY,UNIT_PRICE) values (99,5,200,58,620.95);
Insert into AFRICA.ORDER_ITEMS (ORDER_ID,ITEM_ID,PRODUCT_ID,QUANTITY,UNIT_PRICE) values (99,6,1,43,640.99);
Insert into AFRICA.ORDER_ITEMS (ORDER_ID,ITEM_ID,PRODUCT_ID,QUANTITY,UNIT_PRICE) values (99,7,201,31,653.5);
Insert into AFRICA.ORDER_ITEMS (ORDER_ID,ITEM_ID,PRODUCT_ID,QUANTITY,UNIT_PRICE) values (99,8,102,101,2042.69);
Insert into AFRICA.ORDER_ITEMS (ORDER_ID,ITEM_ID,PRODUCT_ID,QUANTITY,UNIT_PRICE) values (99,9,17,144,699.01);
REM INSERTING into AFRICA.PRODUCTS
SET DEFINE OFF;
Insert into AFRICA.PRODUCTS (PRODUCT_ID,PRODUCT_NAME,DESCRIPTION,STANDARD_COST,LIST_PRICE,CATEGORY_ID) values (58,'Gigabyte GV-N108TAORUS X-11GD','Chipset:GeForce GTX 1080 Ti,Memory:11GBCore Clock:1.61GHz',688.35,784.98,2);
Insert into AFRICA.PRODUCTS (PRODUCT_ID,PRODUCT_NAME,DESCRIPTION,STANDARD_COST,LIST_PRICE,CATEGORY_ID) values (270,'Gigabyte GV-N1070WF2OC-8GD','Chipset:GeForce GTX 1070,Memory:8GBCore Clock:1.56GHz',551.62,769.99,2);
Insert into AFRICA.PRODUCTS (PRODUCT_ID,PRODUCT_NAME,DESCRIPTION,STANDARD_COST,LIST_PRICE,CATEGORY_ID) values (223,'MSI GeForce GTX 1080 TI ARMOR 11G OC','Chipset:GeForce GTX 1080 Ti,Memory:11GBCore Clock:1.48GHz',644.19,764.98,2);
Insert into AFRICA.PRODUCTS (PRODUCT_ID,PRODUCT_NAME,DESCRIPTION,STANDARD_COST,LIST_PRICE,CATEGORY_ID) values (90,'EVGA 11G-P4-6696-KR','Chipset:GeForce GTX 1080 Ti,Memory:11GBCore Clock:1.56GHz',594.46,759.99,2);
Insert into AFRICA.PRODUCTS (PRODUCT_ID,PRODUCT_NAME,DESCRIPTION,STANDARD_COST,LIST_PRICE,CATEGORY_ID) values (220,'MSI GeForce GTX 1080 Ti GAMING X 11G','Chipset:GeForce GTX 1080 Ti,Memory:11GBCore Clock:1.57GHz',666.59,759.99,2);
Insert into AFRICA.PRODUCTS (PRODUCT_ID,PRODUCT_NAME,DESCRIPTION,STANDARD_COST,LIST_PRICE,CATEGORY_ID) values (221,'Zotac ZT-P10810C-10P','Chipset:GeForce GTX 1080 Ti,Memory:11GBCore Clock:1.65GHz',535.03,759.99,2);
Insert into AFRICA.PRODUCTS (PRODUCT_ID,PRODUCT_NAME,DESCRIPTION,STANDARD_COST,LIST_PRICE,CATEGORY_ID) values (269,'Zotac ZT-P10810D-10P','Chipset:GeForce GTX 1080 Ti,Memory:11GBCore Clock:1.57GHz',580.1,759.99,2);
Insert into AFRICA.PRODUCTS (PRODUCT_ID,PRODUCT_NAME,DESCRIPTION,STANDARD_COST,LIST_PRICE,CATEGORY_ID) values (87,'PNY VCGGTX1080T11XGPB-OC','Chipset:GeForce GTX 1080 Ti,Memory:11GBCore Clock:1.53GHz',600.92,759.99,2);
Insert into AFRICA.PRODUCTS (PRODUCT_ID,PRODUCT_NAME,DESCRIPTION,STANDARD_COST,LIST_PRICE,CATEGORY_ID) values (222,'Zotac ZT-P10810G-10P','Chipset:GeForce GTX 1080 Ti,Memory:11GBCore Clock:1.51GHz',598.25,754.98,2);
Insert into AFRICA.PRODUCTS (PRODUCT_ID,PRODUCT_NAME,DESCRIPTION,STANDARD_COST,LIST_PRICE,CATEGORY_ID) values (88,'Gigabyte GV-N98TWF3OC-6GD','Chipset:GeForce GTX 980 Ti,Memory:6GBCore Clock:1.06GHz',633.29,749.99,2);
Insert into AFRICA.PRODUCTS (PRODUCT_ID,PRODUCT_NAME,DESCRIPTION,STANDARD_COST,LIST_PRICE,CATEGORY_ID) values (89,'PNY VCGGTX780T3XPB-OC','Chipset:GeForce GTX 780 Ti,Memory:3GBCore Clock:980MHz',592.12,749.99,2);
Insert into AFRICA.PRODUCTS (PRODUCT_ID,PRODUCT_NAME,DESCRIPTION,STANDARD_COST,LIST_PRICE,CATEGORY_ID) values (236,'MSI GTX 980 Ti Gaming 6G','Chipset:GeForce GTX 980 Ti,Memory:6GBCore Clock:1.18GHz',539.98,745.32,2);
Insert into AFRICA.PRODUCTS (PRODUCT_ID,PRODUCT_NAME,DESCRIPTION,STANDARD_COST,LIST_PRICE,CATEGORY_ID) values (237,'Gigabyte GV-N108TAORUS-11GD','Chipset:GeForce GTX 1080 Ti,Memory:11GBCore Clock:1.59GHz',605.3,744.98,2);
Insert into AFRICA.PRODUCTS (PRODUCT_ID,PRODUCT_NAME,DESCRIPTION,STANDARD_COST,LIST_PRICE,CATEGORY_ID) values (238,'EVGA 06G-P4-4998-KR','Chipset:GeForce GTX 980 Ti,Memory:6GBCore Clock:1.19GHz',521.03,741.78,2);
Insert into AFRICA.PRODUCTS (PRODUCT_ID,PRODUCT_NAME,DESCRIPTION,STANDARD_COST,LIST_PRICE,CATEGORY_ID) values (239,'MSI GTX 1080 Ti DUKE 11G OC','Chipset:GeForce GTX 1080 Ti,Memory:11GBCore Clock:1.53GHz',555.07,739.99,2);
Insert into AFRICA.PRODUCTS (PRODUCT_ID,PRODUCT_NAME,DESCRIPTION,STANDARD_COST,LIST_PRICE,CATEGORY_ID) values (244,'Crucial','Speed:DDR4-2133,Type:288-pin DIMM,CAS:15Module:4x16GBSize:64GB',1139.23,1620.99,5);
Insert into AFRICA.PRODUCTS (PRODUCT_ID,PRODUCT_NAME,DESCRIPTION,STANDARD_COST,LIST_PRICE,CATEGORY_ID) values (261,'G.Skill TridentZ RGB','Speed:DDR4-3200,Type:288-pin DIMM,CAS:14Module:8x16GBSize:128GB',1330.26,1504.99,5);
Insert into AFRICA.PRODUCTS (PRODUCT_ID,PRODUCT_NAME,DESCRIPTION,STANDARD_COST,LIST_PRICE,CATEGORY_ID) values (262,'Corsair Dominator Platinum','Speed:DDR4-3200,Type:288-pin DIMM,CAS:16Module:8x16GBSize:128GB',1051.97,1449.99,5);
Insert into AFRICA.PRODUCTS (PRODUCT_ID,PRODUCT_NAME,DESCRIPTION,STANDARD_COST,LIST_PRICE,CATEGORY_ID) values (265,'G.Skill Trident Z','Speed:DDR4-3200,Type:288-pin DIMM,CAS:14Module:8x16GBSize:128GB',1163.49,1431.99,5);
Insert into AFRICA.PRODUCTS (PRODUCT_ID,PRODUCT_NAME,DESCRIPTION,STANDARD_COST,LIST_PRICE,CATEGORY_ID) values (266,'G.Skill Trident Z RGB','Speed:DDR4-3333,Type:288-pin DIMM,CAS:16Module:8x16GBSize:128GB',1174.36,1418.99,5);
Insert into AFRICA.PRODUCTS (PRODUCT_ID,PRODUCT_NAME,DESCRIPTION,STANDARD_COST,LIST_PRICE,CATEGORY_ID) values (279,'G.Skill Ripjaws V Series','Speed:DDR4-3000,Type:288-pin DIMM,CAS:14Module:8x16GBSize:128GB',1139.87,1318.99,5);
Insert into AFRICA.PRODUCTS (PRODUCT_ID,PRODUCT_NAME,DESCRIPTION,STANDARD_COST,LIST_PRICE,CATEGORY_ID) values (35,'Corsair Dominator Platinum','Speed:DDR4-2800,Type:288-pin DIMM,CAS:15Module:8x16GBSize:128GB',1131.68,1314.99,5);
Insert into AFRICA.PRODUCTS (PRODUCT_ID,PRODUCT_NAME,DESCRIPTION,STANDARD_COST,LIST_PRICE,CATEGORY_ID) values (36,'Corsair Vengeance LPX','Speed:DDR4-3000,Type:288-pin DIMM,CAS:15Module:8x16GBSize:128GB',912.98,1299.99,5);
Insert into AFRICA.PRODUCTS (PRODUCT_ID,PRODUCT_NAME,DESCRIPTION,STANDARD_COST,LIST_PRICE,CATEGORY_ID) values (37,'Corsair Dominator Platinum','Speed:DDR4-2666,Type:288-pin DIMM,CAS:15Module:8x16GBSize:128GB',1068.66,1264.99,5);
Insert into AFRICA.PRODUCTS (PRODUCT_ID,PRODUCT_NAME,DESCRIPTION,STANDARD_COST,LIST_PRICE,CATEGORY_ID) values (38,'Corsair Vengeance LPX','Speed:DDR4-2400,Type:288-pin DIMM,CAS:15Module:8x16GBSize:128GB',1019.51,1199.99,5);
Insert into AFRICA.PRODUCTS (PRODUCT_ID,PRODUCT_NAME,DESCRIPTION,STANDARD_COST,LIST_PRICE,CATEGORY_ID) values (65,'Corsair Dominator Platinum','Speed:DDR4-2400,Type:288-pin DIMM,CAS:15Module:8x16GBSize:128GB',1002.47,1199.99,5);
Insert into AFRICA.PRODUCTS (PRODUCT_ID,PRODUCT_NAME,DESCRIPTION,STANDARD_COST,LIST_PRICE,CATEGORY_ID) values (276,'Corsair Vengeance LPX','Speed:DDR4-2666,Type:288-pin DIMM,CAS:15Module:8x16GBSize:128GB',867.52,1163.99,5);
Insert into AFRICA.PRODUCTS (PRODUCT_ID,PRODUCT_NAME,DESCRIPTION,STANDARD_COST,LIST_PRICE,CATEGORY_ID) values (196,'Corsair Vengeance LPX','Speed:DDR4-2133,Type:288-pin DIMM,CAS:15Module:8x16GBSize:128GB',821.91,1099.99,5);
Insert into AFRICA.PRODUCTS (PRODUCT_ID,PRODUCT_NAME,DESCRIPTION,STANDARD_COST,LIST_PRICE,CATEGORY_ID) values (272,'G.Skill Ripjaws 4 Series','Speed:DDR4-2800,Type:288-pin DIMM,CAS:15Module:8x16GBSize:128GB',834.06,1073.99,5);
Insert into AFRICA.PRODUCTS (PRODUCT_ID,PRODUCT_NAME,DESCRIPTION,STANDARD_COST,LIST_PRICE,CATEGORY_ID) values (195,'G.Skill Ripjaws 4 Series','Speed:DDR4-2400,Type:288-pin DIMM,CAS:14Module:8x16GBSize:128GB',836.03,1055.99,5);
Insert into AFRICA.PRODUCTS (PRODUCT_ID,PRODUCT_NAME,DESCRIPTION,STANDARD_COST,LIST_PRICE,CATEGORY_ID) values (67,'Kingston HyperX Beast','Speed:DDR3-1866,Type:240-pin DIMM,CAS:10Module:8x8GBSize:64GB',708.91,863.05,5);
Insert into AFRICA.PRODUCTS (PRODUCT_ID,PRODUCT_NAME,DESCRIPTION,STANDARD_COST,LIST_PRICE,CATEGORY_ID) values (10,'Crucial','Speed:DDR4-2133,Type:288-pin DIMM,CAS:15Module:2x16GBSize:32GB',580.33,811.99,5);
Insert into AFRICA.PRODUCTS (PRODUCT_ID,PRODUCT_NAME,DESCRIPTION,STANDARD_COST,LIST_PRICE,CATEGORY_ID) values (112,'Corsair Vengeance Pro','Speed:DDR3-2133,Type:240-pin DIMM,CAS:11Module:8x8GBSize:64GB',596.25,808.92,5);
Insert into AFRICA.PRODUCTS (PRODUCT_ID,PRODUCT_NAME,DESCRIPTION,STANDARD_COST,LIST_PRICE,CATEGORY_ID) values (282,'Corsair Dominator Platinum','Speed:DDR4-3200,Type:288-pin DIMM,CAS:15Module:8x8GBSize:64GB',700.5,804.99,5);
Insert into AFRICA.PRODUCTS (PRODUCT_ID,PRODUCT_NAME,DESCRIPTION,STANDARD_COST,LIST_PRICE,CATEGORY_ID) values (197,'G.Skill Trident Z RGB','Speed:DDR4-3600,Type:288-pin DIMM,CAS:17Module:4x16GBSize:64GB',622.47,799.99,5);
Insert into AFRICA.PRODUCTS (PRODUCT_ID,PRODUCT_NAME,DESCRIPTION,STANDARD_COST,LIST_PRICE,CATEGORY_ID) values (18,'Crucial','Speed:DDR4-2400,Type:288-pin DIMM,CAS:17Module:1x64GBSize:64GB',604.04,799,5);
Insert into AFRICA.PRODUCTS (PRODUCT_ID,PRODUCT_NAME,DESCRIPTION,STANDARD_COST,LIST_PRICE,CATEGORY_ID) values (125,'G.Skill Trident Z','Speed:DDR4-3600,Type:288-pin DIMM,CAS:17Module:4x16GBSize:64GB',594.04,768.99,5);
Insert into AFRICA.PRODUCTS (PRODUCT_ID,PRODUCT_NAME,DESCRIPTION,STANDARD_COST,LIST_PRICE,CATEGORY_ID) values (68,'Crucial','Speed:DDR4-2133,Type:288-pin DIMM,CAS:15Module:4x16GBSize:64GB',590.13,766.11,5);
Insert into AFRICA.PRODUCTS (PRODUCT_ID,PRODUCT_NAME,DESCRIPTION,STANDARD_COST,LIST_PRICE,CATEGORY_ID) values (283,'G.Skill Trident Z','Speed:DDR4-3200,Type:288-pin DIMM,CAS:14Module:8x8GBSize:64GB',647.83,760.99,5);
Insert into AFRICA.PRODUCTS (PRODUCT_ID,PRODUCT_NAME,DESCRIPTION,STANDARD_COST,LIST_PRICE,CATEGORY_ID) values (277,'G.Skill Trident Z','Speed:DDR4-3200,Type:288-pin DIMM,CAS:14Module:8x8GBSize:64GB',556.8,758.99,5);
Insert into AFRICA.PRODUCTS (PRODUCT_ID,PRODUCT_NAME,DESCRIPTION,STANDARD_COST,LIST_PRICE,CATEGORY_ID) values (21,'Corsair Dominator Platinum','Speed:DDR4-3466,Type:288-pin DIMM,CAS:16Module:4x16GBSize:64GB',609.89,749.99,5);
Insert into AFRICA.PRODUCTS (PRODUCT_ID,PRODUCT_NAME,DESCRIPTION,STANDARD_COST,LIST_PRICE,CATEGORY_ID) values (128,'Kingston','Speed:DDR4-2133,Type:288-pin DIMM,CAS:15Module:4x16GBSize:64GB',650.48,741.63,5);
Insert into AFRICA.PRODUCTS (PRODUCT_ID,PRODUCT_NAME,DESCRIPTION,STANDARD_COST,LIST_PRICE,CATEGORY_ID) values (129,'Corsair Vengeance LPX','Speed:DDR4-3333,Type:288-pin DIMM,CAS:15Module:4x16GBSize:64GB',609.53,734.99,5);
Insert into AFRICA.PRODUCTS (PRODUCT_ID,PRODUCT_NAME,DESCRIPTION,STANDARD_COST,LIST_PRICE,CATEGORY_ID) values (116,'G.Skill Trident Z','Speed:DDR4-3400,Type:288-pin DIMM,CAS:16Module:4x16GBSize:64GB',565.39,731.99,5);
Insert into AFRICA.PRODUCTS (PRODUCT_ID,PRODUCT_NAME,DESCRIPTION,STANDARD_COST,LIST_PRICE,CATEGORY_ID) values (15,'G.Skill Trident Z','Speed:DDR4-3466,Type:288-pin DIMM,CAS:16Module:4x16GBSize:64GB',601.56,725.99,5);
Insert into AFRICA.PRODUCTS (PRODUCT_ID,PRODUCT_NAME,DESCRIPTION,STANDARD_COST,LIST_PRICE,CATEGORY_ID) values (122,'G.Skill Trident Z','Speed:DDR4-3333,Type:288-pin DIMM,CAS:16Module:4x16GBSize:64GB',532.27,722.99,5);
Insert into AFRICA.PRODUCTS (PRODUCT_ID,PRODUCT_NAME,DESCRIPTION,STANDARD_COST,LIST_PRICE,CATEGORY_ID) values (121,'G.Skill Ripjaws V Series','Speed:DDR4-3200,Type:288-pin DIMM,CAS:14Module:8x8GBSize:64GB',603.22,721.99,5);
Insert into AFRICA.PRODUCTS (PRODUCT_ID,PRODUCT_NAME,DESCRIPTION,STANDARD_COST,LIST_PRICE,CATEGORY_ID) values (20,'Corsair Dominator Platinum','Speed:DDR4-3200,Type:288-pin DIMM,CAS:15Module:4x16GBSize:64GB',616.53,719.99,5);
Insert into AFRICA.PRODUCTS (PRODUCT_ID,PRODUCT_NAME,DESCRIPTION,STANDARD_COST,LIST_PRICE,CATEGORY_ID) values (127,'Corsair Dominator Platinum','Speed:DDR4-3333,Type:288-pin DIMM,CAS:15Module:4x16GBSize:64GB',538.55,719.99,5);
Insert into AFRICA.PRODUCTS (PRODUCT_ID,PRODUCT_NAME,DESCRIPTION,STANDARD_COST,LIST_PRICE,CATEGORY_ID) values (109,'G.Skill Trident Z','Speed:DDR4-3200,Type:288-pin DIMM,CAS:14Module:4x16GBSize:64GB',585.26,713.99,5);
Insert into AFRICA.PRODUCTS (PRODUCT_ID,PRODUCT_NAME,DESCRIPTION,STANDARD_COST,LIST_PRICE,CATEGORY_ID) values (202,'G.Skill Trident Z','Speed:DDR4-3200,Type:288-pin DIMM,CAS:14Module:4x16GBSize:64GB',533.21,713.99,5);
Insert into AFRICA.PRODUCTS (PRODUCT_ID,PRODUCT_NAME,DESCRIPTION,STANDARD_COST,LIST_PRICE,CATEGORY_ID) values (113,'G.Skill Trident Z','Speed:DDR4-3200,Type:288-pin DIMM,CAS:15Module:4x16GBSize:64GB',580.21,704.99,5);
Insert into AFRICA.PRODUCTS (PRODUCT_ID,PRODUCT_NAME,DESCRIPTION,STANDARD_COST,LIST_PRICE,CATEGORY_ID) values (13,'G.Skill Ripjaws V Series','Speed:DDR4-3333,Type:288-pin DIMM,CAS:16Module:4x16GBSize:64GB',618.63,704.99,5);
Insert into AFRICA.PRODUCTS (PRODUCT_ID,PRODUCT_NAME,DESCRIPTION,STANDARD_COST,LIST_PRICE,CATEGORY_ID) values (14,'G.Skill Ripjaws V Series','Speed:DDR4-3333,Type:288-pin DIMM,CAS:16Module:4x16GBSize:64GB',633.65,704.99,5);
Insert into AFRICA.PRODUCTS (PRODUCT_ID,PRODUCT_NAME,DESCRIPTION,STANDARD_COST,LIST_PRICE,CATEGORY_ID) values (115,'Corsair Vengeance LPX','Speed:DDR4-3200,Type:288-pin DIMM,CAS:15Module:8x8GBSize:64GB',565.73,699.99,5);
Insert into AFRICA.PRODUCTS (PRODUCT_ID,PRODUCT_NAME,DESCRIPTION,STANDARD_COST,LIST_PRICE,CATEGORY_ID) values (118,'Corsair Dominator Platinum','Speed:DDR4-2800,Type:288-pin DIMM,CAS:15Module:8x8GBSize:64GB',578.46,699.89,5);
Insert into AFRICA.PRODUCTS (PRODUCT_ID,PRODUCT_NAME,DESCRIPTION,STANDARD_COST,LIST_PRICE,CATEGORY_ID) values (17,'Corsair Vengeance LPX','Speed:DDR4-3333,Type:288-pin DIMM,CAS:15Module:4x16GBSize:64GB',595.42,699.01,5);
Insert into AFRICA.PRODUCTS (PRODUCT_ID,PRODUCT_NAME,DESCRIPTION,STANDARD_COST,LIST_PRICE,CATEGORY_ID) values (117,'G.Skill Ripjaws V Series','Speed:DDR4-3200,Type:288-pin DIMM,CAS:14Module:4x16GBSize:64GB',617.62,695.99,5);
Insert into AFRICA.PRODUCTS (PRODUCT_ID,PRODUCT_NAME,DESCRIPTION,STANDARD_COST,LIST_PRICE,CATEGORY_ID) values (77,'G.Skill Ripjaws V Series','Speed:DDR4-3200,Type:288-pin DIMM,CAS:14Module:4x16GBSize:64GB',577.25,695.99,5);
Insert into AFRICA.PRODUCTS (PRODUCT_ID,PRODUCT_NAME,DESCRIPTION,STANDARD_COST,LIST_PRICE,CATEGORY_ID) values (78,'G.Skill Ripjaws V Series','Speed:DDR4-3200,Type:288-pin DIMM,CAS:15Module:4x16GBSize:64GB',517.78,686.99,5);
Insert into AFRICA.PRODUCTS (PRODUCT_ID,PRODUCT_NAME,DESCRIPTION,STANDARD_COST,LIST_PRICE,CATEGORY_ID) values (204,'G.Skill Ripjaws V Series','Speed:DDR4-3200,Type:288-pin DIMM,CAS:15Module:4x16GBSize:64GB',546.64,686.99,5);
Insert into AFRICA.PRODUCTS (PRODUCT_ID,PRODUCT_NAME,DESCRIPTION,STANDARD_COST,LIST_PRICE,CATEGORY_ID) values (7,'G.Skill Ripjaws V Series','Speed:DDR4-3200,Type:288-pin DIMM,CAS:15Module:8x8GBSize:64GB',602.4,680.99,5);
Insert into AFRICA.PRODUCTS (PRODUCT_ID,PRODUCT_NAME,DESCRIPTION,STANDARD_COST,LIST_PRICE,CATEGORY_ID) values (278,'G.Skill Ripjaws V Series','Speed:DDR4-3000,Type:288-pin DIMM,CAS:14Module:8x8GBSize:64GB',546.05,677.99,5);
Insert into AFRICA.PRODUCTS (PRODUCT_ID,PRODUCT_NAME,DESCRIPTION,STANDARD_COST,LIST_PRICE,CATEGORY_ID) values (203,'Kingston','Speed:DDR3-1333,Type:240-pin DIMM,CAS:9Module:4x16GBSize:64GB',556.84,671.38,5);
Insert into AFRICA.PRODUCTS (PRODUCT_ID,PRODUCT_NAME,DESCRIPTION,STANDARD_COST,LIST_PRICE,CATEGORY_ID) values (79,'Corsair Dominator Platinum','Speed:DDR4-2666,Type:288-pin DIMM,CAS:15Module:8x8GBSize:64GB',537.63,659.99,5);
Insert into AFRICA.PRODUCTS (PRODUCT_ID,PRODUCT_NAME,DESCRIPTION,STANDARD_COST,LIST_PRICE,CATEGORY_ID) values (201,'Kingston','Speed:DDR3-1600,Type:240-pin DIMM,CAS:11Module:4x8GBSize:32GB',566.98,653.5,5);
Insert into AFRICA.PRODUCTS (PRODUCT_ID,PRODUCT_NAME,DESCRIPTION,STANDARD_COST,LIST_PRICE,CATEGORY_ID) values (205,'G.Skill Trident X','Speed:DDR3-3100,Type:240-pin DIMM,CAS:12Module:2x4GBSize:8GB',507.32,649.99,5);
Insert into AFRICA.PRODUCTS (PRODUCT_ID,PRODUCT_NAME,DESCRIPTION,STANDARD_COST,LIST_PRICE,CATEGORY_ID) values (29,'Corsair Vengeance LPX','Speed:DDR4-3200,Type:288-pin DIMM,CAS:15Module:4x16GBSize:64GB',571.7,645.99,5);
Insert into AFRICA.PRODUCTS (PRODUCT_ID,PRODUCT_NAME,DESCRIPTION,STANDARD_COST,LIST_PRICE,CATEGORY_ID) values (138,'G.Skill Ripjaws V Series','Speed:DDR4-3000,Type:288-pin DIMM,CAS:14Module:4x16GBSize:64GB',499.09,645.99,5);
Insert into AFRICA.PRODUCTS (PRODUCT_ID,PRODUCT_NAME,DESCRIPTION,STANDARD_COST,LIST_PRICE,CATEGORY_ID) values (30,'G.Skill Ripjaws V Series','Speed:DDR4-2800,Type:288-pin DIMM,CAS:14Module:4x16GBSize:64GB',452.54,645.2,5);
Insert into AFRICA.PRODUCTS (PRODUCT_ID,PRODUCT_NAME,DESCRIPTION,STANDARD_COST,LIST_PRICE,CATEGORY_ID) values (107,'Kingston','Speed:DDR3-1600,Type:240-pin DIMM,CAS:11Module:4x16GBSize:64GB',474.18,644,5);
Insert into AFRICA.PRODUCTS (PRODUCT_ID,PRODUCT_NAME,DESCRIPTION,STANDARD_COST,LIST_PRICE,CATEGORY_ID) values (126,'G.Skill Ripjaws V Series','Speed:DDR4-3200,Type:288-pin DIMM,CAS:16Module:8x8GBSize:64GB',510.93,640.99,5);
Insert into AFRICA.PRODUCTS (PRODUCT_ID,PRODUCT_NAME,DESCRIPTION,STANDARD_COST,LIST_PRICE,CATEGORY_ID) values (1,'G.Skill Ripjaws V Series','Speed:DDR4-3000,Type:288-pin DIMM,CAS:15Module:8x8GBSize:64GB',450.36,640.99,5);
Insert into AFRICA.PRODUCTS (PRODUCT_ID,PRODUCT_NAME,DESCRIPTION,STANDARD_COST,LIST_PRICE,CATEGORY_ID) values (101,'Kingston HyperX Predator','Speed:DDR4-3000,Type:288-pin DIMM,CAS:15Module:4x16GBSize:64GB',471.78,635.99,5);
Insert into AFRICA.PRODUCTS (PRODUCT_ID,PRODUCT_NAME,DESCRIPTION,STANDARD_COST,LIST_PRICE,CATEGORY_ID) values (190,'Supermicro X10SDV-8C-TLN4F','CPU:Xeon D-1541,Form Factor:Mini ITX,RAM Slots:4,Max RAM:64GB',664.29,948.99,4);
Insert into AFRICA.PRODUCTS (PRODUCT_ID,PRODUCT_NAME,DESCRIPTION,STANDARD_COST,LIST_PRICE,CATEGORY_ID) values (62,'Intel DP35DPM','CPU:LGA775,Form Factor:ATX,RAM Slots:4,Max RAM:8GB',626.22,789.79,4);
Insert into AFRICA.PRODUCTS (PRODUCT_ID,PRODUCT_NAME,DESCRIPTION,STANDARD_COST,LIST_PRICE,CATEGORY_ID) values (189,'Asus X99-E-10G WS','CPU:LGA2011-3,Form Factor:SSI CEB,RAM Slots:8,Max RAM:128GB',582.02,649,4);
Insert into AFRICA.PRODUCTS (PRODUCT_ID,PRODUCT_NAME,DESCRIPTION,STANDARD_COST,LIST_PRICE,CATEGORY_ID) values (191,'Asus ROG MAXIMUS IX EXTREME','CPU:LGA1151,Form Factor:EATX,RAM Slots:4,Max RAM:64GB',480.89,573.99,4);
Insert into AFRICA.PRODUCTS (PRODUCT_ID,PRODUCT_NAME,DESCRIPTION,STANDARD_COST,LIST_PRICE,CATEGORY_ID) values (63,'Asus RAMPAGE V EXTREME','CPU:LGA2011-3,Form Factor:EATX,RAM Slots:8,Max RAM:64GB',459,572.96,4);
Insert into AFRICA.PRODUCTS (PRODUCT_ID,PRODUCT_NAME,DESCRIPTION,STANDARD_COST,LIST_PRICE,CATEGORY_ID) values (193,'Asus Z10PE-D8 WS','CPU:LGA2011-3 x 2,Form Factor:SSI EEB,RAM Slots:8,Max RAM:512GB',504.14,561.59,4);
Insert into AFRICA.PRODUCTS (PRODUCT_ID,PRODUCT_NAME,DESCRIPTION,STANDARD_COST,LIST_PRICE,CATEGORY_ID) values (271,'MSI X99A GODLIKE GAMING CARBON','CPU:LGA2011-3,Form Factor:EATX,RAM Slots:8,Max RAM:128GB',415,549.59,4);
Insert into AFRICA.PRODUCTS (PRODUCT_ID,PRODUCT_NAME,DESCRIPTION,STANDARD_COST,LIST_PRICE,CATEGORY_ID) values (64,'Supermicro H8DG6-F','CPU:G34 x 2,Form Factor:EATX,RAM Slots:16,Max RAM:512GB',416.64,525.99,4);
Insert into AFRICA.PRODUCTS (PRODUCT_ID,PRODUCT_NAME,DESCRIPTION,STANDARD_COST,LIST_PRICE,CATEGORY_ID) values (192,'Asus Rampage V Edition 10','CPU:LGA2011-3,Form Factor:EATX,RAM Slots:8,Max RAM:128GB',452.5,519.99,4);
Insert into AFRICA.PRODUCTS (PRODUCT_ID,PRODUCT_NAME,DESCRIPTION,STANDARD_COST,LIST_PRICE,CATEGORY_ID) values (225,'Gigabyte GA-Z270X-Gaming 9','CPU:LGA1151,Form Factor:EATX,RAM Slots:4,Max RAM:64GB',380.05,503.98,4);
Insert into AFRICA.PRODUCTS (PRODUCT_ID,PRODUCT_NAME,DESCRIPTION,STANDARD_COST,LIST_PRICE,CATEGORY_ID) values (252,'Gigabyte X299 AORUS Gaming 9','CPU:LGA2066,Form Factor:ATX,RAM Slots:8,Max RAM:128GB',395.24,499.99,4);
Insert into AFRICA.PRODUCTS (PRODUCT_ID,PRODUCT_NAME,DESCRIPTION,STANDARD_COST,LIST_PRICE,CATEGORY_ID) values (274,'ASRock E3C224D4M-16RE','CPU:LGA1150,Form Factor:ATX,RAM Slots:4,Max RAM:32GB',364.79,499.99,4);
Insert into AFRICA.PRODUCTS (PRODUCT_ID,PRODUCT_NAME,DESCRIPTION,STANDARD_COST,LIST_PRICE,CATEGORY_ID) values (61,'Asus PRIME X299-DELUXE','CPU:LGA2066,Form Factor:ATX,RAM Slots:8,Max RAM:128GB',409.92,487.3,4);
Insert into AFRICA.PRODUCTS (PRODUCT_ID,PRODUCT_NAME,DESCRIPTION,STANDARD_COST,LIST_PRICE,CATEGORY_ID) values (188,'Asus X99-E WS/USB 3.1','CPU:LGA2011-3,Form Factor:SSI CEB,RAM Slots:8,Max RAM:128GB',428.89,482.49,4);
Insert into AFRICA.PRODUCTS (PRODUCT_ID,PRODUCT_NAME,DESCRIPTION,STANDARD_COST,LIST_PRICE,CATEGORY_ID) values (28,'Supermicro X9SRH-7TF','CPU:LGA2011,Form Factor:ATX,RAM Slots:8,Max RAM:64GB',411.64,479.99,4);
Insert into AFRICA.PRODUCTS (PRODUCT_ID,PRODUCT_NAME,DESCRIPTION,STANDARD_COST,LIST_PRICE,CATEGORY_ID) values (137,'Asus Z10PE-D16 WS','CPU:LGA2011-3 x 2,Form Factor:SSI EEB,RAM Slots:16,Max RAM:1TB',332.52,469.99,4);
Insert into AFRICA.PRODUCTS (PRODUCT_ID,PRODUCT_NAME,DESCRIPTION,STANDARD_COST,LIST_PRICE,CATEGORY_ID) values (32,'ASRock X99 Extreme11','CPU:LGA2011-3,Form Factor:EATX,RAM Slots:8,Max RAM:128GB',380.55,469.99,4);
Insert into AFRICA.PRODUCTS (PRODUCT_ID,PRODUCT_NAME,DESCRIPTION,STANDARD_COST,LIST_PRICE,CATEGORY_ID) values (31,'Supermicro MBD-X10DAX','CPU:LGA2011-3 x 2,Form Factor:EATX,RAM Slots:16,Max RAM:',385.24,443.72,4);
Insert into AFRICA.PRODUCTS (PRODUCT_ID,PRODUCT_NAME,DESCRIPTION,STANDARD_COST,LIST_PRICE,CATEGORY_ID) values (84,'Asus X99-DELUXE/U3.1','CPU:LGA2011-3,Form Factor:ATX,RAM Slots:8,Max RAM:64GB',332.38,440.3,4);
Insert into AFRICA.PRODUCTS (PRODUCT_ID,PRODUCT_NAME,DESCRIPTION,STANDARD_COST,LIST_PRICE,CATEGORY_ID) values (141,'Supermicro X11SSL-CF','CPU:LGA1151,Form Factor:Micro ATX,RAM Slots:4,Max RAM:64GB',317.81,419.99,4);
Insert into AFRICA.PRODUCTS (PRODUCT_ID,PRODUCT_NAME,DESCRIPTION,STANDARD_COST,LIST_PRICE,CATEGORY_ID) values (34,'Asus KGPE-D16','CPU:G34 x 2,Form Factor:SSI EEB,RAM Slots:16,Max RAM:256GB',360.72,417.98,4);
Insert into AFRICA.PRODUCTS (PRODUCT_ID,PRODUCT_NAME,DESCRIPTION,STANDARD_COST,LIST_PRICE,CATEGORY_ID) values (143,'Asus Z10PE-D16','CPU:LGA2011-3 Narrow x 2,Form Factor:SSI EEB,RAM Slots:16,Max RAM:1TB',293.3,402.99,4);
Insert into AFRICA.PRODUCTS (PRODUCT_ID,PRODUCT_NAME,DESCRIPTION,STANDARD_COST,LIST_PRICE,CATEGORY_ID) values (217,'ASRock C2750D4I','CPU:Atom C2750,Form Factor:Mini ITX,RAM Slots:4,Max RAM:64GB',339.55,401.98,4);
Insert into AFRICA.PRODUCTS (PRODUCT_ID,PRODUCT_NAME,DESCRIPTION,STANDARD_COST,LIST_PRICE,CATEGORY_ID) values (66,'Gigabyte X299 AORUS Gaming 7','CPU:LGA2066,Form Factor:ATX,RAM Slots:8,Max RAM:128GB',283.91,399.99,4);
Insert into AFRICA.PRODUCTS (PRODUCT_ID,PRODUCT_NAME,DESCRIPTION,STANDARD_COST,LIST_PRICE,CATEGORY_ID) values (275,'MSI X99A GODLIKE GAMING','CPU:LGA2011-3,Form Factor:EATX,RAM Slots:8,Max RAM:128GB',302.95,399.99,4);
Insert into AFRICA.PRODUCTS (PRODUCT_ID,PRODUCT_NAME,DESCRIPTION,STANDARD_COST,LIST_PRICE,CATEGORY_ID) values (194,'MSI X299 GAMING M7 ACK','CPU:LGA2066,Form Factor:ATX,RAM Slots:8,Max RAM:128GB',278.71,397.42,4);
Insert into AFRICA.PRODUCTS (PRODUCT_ID,PRODUCT_NAME,DESCRIPTION,STANDARD_COST,LIST_PRICE,CATEGORY_ID) values (156,'Supermicro MBD-X10DRI-O','CPU:LGA2011-3 Narrow x 2,Form Factor:EATX,RAM Slots:16,Max RAM:1TB',291.34,394.99,4);
Insert into AFRICA.PRODUCTS (PRODUCT_ID,PRODUCT_NAME,DESCRIPTION,STANDARD_COST,LIST_PRICE,CATEGORY_ID) values (157,'Asus MAXIMUS IX FORMULA','CPU:LGA1151,Form Factor:ATX,RAM Slots:4,Max RAM:64GB',339.12,388.99,4);
Insert into AFRICA.PRODUCTS (PRODUCT_ID,PRODUCT_NAME,DESCRIPTION,STANDARD_COST,LIST_PRICE,CATEGORY_ID) values (170,'Asus X99-DELUXE II','CPU:LGA2011-3,Form Factor:ATX,RAM Slots:8,Max RAM:128GB',289.33,383.98,4);
Insert into AFRICA.PRODUCTS (PRODUCT_ID,PRODUCT_NAME,DESCRIPTION,STANDARD_COST,LIST_PRICE,CATEGORY_ID) values (171,'ASRock Fatal1ty X299 Professional Gaming i9','CPU:LGA2066,Form Factor:ATX,RAM Slots:8,Max RAM:128GB',287.5,382.98,4);
Insert into AFRICA.PRODUCTS (PRODUCT_ID,PRODUCT_NAME,DESCRIPTION,STANDARD_COST,LIST_PRICE,CATEGORY_ID) values (172,'ASRock EP2C612 WS','CPU:LGA2011-3 x 2,Form Factor:SSI EEB,RAM Slots:8,Max RAM:',308.84,358.49,4);
Insert into AFRICA.PRODUCTS (PRODUCT_ID,PRODUCT_NAME,DESCRIPTION,STANDARD_COST,LIST_PRICE,CATEGORY_ID) values (173,'ASRock Z270 SuperCarrier','CPU:LGA1151,Form Factor:ATX,RAM Slots:4,Max RAM:64GB',264.35,353.98,4);
Insert into AFRICA.PRODUCTS (PRODUCT_ID,PRODUCT_NAME,DESCRIPTION,STANDARD_COST,LIST_PRICE,CATEGORY_ID) values (187,'Asus MAXIMUS VIII EXTREME/ASSEMBLY','CPU:LGA1151,Form Factor:EATX,RAM Slots:4,Max RAM:64GB',253.41,353.98,4);
Insert into AFRICA.PRODUCTS (PRODUCT_ID,PRODUCT_NAME,DESCRIPTION,STANDARD_COST,LIST_PRICE,CATEGORY_ID) values (224,'Asus STRIX X299-E GAMING','CPU:LGA2066,Form Factor:ATX,RAM Slots:8,Max RAM:128GB',306,349.99,4);
Insert into AFRICA.PRODUCTS (PRODUCT_ID,PRODUCT_NAME,DESCRIPTION,STANDARD_COST,LIST_PRICE,CATEGORY_ID) values (246,'Gigabyte X299 AORUS Ultra Gaming','CPU:LGA2066,Form Factor:ATX,RAM Slots:8,Max RAM:128GB',287.78,343.99,4);
Insert into AFRICA.PRODUCTS (PRODUCT_ID,PRODUCT_NAME,DESCRIPTION,STANDARD_COST,LIST_PRICE,CATEGORY_ID) values (247,'Asus TUF X299 MARK 1','CPU:LGA2066,Form Factor:ATX,RAM Slots:8,Max RAM:128GB',241.15,339.99,4);
Insert into AFRICA.PRODUCTS (PRODUCT_ID,PRODUCT_NAME,DESCRIPTION,STANDARD_COST,LIST_PRICE,CATEGORY_ID) values (250,'Asus Z170-WS','CPU:LGA1151,Form Factor:ATX,RAM Slots:4,Max RAM:64GB',279.4,338.99,4);
Insert into AFRICA.PRODUCTS (PRODUCT_ID,PRODUCT_NAME,DESCRIPTION,STANDARD_COST,LIST_PRICE,CATEGORY_ID) values (251,'MSI X299 GAMING PRO CARBON AC','CPU:LGA2066,Form Factor:ATX,RAM Slots:8,Max RAM:128GB',238.8,337.81,4);
Insert into AFRICA.PRODUCTS (PRODUCT_ID,PRODUCT_NAME,DESCRIPTION,STANDARD_COST,LIST_PRICE,CATEGORY_ID) values (287,'MSI X99A XPOWER GAMING TITANIUM','CPU:LGA2011-3,Form Factor:EATX,RAM Slots:8,Max RAM:128GB',257.23,329.99,4);
Insert into AFRICA.PRODUCTS (PRODUCT_ID,PRODUCT_NAME,DESCRIPTION,STANDARD_COST,LIST_PRICE,CATEGORY_ID) values (288,'Asus ROG STRIX X99 GAMING','CPU:LGA2011-3,Form Factor:ATX,RAM Slots:8,Max RAM:128GB',255.86,319.99,4);
Insert into AFRICA.PRODUCTS (PRODUCT_ID,PRODUCT_NAME,DESCRIPTION,STANDARD_COST,LIST_PRICE,CATEGORY_ID) values (179,'Asus SABERTOOTH X99','CPU:LGA2011-3,Form Factor:ATX,RAM Slots:8,Max RAM:64GB',252.57,312.67,4);
Insert into AFRICA.PRODUCTS (PRODUCT_ID,PRODUCT_NAME,DESCRIPTION,STANDARD_COST,LIST_PRICE,CATEGORY_ID) values (226,'Asus PRIME X299-A','CPU:LGA2066,Form Factor:ATX,RAM Slots:8,Max RAM:128GB',274.56,309.85,4);
Insert into AFRICA.PRODUCTS (PRODUCT_ID,PRODUCT_NAME,DESCRIPTION,STANDARD_COST,LIST_PRICE,CATEGORY_ID) values (227,'Gigabyte GA-X99-UD5 WIFI','CPU:LGA2011-3,Form Factor:EATX,RAM Slots:8,Max RAM:64GB',217.83,305,4);
Insert into AFRICA.PRODUCTS (PRODUCT_ID,PRODUCT_NAME,DESCRIPTION,STANDARD_COST,LIST_PRICE,CATEGORY_ID) values (39,'ASRock EP2C602-4L/D16','CPU:LGA2011 x 2,Form Factor:SSI EEB,RAM Slots:16,Max RAM:512GB',225.47,301.99,4);
Insert into AFRICA.PRODUCTS (PRODUCT_ID,PRODUCT_NAME,DESCRIPTION,STANDARD_COST,LIST_PRICE,CATEGORY_ID) values (40,'MSI Z170A KRAIT GAMING 3X','CPU:LGA1151,Form Factor:ATX,RAM Slots:4,Max RAM:64GB',245.4,299.89,4);
Insert into AFRICA.PRODUCTS (PRODUCT_ID,PRODUCT_NAME,DESCRIPTION,STANDARD_COST,LIST_PRICE,CATEGORY_ID) values (41,'MSI Z170 Krait Gaming','CPU:LGA1151,Form Factor:ATX,RAM Slots:4,Max RAM:64GB',231.58,299.89,4);
Insert into AFRICA.PRODUCTS (PRODUCT_ID,PRODUCT_NAME,DESCRIPTION,STANDARD_COST,LIST_PRICE,CATEGORY_ID) values (42,'MSI Z170A KRAIT GAMING','CPU:LGA1151,Form Factor:ATX,RAM Slots:4,Max RAM:64GB',262.4,299.89,4);
Insert into AFRICA.PRODUCTS (PRODUCT_ID,PRODUCT_NAME,DESCRIPTION,STANDARD_COST,LIST_PRICE,CATEGORY_ID) values (43,'Asus MAXIMUS IX CODE','CPU:LGA1151,Form Factor:ATX,RAM Slots:4,Max RAM:64GB',266.15,298.98,4);
Insert into AFRICA.PRODUCTS (PRODUCT_ID,PRODUCT_NAME,DESCRIPTION,STANDARD_COST,LIST_PRICE,CATEGORY_ID) values (134,'Asus Sabertooth 990FX','CPU:AM3+,Form Factor:ATX,RAM Slots:4,Max RAM:32GB',252.31,295.72,4);
Insert into AFRICA.PRODUCTS (PRODUCT_ID,PRODUCT_NAME,DESCRIPTION,STANDARD_COST,LIST_PRICE,CATEGORY_ID) values (140,'MSI X99A WORKSTATION','CPU:LGA2011-3,Form Factor:ATX,RAM Slots:8,Max RAM:128GB',239.95,289.97,4);
Insert into AFRICA.PRODUCTS (PRODUCT_ID,PRODUCT_NAME,DESCRIPTION,STANDARD_COST,LIST_PRICE,CATEGORY_ID) values (144,'Intel DG43RK','CPU:LGA775,Form Factor:Micro ATX,RAM Slots:4,Max RAM:8GB',219.69,289.79,4);
Insert into AFRICA.PRODUCTS (PRODUCT_ID,PRODUCT_NAME,DESCRIPTION,STANDARD_COST,LIST_PRICE,CATEGORY_ID) values (145,'Asus VANGUARD B85','CPU:LGA1150,Form Factor:Micro ATX,RAM Slots:4,Max RAM:32GB',258.1,287,4);
Insert into AFRICA.PRODUCTS (PRODUCT_ID,PRODUCT_NAME,DESCRIPTION,STANDARD_COST,LIST_PRICE,CATEGORY_ID) values (146,'EVGA Z270 Classified K','CPU:LGA1151,Form Factor:EATX,RAM Slots:4,Max RAM:64GB',234.26,283.98,4);
Insert into AFRICA.PRODUCTS (PRODUCT_ID,PRODUCT_NAME,DESCRIPTION,STANDARD_COST,LIST_PRICE,CATEGORY_ID) values (147,'EVGA Classified','CPU:LGA2011-3,Form Factor:EATX,RAM Slots:8,Max RAM:128GB',240.62,283.98,4);
Insert into AFRICA.PRODUCTS (PRODUCT_ID,PRODUCT_NAME,DESCRIPTION,STANDARD_COST,LIST_PRICE,CATEGORY_ID) values (148,'MSI Z270 XPOWER GAMING TITANIUM','CPU:LGA1151,Form Factor:ATX,RAM Slots:4,Max RAM:64GB',212.69,282.98,4);
Insert into AFRICA.PRODUCTS (PRODUCT_ID,PRODUCT_NAME,DESCRIPTION,STANDARD_COST,LIST_PRICE,CATEGORY_ID) values (149,'ASRock X299 Taichi','CPU:LGA2066,Form Factor:ATX,RAM Slots:8,Max RAM:128GB',214.36,282.98,4);
Insert into AFRICA.PRODUCTS (PRODUCT_ID,PRODUCT_NAME,DESCRIPTION,STANDARD_COST,LIST_PRICE,CATEGORY_ID) values (150,'MSI X299 TOMAHAWK ARCTIC','CPU:LGA2066,Form Factor:ATX,RAM Slots:8,Max RAM:128GB',223.92,281.98,4);
Insert into AFRICA.PRODUCTS (PRODUCT_ID,PRODUCT_NAME,DESCRIPTION,STANDARD_COST,LIST_PRICE,CATEGORY_ID) values (151,'Supermicro X10SAT-O','CPU:LGA1150,Form Factor:ATX,RAM Slots:4,Max RAM:32GB',207.08,281.97,4);
Insert into AFRICA.PRODUCTS (PRODUCT_ID,PRODUCT_NAME,DESCRIPTION,STANDARD_COST,LIST_PRICE,CATEGORY_ID) values (152,'Gigabyte X299 AORUS Gaming 3','CPU:LGA2066,Form Factor:ATX,RAM Slots:8,Max RAM:128GB',227.48,280.98,4);
Insert into AFRICA.PRODUCTS (PRODUCT_ID,PRODUCT_NAME,DESCRIPTION,STANDARD_COST,LIST_PRICE,CATEGORY_ID) values (180,'Supermicro MBD-X10DAL-I-O','CPU:LGA2011-3 x 2,Form Factor:ATX,RAM Slots:8,Max RAM:512GB',239.28,279.99,4);
Insert into AFRICA.PRODUCTS (PRODUCT_ID,PRODUCT_NAME,DESCRIPTION,STANDARD_COST,LIST_PRICE,CATEGORY_ID) values (268,'Western Digital WD10EZEX','Series:Caviar Blue,Type:7200RPM,Capacity:1TB,Cache:64MB',35.83,47.88,5);
Insert into AFRICA.PRODUCTS (PRODUCT_ID,PRODUCT_NAME,DESCRIPTION,STANDARD_COST,LIST_PRICE,CATEGORY_ID) values (24,'Seagate ST2000DM006','Series:Barracuda,Type:7200RPM,Capacity:2TB,Cache:64MB',47.93,66.89,5);
Insert into AFRICA.PRODUCTS (PRODUCT_ID,PRODUCT_NAME,DESCRIPTION,STANDARD_COST,LIST_PRICE,CATEGORY_ID) values (25,'Samsung MZ-75E250B/AM','Series:850 EVO-Series,Type:SSD,Capacity:250GB,Cache:N/A',87.98,104.88,5);
Insert into AFRICA.PRODUCTS (PRODUCT_ID,PRODUCT_NAME,DESCRIPTION,STANDARD_COST,LIST_PRICE,CATEGORY_ID) values (26,'Samsung MZ-75E500B/AM','Series:850 EVO-Series,Type:SSD,Capacity:500GB,Cache:N/A',157.81,178.09,5);
Insert into AFRICA.PRODUCTS (PRODUCT_ID,PRODUCT_NAME,DESCRIPTION,STANDARD_COST,LIST_PRICE,CATEGORY_ID) values (104,'SanDisk SDSSDA-240G-G26','Series:SSD PLUS,Type:SSD,Capacity:240GB,Cache:N/A',61.1,83.88,5);
Insert into AFRICA.PRODUCTS (PRODUCT_ID,PRODUCT_NAME,DESCRIPTION,STANDARD_COST,LIST_PRICE,CATEGORY_ID) values (135,'Samsung MZ-V6E250','Series:960 EVO,Type:SSD,Capacity:250GB,Cache:512MB',92.98,127.88,5);
Insert into AFRICA.PRODUCTS (PRODUCT_ID,PRODUCT_NAME,DESCRIPTION,STANDARD_COST,LIST_PRICE,CATEGORY_ID) values (284,'Kingston SA400S37/120G','Series:A400,Type:SSD,Capacity:120GB,Cache:N/A',40.63,54.99,5);
Insert into AFRICA.PRODUCTS (PRODUCT_ID,PRODUCT_NAME,DESCRIPTION,STANDARD_COST,LIST_PRICE,CATEGORY_ID) values (285,'Samsung MZ-75E1T0B/AM','Series:850 EVO-Series,Type:SSD,Capacity:1TB,Cache:N/A',260.23,339.99,5);
Insert into AFRICA.PRODUCTS (PRODUCT_ID,PRODUCT_NAME,DESCRIPTION,STANDARD_COST,LIST_PRICE,CATEGORY_ID) values (286,'Samsung MZ-V6E500','Series:960 EVO,Type:SSD,Capacity:500GB,Cache:512MB',209.62,234,5);
Insert into AFRICA.PRODUCTS (PRODUCT_ID,PRODUCT_NAME,DESCRIPTION,STANDARD_COST,LIST_PRICE,CATEGORY_ID) values (22,'Seagate ST3000DM008','Series:Barracuda,Type:7200RPM,Capacity:3TB,Cache:64MB',61.63,83.61,5);
Insert into AFRICA.PRODUCTS (PRODUCT_ID,PRODUCT_NAME,DESCRIPTION,STANDARD_COST,LIST_PRICE,CATEGORY_ID) values (23,'Western Digital WDS250G1B0A','Series:Blue,Type:SSD,Capacity:250GB,Cache:N/A',72.54,89.89,5);
Insert into AFRICA.PRODUCTS (PRODUCT_ID,PRODUCT_NAME,DESCRIPTION,STANDARD_COST,LIST_PRICE,CATEGORY_ID) values (33,'ADATA ASU800SS-128GT-C','Series:Ultimate SU800,Type:SSD,Capacity:128GB,Cache:N/A',37.78,52.65,5);
Insert into AFRICA.PRODUCTS (PRODUCT_ID,PRODUCT_NAME,DESCRIPTION,STANDARD_COST,LIST_PRICE,CATEGORY_ID) values (44,'Seagate ST1000DM010','Series:BarraCuda,Type:7200RPM,Capacity:1TB,Cache:64MB',42.18,49.37,5);
Insert into AFRICA.PRODUCTS (PRODUCT_ID,PRODUCT_NAME,DESCRIPTION,STANDARD_COST,LIST_PRICE,CATEGORY_ID) values (49,'Samsung MZ-75E4T0B','Series:850 EVO,Type:SSD,Capacity:4TB,Cache:4GB',1153.64,1499.99,5);
Insert into AFRICA.PRODUCTS (PRODUCT_ID,PRODUCT_NAME,DESCRIPTION,STANDARD_COST,LIST_PRICE,CATEGORY_ID) values (50,'Intel SSDPECME040T401','Series:DC P3608,Type:SSD,Capacity:4TB,Cache:N/A',7123.66,8867.99,5);
Insert into AFRICA.PRODUCTS (PRODUCT_ID,PRODUCT_NAME,DESCRIPTION,STANDARD_COST,LIST_PRICE,CATEGORY_ID) values (130,'Western Digital WD2003FZEX','Series:BLACK SERIES,Type:7200RPM,Capacity:2TB,Cache:64MB',91.76,117.45,5);
Insert into AFRICA.PRODUCTS (PRODUCT_ID,PRODUCT_NAME,DESCRIPTION,STANDARD_COST,LIST_PRICE,CATEGORY_ID) values (131,'Samsung MZ-V6P512BW','Series:960 PRO,Type:SSD,Capacity:512GB,Cache:512MB',223.99,279.99,5);
Insert into AFRICA.PRODUCTS (PRODUCT_ID,PRODUCT_NAME,DESCRIPTION,STANDARD_COST,LIST_PRICE,CATEGORY_ID) values (139,'Hitachi HUS724030ALE641','Series:Ultrastar 7K4000,Type:7200RPM,Capacity:3TB,Cache:64MB',54.03,65.92,5);
Insert into AFRICA.PRODUCTS (PRODUCT_ID,PRODUCT_NAME,DESCRIPTION,STANDARD_COST,LIST_PRICE,CATEGORY_ID) values (208,'Samsung MZ-V6P2T0BW','Series:960 Pro,Type:SSD,Capacity:2TB,Cache:2GB',840.11,1199.99,5);
Insert into AFRICA.PRODUCTS (PRODUCT_ID,PRODUCT_NAME,DESCRIPTION,STANDARD_COST,LIST_PRICE,CATEGORY_ID) values (229,'Seagate ST10000DM0004','Series:BarraCuda Pro,Type:7200RPM,Capacity:10TB,Cache:256MB',284.23,399.99,5);
Insert into AFRICA.PRODUCTS (PRODUCT_ID,PRODUCT_NAME,DESCRIPTION,STANDARD_COST,LIST_PRICE,CATEGORY_ID) values (230,'ADATA ASU800SS-512GT-C','Series:Ultimate SU800,Type:SSD,Capacity:512GB,Cache:N/A',113.29,136.69,5);
Insert into AFRICA.PRODUCTS (PRODUCT_ID,PRODUCT_NAME,DESCRIPTION,STANDARD_COST,LIST_PRICE,CATEGORY_ID) values (231,'Samsung MZ-V6E1T0','Series:960 EVO,Type:SSD,Capacity:1TB,Cache:1000MB',358.06,449.99,5);
Insert into AFRICA.PRODUCTS (PRODUCT_ID,PRODUCT_NAME,DESCRIPTION,STANDARD_COST,LIST_PRICE,CATEGORY_ID) values (232,'Western Digital WD1003FZEX','Series:BLACK SERIES,Type:7200RPM,Capacity:1TB,Cache:64MB',61.76,70.89,5);
Insert into AFRICA.PRODUCTS (PRODUCT_ID,PRODUCT_NAME,DESCRIPTION,STANDARD_COST,LIST_PRICE,CATEGORY_ID) values (233,'SanDisk SDSSDA-120G-G26','Series:SSD PLUS,Type:SSD,Capacity:120GB,Cache:N/A',52.7,59.99,5);
Insert into AFRICA.PRODUCTS (PRODUCT_ID,PRODUCT_NAME,DESCRIPTION,STANDARD_COST,LIST_PRICE,CATEGORY_ID) values (234,'Crucial CT525MX300SSD1','Series:MX300,Type:SSD,Capacity:525GB,Cache:N/A',135.59,150.99,5);
Insert into AFRICA.PRODUCTS (PRODUCT_ID,PRODUCT_NAME,DESCRIPTION,STANDARD_COST,LIST_PRICE,CATEGORY_ID) values (235,'Hitachi A7K1000-1000','Series:Ultrastar,Type:7200RPM,Capacity:1TB,Cache:32MB',29.94,41.99,5);
Insert into AFRICA.PRODUCTS (PRODUCT_ID,PRODUCT_NAME,DESCRIPTION,STANDARD_COST,LIST_PRICE,CATEGORY_ID) values (253,'Samsung MZ-V6P1T0BW','Series:960 Pro,Type:SSD,Capacity:1TB,Cache:1GB',466.49,579.99,5);
Insert into AFRICA.PRODUCTS (PRODUCT_ID,PRODUCT_NAME,DESCRIPTION,STANDARD_COST,LIST_PRICE,CATEGORY_ID) values (254,'Samsung MZ-7KE256BW','Series:850 Pro Series,Type:SSD,Capacity:256GB,Cache:N/A',97.19,119.99,5);
Insert into AFRICA.PRODUCTS (PRODUCT_ID,PRODUCT_NAME,DESCRIPTION,STANDARD_COST,LIST_PRICE,CATEGORY_ID) values (255,'Seagate ST2000DX002','Series:FireCuda,Type:Hybrid,Capacity:2TB,Cache:64MB',64.48,90.99,5);
Insert into AFRICA.PRODUCTS (PRODUCT_ID,PRODUCT_NAME,DESCRIPTION,STANDARD_COST,LIST_PRICE,CATEGORY_ID) values (256,'Western Digital WD5000AACS','Series:Caviar Green,Type:5400RPM,Capacity:500GB,Cache:16MB',20.14,26.99,5);
Insert into AFRICA.PRODUCTS (PRODUCT_ID,PRODUCT_NAME,DESCRIPTION,STANDARD_COST,LIST_PRICE,CATEGORY_ID) values (257,'SanDisk SDSSDHII-240G-G25','Series:Ultra II,Type:SSD,Capacity:240GB,Cache:N/A',73.39,84.95,5);
Insert into AFRICA.PRODUCTS (PRODUCT_ID,PRODUCT_NAME,DESCRIPTION,STANDARD_COST,LIST_PRICE,CATEGORY_ID) values (258,'PNY SSD7CS1311-120-RB','Series:CS1311,Type:SSD,Capacity:120GB,Cache:N/A',50.59,57.98,5);
Insert into AFRICA.PRODUCTS (PRODUCT_ID,PRODUCT_NAME,DESCRIPTION,STANDARD_COST,LIST_PRICE,CATEGORY_ID) values (259,'PNY SSD9SC240GMDA-RB','Series:XLR8,Type:SSD,Capacity:240GB,Cache:N/A',58.4,80.72,5);
Insert into AFRICA.PRODUCTS (PRODUCT_ID,PRODUCT_NAME,DESCRIPTION,STANDARD_COST,LIST_PRICE,CATEGORY_ID) values (260,'Crucial CT1050MX300SSD1','Series:MX300,Type:SSD,Capacity:1.1TB,Cache:N/A',192.52,267.99,5);
Insert into AFRICA.PRODUCTS (PRODUCT_ID,PRODUCT_NAME,DESCRIPTION,STANDARD_COST,LIST_PRICE,CATEGORY_ID) values (263,'Western Digital WDS250G1B0B','Series:Blue,Type:SSD,Capacity:250GB,Cache:N/A',70.71,89.99,5);
Insert into AFRICA.PRODUCTS (PRODUCT_ID,PRODUCT_NAME,DESCRIPTION,STANDARD_COST,LIST_PRICE,CATEGORY_ID) values (264,'Samsung MZ-75E120B/AM','Series:850 EVO-Series,Type:SSD,Capacity:120GB,Cache:N/A',74.41,88.99,5);
Insert into AFRICA.PRODUCTS (PRODUCT_ID,PRODUCT_NAME,DESCRIPTION,STANDARD_COST,LIST_PRICE,CATEGORY_ID) values (280,'Western Digital WDS500G1B0B','Series:Blue,Type:SSD,Capacity:500GB,Cache:N/A',106.89,149.88,5);
Insert into AFRICA.PRODUCTS (PRODUCT_ID,PRODUCT_NAME,DESCRIPTION,STANDARD_COST,LIST_PRICE,CATEGORY_ID) values (60,'Hitachi HUA723020ALA640','Series:Ultrastar 7K3000,Type:7200RPM,Capacity:2TB,Cache:64MB',45.18,59.99,5);
Insert into AFRICA.PRODUCTS (PRODUCT_ID,PRODUCT_NAME,DESCRIPTION,STANDARD_COST,LIST_PRICE,CATEGORY_ID) values (94,'Western Digital WD2500AVVS','Series:AV-GP,Type:5400RPM,Capacity:250GB,Cache:8MB',12.63,15.55,5);
Insert into AFRICA.PRODUCTS (PRODUCT_ID,PRODUCT_NAME,DESCRIPTION,STANDARD_COST,LIST_PRICE,CATEGORY_ID) values (99,'Seagate ST1000DX002','Series:FireCuda,Type:Hybrid,Capacity:1TB,Cache:64MB',55.41,68.06,5);
Insert into AFRICA.PRODUCTS (PRODUCT_ID,PRODUCT_NAME,DESCRIPTION,STANDARD_COST,LIST_PRICE,CATEGORY_ID) values (100,'Crucial CT275MX300SSD1','Series:MX300,Type:SSD,Capacity:275GB,Cache:N/A',79.21,97.88,5);
Insert into AFRICA.PRODUCTS (PRODUCT_ID,PRODUCT_NAME,DESCRIPTION,STANDARD_COST,LIST_PRICE,CATEGORY_ID) values (168,'Seagate ST31000340NS - FFP','Series:Barracuda ES,Type:7200RPM,Capacity:1TB,Cache:32MB',34.4,43.99,5);
Insert into AFRICA.PRODUCTS (PRODUCT_ID,PRODUCT_NAME,DESCRIPTION,STANDARD_COST,LIST_PRICE,CATEGORY_ID) values (273,'Western Digital WD101KRYZ','Series:Gold,Type:7200RPM,Capacity:10TB,Cache:256MB',313.96,443.64,5);
Insert into AFRICA.PRODUCTS (PRODUCT_ID,PRODUCT_NAME,DESCRIPTION,STANDARD_COST,LIST_PRICE,CATEGORY_ID) values (55,'Crucial CT525MX300SSD4','Series:MX300,Type:SSD,Capacity:525GB,Cache:N/A',121.92,150.99,5);
Insert into AFRICA.PRODUCTS (PRODUCT_ID,PRODUCT_NAME,DESCRIPTION,STANDARD_COST,LIST_PRICE,CATEGORY_ID) values (56,'Western Digital WD2500AAJS','Series:Caviar Blue,Type:7200RPM,Capacity:250GB,Cache:8MB',15.23,16.99,5);
Insert into AFRICA.PRODUCTS (PRODUCT_ID,PRODUCT_NAME,DESCRIPTION,STANDARD_COST,LIST_PRICE,CATEGORY_ID) values (57,'Western Digital WD20EZRZ','Series:Blue,Type:5400RPM,Capacity:2TB,Cache:64MB',58.01,67.34,5);
Insert into AFRICA.PRODUCTS (PRODUCT_ID,PRODUCT_NAME,DESCRIPTION,STANDARD_COST,LIST_PRICE,CATEGORY_ID) values (95,'Western Digital WDS256G1X0C','Series:Black PCIe,Type:SSD,Capacity:256GB,Cache:N/A',85.87,109.99,5);
Insert into AFRICA.PRODUCTS (PRODUCT_ID,PRODUCT_NAME,DESCRIPTION,STANDARD_COST,LIST_PRICE,CATEGORY_ID) values (96,'SanDisk SDSSDHII-480G-G25','Series:Ultra II,Type:SSD,Capacity:480GB,Cache:N/A',102.62,141.56,5);
Insert into AFRICA.PRODUCTS (PRODUCT_ID,PRODUCT_NAME,DESCRIPTION,STANDARD_COST,LIST_PRICE,CATEGORY_ID) values (97,'Kingston SV300S37A/120G','Series:SSDNow V300 Series,Type:SSD,Capacity:120GB,Cache:N/A',45.93,59.87,5);
Insert into AFRICA.PRODUCTS (PRODUCT_ID,PRODUCT_NAME,DESCRIPTION,STANDARD_COST,LIST_PRICE,CATEGORY_ID) values (228,'Intel Xeon E5-2699 V3 (OEM/Tray)','Speed:2.3GHz,Cores:18,TDP:145W',2867.51,3410.46,1);
Insert into AFRICA.PRODUCTS (PRODUCT_ID,PRODUCT_NAME,DESCRIPTION,STANDARD_COST,LIST_PRICE,CATEGORY_ID) values (248,'Intel Xeon E5-2697 V3','Speed:2.6GHz,Cores:14,TDP:145W',2326.27,2774.98,1);
Insert into AFRICA.PRODUCTS (PRODUCT_ID,PRODUCT_NAME,DESCRIPTION,STANDARD_COST,LIST_PRICE,CATEGORY_ID) values (249,'Intel Xeon E5-2698 V3 (OEM/Tray)','Speed:2.3GHz,Cores:16,TDP:135W',2035.18,2660.72,1);
Insert into AFRICA.PRODUCTS (PRODUCT_ID,PRODUCT_NAME,DESCRIPTION,STANDARD_COST,LIST_PRICE,CATEGORY_ID) values (2,'Intel Xeon E5-2697 V4','Speed:2.3GHz,Cores:18,TDP:145W',2144.4,2554.99,1);
Insert into AFRICA.PRODUCTS (PRODUCT_ID,PRODUCT_NAME,DESCRIPTION,STANDARD_COST,LIST_PRICE,CATEGORY_ID) values (45,'Intel Xeon E5-2685 V3 (OEM/Tray)','Speed:2.6GHz,Cores:12,TDP:120W',2012.11,2501.69,1);
Insert into AFRICA.PRODUCTS (PRODUCT_ID,PRODUCT_NAME,DESCRIPTION,STANDARD_COST,LIST_PRICE,CATEGORY_ID) values (46,'Intel Xeon E5-2695 V3 (OEM/Tray)','Speed:2.3GHz,Cores:14,TDP:120W',1925.13,2431.95,1);
Insert into AFRICA.PRODUCTS (PRODUCT_ID,PRODUCT_NAME,DESCRIPTION,STANDARD_COST,LIST_PRICE,CATEGORY_ID) values (47,'Intel Xeon E5-2697 V2','Speed:2.7GHz,Cores:12,TDP:130W',2101.59,2377.09,1);
Insert into AFRICA.PRODUCTS (PRODUCT_ID,PRODUCT_NAME,DESCRIPTION,STANDARD_COST,LIST_PRICE,CATEGORY_ID) values (51,'Intel Xeon E5-2695 V4','Speed:2.1GHz,Cores:18,TDP:120W',1780.35,2269.99,1);
Insert into AFRICA.PRODUCTS (PRODUCT_ID,PRODUCT_NAME,DESCRIPTION,STANDARD_COST,LIST_PRICE,CATEGORY_ID) values (91,'Intel Xeon E5-2695 V2','Speed:2.4GHz,Cores:12,TDP:115W',1793.53,2259.99,1);
Insert into AFRICA.PRODUCTS (PRODUCT_ID,PRODUCT_NAME,DESCRIPTION,STANDARD_COST,LIST_PRICE,CATEGORY_ID) values (92,'Intel Xeon E5-2643 V2 (OEM/Tray)','Speed:3.5GHz,Cores:6,TDP:130W',1940.18,2200,1);
Insert into AFRICA.PRODUCTS (PRODUCT_ID,PRODUCT_NAME,DESCRIPTION,STANDARD_COST,LIST_PRICE,CATEGORY_ID) values (93,'Intel Xeon E5-2690 (OEM/Tray)','Speed:2.9GHz,Cores:8,TDP:135W',1888.33,2116.72,1);
Insert into AFRICA.PRODUCTS (PRODUCT_ID,PRODUCT_NAME,DESCRIPTION,STANDARD_COST,LIST_PRICE,CATEGORY_ID) values (98,'Intel Xeon E5-2687W V3','Speed:3.1GHz,Cores:10,TDP:160W',1781.47,2064.99,1);
Insert into AFRICA.PRODUCTS (PRODUCT_ID,PRODUCT_NAME,DESCRIPTION,STANDARD_COST,LIST_PRICE,CATEGORY_ID) values (102,'Intel Xeon E5-2687W V4','Speed:3.0GHz,Cores:12,TDP:160W',1723.83,2042.69,1);
Insert into AFRICA.PRODUCTS (PRODUCT_ID,PRODUCT_NAME,DESCRIPTION,STANDARD_COST,LIST_PRICE,CATEGORY_ID) values (158,'Intel Xeon E5-2667 V3 (OEM/Tray)','Speed:3.2GHz,Cores:8,TDP:135W',1504.08,2009.46,1);
Insert into AFRICA.PRODUCTS (PRODUCT_ID,PRODUCT_NAME,DESCRIPTION,STANDARD_COST,LIST_PRICE,CATEGORY_ID) values (159,'Intel Xeon E5-2690 V4','Speed:2.6GHz,Cores:14,TDP:135W',1499.26,1994.49,1);
Insert into AFRICA.PRODUCTS (PRODUCT_ID,PRODUCT_NAME,DESCRIPTION,STANDARD_COST,LIST_PRICE,CATEGORY_ID) values (160,'Intel Xeon E5-2690 V3','Speed:2.6GHz,Cores:12,TDP:135W',1540.35,1908.73,1);
Insert into AFRICA.PRODUCTS (PRODUCT_ID,PRODUCT_NAME,DESCRIPTION,STANDARD_COST,LIST_PRICE,CATEGORY_ID) values (162,'Intel Xeon E5-2470V2','Speed:2.4GHz,Cores:10,TDP:95W',1671.95,1904.7,1);
Insert into AFRICA.PRODUCTS (PRODUCT_ID,PRODUCT_NAME,DESCRIPTION,STANDARD_COST,LIST_PRICE,CATEGORY_ID) values (163,'Intel Xeon E5-2683 V4','Speed:2.1GHz,Cores:16,TDP:120W',1706.95,1899.99,1);
Insert into AFRICA.PRODUCTS (PRODUCT_ID,PRODUCT_NAME,DESCRIPTION,STANDARD_COST,LIST_PRICE,CATEGORY_ID) values (164,'Intel Xeon E5-2637 V2 (OEM/Tray)','Speed:3.5GHz,Cores:4,TDP:130W',1323.12,1850,1);
Insert into AFRICA.PRODUCTS (PRODUCT_ID,PRODUCT_NAME,DESCRIPTION,STANDARD_COST,LIST_PRICE,CATEGORY_ID) values (169,'Intel Xeon E5-2683 V4 (OEM/Tray)','Speed:2.1GHz,Cores:16,TDP:120W',1369.83,1844.89,1);
Insert into AFRICA.PRODUCTS (PRODUCT_ID,PRODUCT_NAME,DESCRIPTION,STANDARD_COST,LIST_PRICE,CATEGORY_ID) values (240,'Intel Core i7-4960X Extreme Edition','Speed:3.6GHz,Cores:6,TDP:130W',1496.43,1805.97,1);
Insert into AFRICA.PRODUCTS (PRODUCT_ID,PRODUCT_NAME,DESCRIPTION,STANDARD_COST,LIST_PRICE,CATEGORY_ID) values (241,'Intel Xeon E5-2699 V4 (OEM/Tray)','Speed:2.2GHz,Cores:22,TDP:145W',1535.62,1756,1);
Insert into AFRICA.PRODUCTS (PRODUCT_ID,PRODUCT_NAME,DESCRIPTION,STANDARD_COST,LIST_PRICE,CATEGORY_ID) values (242,'Intel Xeon E5-1680 V3 (OEM/Tray)','Speed:3.2GHz,Cores:8,TDP:140W',1519.85,1751.99,1);
Insert into AFRICA.PRODUCTS (PRODUCT_ID,PRODUCT_NAME,DESCRIPTION,STANDARD_COST,LIST_PRICE,CATEGORY_ID) values (243,'Intel Xeon E5-2643 V4 (OEM/Tray)','Speed:3.4GHz,Cores:6,TDP:135W',1225.59,1708.86,1);
Insert into AFRICA.PRODUCTS (PRODUCT_ID,PRODUCT_NAME,DESCRIPTION,STANDARD_COST,LIST_PRICE,CATEGORY_ID) values (19,'Intel Core i7-6950X (OEM/Tray)','Speed:3.0GHz,Cores:10,TDP:140W',1479.56,1704.37,1);
Insert into AFRICA.PRODUCTS (PRODUCT_ID,PRODUCT_NAME,DESCRIPTION,STANDARD_COST,LIST_PRICE,CATEGORY_ID) values (52,'Intel Xeon E5-2670 V3','Speed:2.3GHz,Cores:12,TDP:120W',1453.94,1676.98,1);
Insert into AFRICA.PRODUCTS (PRODUCT_ID,PRODUCT_NAME,DESCRIPTION,STANDARD_COST,LIST_PRICE,CATEGORY_ID) values (165,'Intel Xeon E5-2680','Speed:2.7GHz,Cores:8,TDP:130W',1479.95,1666.61,1);
Insert into AFRICA.PRODUCTS (PRODUCT_ID,PRODUCT_NAME,DESCRIPTION,STANDARD_COST,LIST_PRICE,CATEGORY_ID) values (212,'Intel Xeon E5-2680 V4','Speed:2.4GHz,Cores:14,TDP:120W',1365.13,1639.99,1);
Insert into AFRICA.PRODUCTS (PRODUCT_ID,PRODUCT_NAME,DESCRIPTION,STANDARD_COST,LIST_PRICE,CATEGORY_ID) values (166,'Intel Xeon E5-2680 V3 (OEM/Tray)','Speed:2.5GHz,Cores:12,TDP:120W',1166.89,1638.89,1);
Insert into AFRICA.PRODUCTS (PRODUCT_ID,PRODUCT_NAME,DESCRIPTION,STANDARD_COST,LIST_PRICE,CATEGORY_ID) values (82,'Intel Core i7-6950X','Speed:3.0GHz,Cores:10,TDP:140W',1052.92,1499.89,1);
Insert into AFRICA.PRODUCTS (PRODUCT_ID,PRODUCT_NAME,DESCRIPTION,STANDARD_COST,LIST_PRICE,CATEGORY_ID) values (213,'Intel Xeon E5-2643 V3 (OEM/Tray)','Speed:3.4GHz,Cores:6,TDP:135W',1266.37,1469.96,1);
Insert into AFRICA.PRODUCTS (PRODUCT_ID,PRODUCT_NAME,DESCRIPTION,STANDARD_COST,LIST_PRICE,CATEGORY_ID) values (218,'Intel Xeon E5-2660 V4','Speed:2.0GHz,Cores:14,TDP:105W',1194.03,1388.89,1);
Insert into AFRICA.PRODUCTS (PRODUCT_ID,PRODUCT_NAME,DESCRIPTION,STANDARD_COST,LIST_PRICE,CATEGORY_ID) values (219,'Intel Xeon E5-2660 V3','Speed:2.6GHz,Cores:10,TDP:105W',1041.99,1299.73,1);
Insert into AFRICA.PRODUCTS (PRODUCT_ID,PRODUCT_NAME,DESCRIPTION,STANDARD_COST,LIST_PRICE,CATEGORY_ID) values (85,'Intel Xeon E5-2660 V3 (OEM/Tray)','Speed:2.6GHz,Cores:10,TDP:105W',902.18,1274.99,1);
Insert into AFRICA.PRODUCTS (PRODUCT_ID,PRODUCT_NAME,DESCRIPTION,STANDARD_COST,LIST_PRICE,CATEGORY_ID) values (153,'Intel Xeon E5-2650 V2','Speed:2.6GHz,Cores:8,TDP:95W',961.11,1249,1);
Insert into AFRICA.PRODUCTS (PRODUCT_ID,PRODUCT_NAME,DESCRIPTION,STANDARD_COST,LIST_PRICE,CATEGORY_ID) values (154,'Intel Xeon E5-2650 V3','Speed:2.3GHz,Cores:10,TDP:105W',906.63,1204.98,1);
Insert into AFRICA.PRODUCTS (PRODUCT_ID,PRODUCT_NAME,DESCRIPTION,STANDARD_COST,LIST_PRICE,CATEGORY_ID) values (209,'Intel Core i7-990X Extreme Edition','Speed:3.47GHz,Cores:6,TDP:130W',1072.79,1199.99,1);
Insert into AFRICA.PRODUCTS (PRODUCT_ID,PRODUCT_NAME,DESCRIPTION,STANDARD_COST,LIST_PRICE,CATEGORY_ID) values (81,'Intel Xeon E5-2650 V4','Speed:2.2GHz,Cores:12,TDP:105W',945.11,1099.99,1);
Insert into AFRICA.PRODUCTS (PRODUCT_ID,PRODUCT_NAME,DESCRIPTION,STANDARD_COST,LIST_PRICE,CATEGORY_ID) values (211,'Intel Xeon E5-2650','Speed:2.0GHz,Cores:8,TDP:95W',869.03,1064.99,1);
Insert into AFRICA.PRODUCTS (PRODUCT_ID,PRODUCT_NAME,DESCRIPTION,STANDARD_COST,LIST_PRICE,CATEGORY_ID) values (210,'Intel Core i9-7900X','Speed:3.3GHz,Cores:10,TDP:140W',855.82,1029.99,1);
Insert into AFRICA.PRODUCTS (PRODUCT_ID,PRODUCT_NAME,DESCRIPTION,STANDARD_COST,LIST_PRICE,CATEGORY_ID) values (54,'Intel Xeon E5-1660 V3 (OEM/Tray)','Speed:3.0GHz,Cores:8,TDP:140W',914.52,1019.99,1);
Insert into AFRICA.PRODUCTS (PRODUCT_ID,PRODUCT_NAME,DESCRIPTION,STANDARD_COST,LIST_PRICE,CATEGORY_ID) values (167,'Intel Xeon E5-2650L V3 (OEM/Tray)','Speed:1.8GHz,Cores:12,TDP:65W',779.17,1010.46,1);
Insert into AFRICA.PRODUCTS (PRODUCT_ID,PRODUCT_NAME,DESCRIPTION,STANDARD_COST,LIST_PRICE,CATEGORY_ID) values (214,'Intel Core i7-5960X','Speed:3.0GHz,Cores:8,TDP:140W',865.59,1009.79,1);
Insert into AFRICA.PRODUCTS (PRODUCT_ID,PRODUCT_NAME,DESCRIPTION,STANDARD_COST,LIST_PRICE,CATEGORY_ID) values (53,'Intel Core 2 Extreme QX6800','Speed:2.93GHz,Cores:4,TDP:100W',787.72,1003.98,1);
Insert into AFRICA.PRODUCTS (PRODUCT_ID,PRODUCT_NAME,DESCRIPTION,STANDARD_COST,LIST_PRICE,CATEGORY_ID) values (59,'Intel Core i7-5960X (OEM/Tray)','Speed:3.0GHz,Cores:8,TDP:140W',879.8,977.99,1);
Insert into AFRICA.PRODUCTS (PRODUCT_ID,PRODUCT_NAME,DESCRIPTION,STANDARD_COST,LIST_PRICE,CATEGORY_ID) values (176,'Intel Xeon E5-2650 V3 (OEM/Tray)','Speed:2.3GHz,Cores:10,TDP:105W',799.98,939.49,1);
Insert into AFRICA.PRODUCTS (PRODUCT_ID,PRODUCT_NAME,DESCRIPTION,STANDARD_COST,LIST_PRICE,CATEGORY_ID) values (9,'Intel Xeon E5-2640 V4','Speed:2.4GHz,Cores:10,TDP:90W',738.71,899.99,1);
Insert into AFRICA.PRODUCTS (PRODUCT_ID,PRODUCT_NAME,DESCRIPTION,STANDARD_COST,LIST_PRICE,CATEGORY_ID) values (119,'Intel Xeon E5-2640 V3','Speed:2.6GHz,Cores:8,TDP:90W',668.24,899.99,1);
Insert into AFRICA.PRODUCTS (PRODUCT_ID,PRODUCT_NAME,DESCRIPTION,STANDARD_COST,LIST_PRICE,CATEGORY_ID) values (120,'Intel Core 2 Extreme QX9775','Speed:3.2GHz,Cores:4,TDP:150W',737.68,892,1);
Insert into AFRICA.PRODUCTS (PRODUCT_ID,PRODUCT_NAME,DESCRIPTION,STANDARD_COST,LIST_PRICE,CATEGORY_ID) values (16,'Intel Core i7-6900K','Speed:3.2GHz,Cores:8,TDP:140W',792.89,889.89,1);
Insert into AFRICA.PRODUCTS (PRODUCT_ID,PRODUCT_NAME,DESCRIPTION,STANDARD_COST,LIST_PRICE,CATEGORY_ID) values (111,'Intel Core i7-6900K (OEM/Tray)','Speed:3.2GHz,Cores:8,TDP:140W',620.28,827.37,1);
Insert into AFRICA.PRODUCTS (PRODUCT_ID,PRODUCT_NAME,DESCRIPTION,STANDARD_COST,LIST_PRICE,CATEGORY_ID) values (136,'AMD Opteron 6378','Speed:2.4GHz,Cores:16,TDP:115W',651.92,826.99,1);
Insert into AFRICA.PRODUCTS (PRODUCT_ID,PRODUCT_NAME,DESCRIPTION,STANDARD_COST,LIST_PRICE,CATEGORY_ID) values (27,'Intel Core i7-3960X Extreme Edition','Speed:3.3GHz,Cores:6,TDP:130W',573.41,800.74,1);
Insert into AFRICA.PRODUCTS (PRODUCT_ID,PRODUCT_NAME,DESCRIPTION,STANDARD_COST,LIST_PRICE,CATEGORY_ID) values (73,'Intel Core i7-4770K','Speed:3.5GHz,Cores:4,TDP:84W',714.15,799,1);
Insert into AFRICA.PRODUCTS (PRODUCT_ID,PRODUCT_NAME,DESCRIPTION,STANDARD_COST,LIST_PRICE,CATEGORY_ID) values (70,'Intel Xeon E5-2687W','Speed:3.1GHz,Cores:8,TDP:150W',581.16,710.99,1);
Insert into AFRICA.PRODUCTS (PRODUCT_ID,PRODUCT_NAME,DESCRIPTION,STANDARD_COST,LIST_PRICE,CATEGORY_ID) values (74,'Intel Xeon E5-2680 V2','Speed:2.8GHz,Cores:10,TDP:115W',567.81,701.95,1);
Insert into AFRICA.PRODUCTS (PRODUCT_ID,PRODUCT_NAME,DESCRIPTION,STANDARD_COST,LIST_PRICE,CATEGORY_ID) values (198,'Intel Core i7-980','Speed:3.33GHz,Cores:6,TDP:130W',563.7,699.99,1);
Insert into AFRICA.PRODUCTS (PRODUCT_ID,PRODUCT_NAME,DESCRIPTION,STANDARD_COST,LIST_PRICE,CATEGORY_ID) values (69,'Intel Core i7-7820X','Speed:3.6GHz,Cores:8,TDP:140W',511.1,678.75,1);
Insert into AFRICA.PRODUCTS (PRODUCT_ID,PRODUCT_NAME,DESCRIPTION,STANDARD_COST,LIST_PRICE,CATEGORY_ID) values (71,'Intel Core i7-3930K','Speed:3.2GHz,Cores:6,TDP:130W',509.32,660,1);
Insert into AFRICA.PRODUCTS (PRODUCT_ID,PRODUCT_NAME,DESCRIPTION,STANDARD_COST,LIST_PRICE,CATEGORY_ID) values (199,'Intel Xeon E5-2630 V4','Speed:2.2GHz,Cores:10,TDP:85W',528.95,647.99,1);
Insert into AFRICA.PRODUCTS (PRODUCT_ID,PRODUCT_NAME,DESCRIPTION,STANDARD_COST,LIST_PRICE,CATEGORY_ID) values (76,'Intel Xeon E5-2630 V3','Speed:2.4GHz,Cores:8,TDP:85W',499.96,629.99,1);
Insert into AFRICA.PRODUCTS (PRODUCT_ID,PRODUCT_NAME,DESCRIPTION,STANDARD_COST,LIST_PRICE,CATEGORY_ID) values (75,'Intel Core i7-4930K','Speed:3.4GHz,Cores:6,TDP:130W',527.69,624.04,1);
Insert into AFRICA.PRODUCTS (PRODUCT_ID,PRODUCT_NAME,DESCRIPTION,STANDARD_COST,LIST_PRICE,CATEGORY_ID) values (200,'Intel Core i7-4790K','Speed:4.0GHz,Cores:4,TDP:88W',461.92,620.95,1);
Insert into AFRICA.PRODUCTS (PRODUCT_ID,PRODUCT_NAME,DESCRIPTION,STANDARD_COST,LIST_PRICE,CATEGORY_ID) values (106,'Intel Xeon E5-2640 V2','Speed:2.0GHz,Cores:8,TDP:95W',545.19,608.95,1);
Insert into AFRICA.PRODUCTS (PRODUCT_ID,PRODUCT_NAME,DESCRIPTION,STANDARD_COST,LIST_PRICE,CATEGORY_ID) values (8,'Intel Xeon E5-1650 V4','Speed:3.6GHz,Cores:6,TDP:140W',535.47,601.99,1);
Insert into AFRICA.PRODUCTS (PRODUCT_ID,PRODUCT_NAME,DESCRIPTION,STANDARD_COST,LIST_PRICE,CATEGORY_ID) values (124,'Intel Xeon E5-1650 V4 (OEM/Tray)','Speed:3.6GHz,Cores:6,TDP:140W',453.14,594.99,1);
Insert into AFRICA.PRODUCTS (PRODUCT_ID,PRODUCT_NAME,DESCRIPTION,STANDARD_COST,LIST_PRICE,CATEGORY_ID) values (72,'Intel Xeon E5-2630 V3 (OEM/Tray)','Speed:2.4GHz,Cores:8,TDP:85W',421.9,589.99,1);
Insert into AFRICA.PRODUCTS (PRODUCT_ID,PRODUCT_NAME,DESCRIPTION,STANDARD_COST,LIST_PRICE,CATEGORY_ID) values (155,'Intel Xeon E5-2630 V2','Speed:2.6GHz,Cores:6,TDP:80W',493.48,588.95,1);
Insert into AFRICA.PRODUCTS (PRODUCT_ID,PRODUCT_NAME,DESCRIPTION,STANDARD_COST,LIST_PRICE,CATEGORY_ID) values (80,'Intel Xeon E5-1650 V3','Speed:3.5GHz,Cores:6,TDP:140W',399.77,564.89,1);
Insert into AFRICA.PRODUCTS (PRODUCT_ID,PRODUCT_NAME,DESCRIPTION,STANDARD_COST,LIST_PRICE,CATEGORY_ID) values (132,'Intel Core i7-5930K','Speed:3.5GHz,Cores:6,TDP:140W',481.56,554.99,1);
Insert into AFRICA.PRODUCTS (PRODUCT_ID,PRODUCT_NAME,DESCRIPTION,STANDARD_COST,LIST_PRICE,CATEGORY_ID) values (133,'PNY VCQP6000-PB','Chipset:Quadro P6000,Memory:24GBCore Clock:1.42GHz',4058.99,5499.99,2);
Insert into AFRICA.PRODUCTS (PRODUCT_ID,PRODUCT_NAME,DESCRIPTION,STANDARD_COST,LIST_PRICE,CATEGORY_ID) values (206,'PNY VCQM6000-24GB-PB','Chipset:Quadro M6000,Memory:24GBCore Clock:988MHz',3619.14,4139,2);
Insert into AFRICA.PRODUCTS (PRODUCT_ID,PRODUCT_NAME,DESCRIPTION,STANDARD_COST,LIST_PRICE,CATEGORY_ID) values (207,'PNY VCQM6000-PB','Chipset:Quadro M6000,Memory:12GBCore Clock:988MHz',2505.04,3254.99,2);
Insert into AFRICA.PRODUCTS (PRODUCT_ID,PRODUCT_NAME,DESCRIPTION,STANDARD_COST,LIST_PRICE,CATEGORY_ID) values (110,'ATI FirePro W9000','Chipset:FirePro W9000,Memory:6GBCore Clock:975MHz',2785.55,3192.97,2);
Insert into AFRICA.PRODUCTS (PRODUCT_ID,PRODUCT_NAME,DESCRIPTION,STANDARD_COST,LIST_PRICE,CATEGORY_ID) values (123,'ATI FirePro S9150','Chipset:FirePro S9150,Memory:16GBCore Clock:900MHz',2628.06,3177.44,2);
Insert into AFRICA.PRODUCTS (PRODUCT_ID,PRODUCT_NAME,DESCRIPTION,STANDARD_COST,LIST_PRICE,CATEGORY_ID) values (142,'AMD FirePro W9100','Chipset:FirePro W9100,Memory:16GBCore Clock:930MHz',2483.38,2998.89,2);
Insert into AFRICA.PRODUCTS (PRODUCT_ID,PRODUCT_NAME,DESCRIPTION,STANDARD_COST,LIST_PRICE,CATEGORY_ID) values (105,'EVGA 12G-P4-3992-KR','Chipset:GeForce GTX Titan Z,Memory:12GBCore Clock:732MHz',2313.07,2799.99,2);
Insert into AFRICA.PRODUCTS (PRODUCT_ID,PRODUCT_NAME,DESCRIPTION,STANDARD_COST,LIST_PRICE,CATEGORY_ID) values (4,'AMD 100-505989','Chipset:FirePro W9100,Memory:32GBCore Clock:930MHz',2128.67,2699.99,2);
Insert into AFRICA.PRODUCTS (PRODUCT_ID,PRODUCT_NAME,DESCRIPTION,STANDARD_COST,LIST_PRICE,CATEGORY_ID) values (5,'PNY VCQK6000-PB','Chipset:Quadro K6000,Memory:12GBCore Clock:902MHz',1740.31,2290.79,2);
Insert into AFRICA.PRODUCTS (PRODUCT_ID,PRODUCT_NAME,DESCRIPTION,STANDARD_COST,LIST_PRICE,CATEGORY_ID) values (11,'PNY VCQP5000-PB','Chipset:Quadro P5000,Memory:16GBCore Clock:1.61GHz',1602.21,2015.11,2);
Insert into AFRICA.PRODUCTS (PRODUCT_ID,PRODUCT_NAME,DESCRIPTION,STANDARD_COST,LIST_PRICE,CATEGORY_ID) values (178,'HP C2J95AT','Chipset:Quadro K5000,Memory:4GBCore Clock:706MHz',1715.91,1999.89,2);
Insert into AFRICA.PRODUCTS (PRODUCT_ID,PRODUCT_NAME,DESCRIPTION,STANDARD_COST,LIST_PRICE,CATEGORY_ID) values (267,'EVGA 12G-P4-1999-KR','Chipset:GeForce GTX Titan X,Memory:12GBCore Clock:1.15GHz',1328.03,1799.99,2);
Insert into AFRICA.PRODUCTS (PRODUCT_ID,PRODUCT_NAME,DESCRIPTION,STANDARD_COST,LIST_PRICE,CATEGORY_ID) values (177,'PNY VCQM5000-PB','Chipset:Quadro M5000,Memory:8GBCore Clock:861MHz',1268.42,1759.99,2);
Insert into AFRICA.PRODUCTS (PRODUCT_ID,PRODUCT_NAME,DESCRIPTION,STANDARD_COST,LIST_PRICE,CATEGORY_ID) values (245,'ATI FirePro S9050','Chipset:FirePro S9050,Memory:12GBCore Clock:900MHz',1237.04,1699,2);
Insert into AFRICA.PRODUCTS (PRODUCT_ID,PRODUCT_NAME,DESCRIPTION,STANDARD_COST,LIST_PRICE,CATEGORY_ID) values (161,'AMD 100-5056062','Chipset:Vega Frontier Edition Liquid,Memory:16GBCore Clock:1.5GHz',1343.84,1499.99,2);
Insert into AFRICA.PRODUCTS (PRODUCT_ID,PRODUCT_NAME,DESCRIPTION,STANDARD_COST,LIST_PRICE,CATEGORY_ID) values (186,'PNY VCQK5200-PB','Chipset:Quadro K5200,Memory:8GBCore Clock:667MHz',1129.39,1449.98,2);
Insert into AFRICA.PRODUCTS (PRODUCT_ID,PRODUCT_NAME,DESCRIPTION,STANDARD_COST,LIST_PRICE,CATEGORY_ID) values (48,'AMD FirePro S7000','Chipset:FirePro S7000,Memory:4GBCore Clock:950MHz',936.42,1218.5,2);
Insert into AFRICA.PRODUCTS (PRODUCT_ID,PRODUCT_NAME,DESCRIPTION,STANDARD_COST,LIST_PRICE,CATEGORY_ID) values (184,'AMD 100-506061','Chipset:Vega Frontier Edition,Memory:16GBCore Clock:1.44GHz',706.99,999.99,2);
Insert into AFRICA.PRODUCTS (PRODUCT_ID,PRODUCT_NAME,DESCRIPTION,STANDARD_COST,LIST_PRICE,CATEGORY_ID) values (181,'ATI FirePro R5000','Chipset:FirePro R5000,Memory:2GBCore Clock:825MHz',760.59,999.99,2);
Insert into AFRICA.PRODUCTS (PRODUCT_ID,PRODUCT_NAME,DESCRIPTION,STANDARD_COST,LIST_PRICE,CATEGORY_ID) values (182,'PNY VCQK4200-PB','Chipset:Quadro K4200,Memory:4GBCore Clock:771MHz',799.05,949.89,2);
Insert into AFRICA.PRODUCTS (PRODUCT_ID,PRODUCT_NAME,DESCRIPTION,STANDARD_COST,LIST_PRICE,CATEGORY_ID) values (183,'Asus GTX780TI-3GD5','Chipset:GeForce GTX 780 Ti,Memory:3GBCore Clock:876MHz',781.91,899.99,2);
Insert into AFRICA.PRODUCTS (PRODUCT_ID,PRODUCT_NAME,DESCRIPTION,STANDARD_COST,LIST_PRICE,CATEGORY_ID) values (185,'MSI GTX 1080 TI LIGHTNING Z','Chipset:GeForce GTX 1080 Ti,Memory:11GBCore Clock:1.61GHz',688.35,873.98,2);
Insert into AFRICA.PRODUCTS (PRODUCT_ID,PRODUCT_NAME,DESCRIPTION,STANDARD_COST,LIST_PRICE,CATEGORY_ID) values (281,'Asus ROG-POSEIDON-GTX1080TI-P11G-GAMING','Chipset:GeForce GTX 1080 Ti,Memory:11GBCore Clock:1.62GHz',696.14,864.98,2);
Insert into AFRICA.PRODUCTS (PRODUCT_ID,PRODUCT_NAME,DESCRIPTION,STANDARD_COST,LIST_PRICE,CATEGORY_ID) values (216,'MSI GTX 1080 TI LIGHTNING X','Chipset:GeForce GTX 1080 Ti,Memory:11GBCore Clock:1.57GHz',742.94,863.98,2);
Insert into AFRICA.PRODUCTS (PRODUCT_ID,PRODUCT_NAME,DESCRIPTION,STANDARD_COST,LIST_PRICE,CATEGORY_ID) values (6,'Zotac ZT-P10810A-10P','Chipset:GeForce GTX 1080 Ti,Memory:11GBCore Clock:1.48GHz',702.35,849.99,2);
Insert into AFRICA.PRODUCTS (PRODUCT_ID,PRODUCT_NAME,DESCRIPTION,STANDARD_COST,LIST_PRICE,CATEGORY_ID) values (108,'MSI GAMING','Chipset:GeForce GTX 780 Ti,Memory:3GBCore Clock:1.02GHz',753.18,849.99,2);
Insert into AFRICA.PRODUCTS (PRODUCT_ID,PRODUCT_NAME,DESCRIPTION,STANDARD_COST,LIST_PRICE,CATEGORY_ID) values (83,'Asus STRIX-GTX1080TI-O11G-GAMING','Chipset:GeForce GTX 1080 Ti,Memory:11GBCore Clock:1.57GHz',691.13,829.99,2);
Insert into AFRICA.PRODUCTS (PRODUCT_ID,PRODUCT_NAME,DESCRIPTION,STANDARD_COST,LIST_PRICE,CATEGORY_ID) values (215,'PNY VCQP4000-PB','Chipset:Quadro P4000,Memory:8GBCore Clock:1.23GHz',724,829.89,2);
Insert into AFRICA.PRODUCTS (PRODUCT_ID,PRODUCT_NAME,DESCRIPTION,STANDARD_COST,LIST_PRICE,CATEGORY_ID) values (12,'Gigabyte GV-N108TAORUSX W-11GD','Chipset:GeForce GTX 1080 Ti,Memory:11GBCore Clock:1.63GHz',596.05,824.98,2);
Insert into AFRICA.PRODUCTS (PRODUCT_ID,PRODUCT_NAME,DESCRIPTION,STANDARD_COST,LIST_PRICE,CATEGORY_ID) values (114,'Zotac ZT-70203-10P','Chipset:GeForce GTX 780,Memory:3GBCore Clock:1.01GHz',580.42,820.61,2);
Insert into AFRICA.PRODUCTS (PRODUCT_ID,PRODUCT_NAME,DESCRIPTION,STANDARD_COST,LIST_PRICE,CATEGORY_ID) values (103,'EVGA 11G-P4-6598-KR','Chipset:GeForce GTX 1080 Ti,Memory:11GBCore Clock:1.56GHz',663.54,809.99,2);
Insert into AFRICA.PRODUCTS (PRODUCT_ID,PRODUCT_NAME,DESCRIPTION,STANDARD_COST,LIST_PRICE,CATEGORY_ID) values (86,'MSI GTX 1080 TI SEA HAWK X','Chipset:GeForce GTX 1080 Ti,Memory:11GBCore Clock:1.57GHz',691.32,804.98,2);
Insert into AFRICA.PRODUCTS (PRODUCT_ID,PRODUCT_NAME,DESCRIPTION,STANDARD_COST,LIST_PRICE,CATEGORY_ID) values (3,'Corsair CB-9060011-WW','Chipset:GeForce GTX 1080 Ti,Memory:11GBCore Clock:1.57GHz',573.51,799.99,2);
Insert into AFRICA.PRODUCTS (PRODUCT_ID,PRODUCT_NAME,DESCRIPTION,STANDARD_COST,LIST_PRICE,CATEGORY_ID) values (174,'MSI GTX 1080 TI AERO 11G OC','Chipset:GeForce GTX 1080 Ti,Memory:11GBCore Clock:1.51GHz',715.72,798.26,2);
Insert into AFRICA.PRODUCTS (PRODUCT_ID,PRODUCT_NAME,DESCRIPTION,STANDARD_COST,LIST_PRICE,CATEGORY_ID) values (175,'NVIDIA VCQM4000-PB','Chipset:Quadro M4000,Memory:8GBCore Clock:N/A',682.09,790,2);
REM INSERTING into AFRICA.PRODUCT_CATEGORIES
SET DEFINE OFF;
Insert into AFRICA.PRODUCT_CATEGORIES (CATEGORY_ID,CATEGORY_NAME) values (1,'CPU');
Insert into AFRICA.PRODUCT_CATEGORIES (CATEGORY_ID,CATEGORY_NAME) values (2,'Video Card');
Insert into AFRICA.PRODUCT_CATEGORIES (CATEGORY_ID,CATEGORY_NAME) values (3,'RAM');
Insert into AFRICA.PRODUCT_CATEGORIES (CATEGORY_ID,CATEGORY_NAME) values (4,'Mother Board');
Insert into AFRICA.PRODUCT_CATEGORIES (CATEGORY_ID,CATEGORY_NAME) values (5,'Storage');
REM INSERTING into AFRICA.REGIONS
SET DEFINE OFF;
Insert into AFRICA.REGIONS (REGION_ID,REGION_NAME) values (1,'Europe');
Insert into AFRICA.REGIONS (REGION_ID,REGION_NAME) values (2,'Americas');
Insert into AFRICA.REGIONS (REGION_ID,REGION_NAME) values (3,'Asia');
Insert into AFRICA.REGIONS (REGION_ID,REGION_NAME) values (4,'Middle East and Africa');
REM INSERTING into AFRICA.WAREHOUSES
SET DEFINE OFF;
--------------------------------------------------------
--  DDL for Index SYS_C0013472
--------------------------------------------------------

  CREATE UNIQUE INDEX "AFRICA"."SYS_C0013472" ON "AFRICA"."CONTACTS" ("CONTACT_ID")
--------------------------------------------------------
--  DDL for Index SYS_C0013439
--------------------------------------------------------

  CREATE UNIQUE INDEX "AFRICA"."SYS_C0013439" ON "AFRICA"."COUNTRIES" ("COUNTRY_ID")
--------------------------------------------------------
--  DDL for Index SYS_C0013467
--------------------------------------------------------

  CREATE UNIQUE INDEX "AFRICA"."SYS_C0013467" ON "AFRICA"."CUSTOMERS" ("CUSTOMER_ID")
--------------------------------------------------------
--  DDL for Index SYS_C0013455
--------------------------------------------------------

  CREATE UNIQUE INDEX "AFRICA"."SYS_C0013455" ON "AFRICA"."EMPLOYEES" ("EMPLOYEE_ID")
--------------------------------------------------------
--  DDL for Index PK_INVENTORIES
--------------------------------------------------------

  CREATE UNIQUE INDEX "AFRICA"."PK_INVENTORIES" ON "AFRICA"."INVENTORIES" ("PRODUCT_ID", "WAREHOUSE_ID")
--------------------------------------------------------
--  DDL for Index SYS_C0013443
--------------------------------------------------------

  CREATE UNIQUE INDEX "AFRICA"."SYS_C0013443" ON "AFRICA"."LOCATIONS" ("LOCATION_ID")
--------------------------------------------------------
--  DDL for Index SYS_C0013478
--------------------------------------------------------

  CREATE UNIQUE INDEX "AFRICA"."SYS_C0013478" ON "AFRICA"."ORDERS" ("ORDER_ID")
--------------------------------------------------------
--  DDL for Index PK_ORDER_ITEMS
--------------------------------------------------------

  CREATE UNIQUE INDEX "AFRICA"."PK_ORDER_ITEMS" ON "AFRICA"."ORDER_ITEMS" ("ORDER_ID", "ITEM_ID")
--------------------------------------------------------
--  DDL for Index SYS_C0013463
--------------------------------------------------------

  CREATE UNIQUE INDEX "AFRICA"."SYS_C0013463" ON "AFRICA"."PRODUCTS" ("PRODUCT_ID")
--------------------------------------------------------
--  DDL for Index SYS_C0013459
--------------------------------------------------------

  CREATE UNIQUE INDEX "AFRICA"."SYS_C0013459" ON "AFRICA"."PRODUCT_CATEGORIES" ("CATEGORY_ID")
--------------------------------------------------------
--  DDL for Index SYS_C0013437
--------------------------------------------------------

  CREATE UNIQUE INDEX "AFRICA"."SYS_C0013437" ON "AFRICA"."REGIONS" ("REGION_ID")
--------------------------------------------------------
--  DDL for Index SYS_C0013446
--------------------------------------------------------

  CREATE UNIQUE INDEX "AFRICA"."SYS_C0013446" ON "AFRICA"."WAREHOUSES" ("WAREHOUSE_ID")
--------------------------------------------------------
--  Constraints for Table CONTACTS
--------------------------------------------------------

  ALTER TABLE "AFRICA"."CONTACTS" MODIFY ("CONTACT_ID" NOT NULL ENABLE)
  ALTER TABLE "AFRICA"."CONTACTS" MODIFY ("FIRST_NAME" NOT NULL ENABLE)
  ALTER TABLE "AFRICA"."CONTACTS" MODIFY ("LAST_NAME" NOT NULL ENABLE)
  ALTER TABLE "AFRICA"."CONTACTS" MODIFY ("EMAIL" NOT NULL ENABLE)
  ALTER TABLE "AFRICA"."CONTACTS" ADD PRIMARY KEY ("CONTACT_ID") USING INDEX  ENABLE
--------------------------------------------------------
--  Constraints for Table COUNTRIES
--------------------------------------------------------

  ALTER TABLE "AFRICA"."COUNTRIES" MODIFY ("COUNTRY_NAME" NOT NULL ENABLE)
  ALTER TABLE "AFRICA"."COUNTRIES" ADD PRIMARY KEY ("COUNTRY_ID") USING INDEX  ENABLE
--------------------------------------------------------
--  Constraints for Table CUSTOMERS
--------------------------------------------------------

  ALTER TABLE "AFRICA"."CUSTOMERS" MODIFY ("CUSTOMER_ID" NOT NULL ENABLE)
  ALTER TABLE "AFRICA"."CUSTOMERS" MODIFY ("NAME" NOT NULL ENABLE)
  ALTER TABLE "AFRICA"."CUSTOMERS" ADD PRIMARY KEY ("CUSTOMER_ID") USING INDEX  ENABLE
--------------------------------------------------------
--  Constraints for Table EMPLOYEES
--------------------------------------------------------

  ALTER TABLE "AFRICA"."EMPLOYEES" MODIFY ("EMPLOYEE_ID" NOT NULL ENABLE)
  ALTER TABLE "AFRICA"."EMPLOYEES" MODIFY ("FIRST_NAME" NOT NULL ENABLE)
  ALTER TABLE "AFRICA"."EMPLOYEES" MODIFY ("LAST_NAME" NOT NULL ENABLE)
  ALTER TABLE "AFRICA"."EMPLOYEES" MODIFY ("EMAIL" NOT NULL ENABLE)
  ALTER TABLE "AFRICA"."EMPLOYEES" MODIFY ("PHONE" NOT NULL ENABLE)
  ALTER TABLE "AFRICA"."EMPLOYEES" MODIFY ("HIRE_DATE" NOT NULL ENABLE)
  ALTER TABLE "AFRICA"."EMPLOYEES" MODIFY ("JOB_TITLE" NOT NULL ENABLE)
  ALTER TABLE "AFRICA"."EMPLOYEES" ADD PRIMARY KEY ("EMPLOYEE_ID") USING INDEX  ENABLE
--------------------------------------------------------
--  Constraints for Table INVENTORIES
--------------------------------------------------------

  ALTER TABLE "AFRICA"."INVENTORIES" MODIFY ("QUANTITY" NOT NULL ENABLE)
  ALTER TABLE "AFRICA"."INVENTORIES" ADD CONSTRAINT "PK_INVENTORIES" PRIMARY KEY ("PRODUCT_ID", "WAREHOUSE_ID") USING INDEX  ENABLE
--------------------------------------------------------
--  Constraints for Table LOCATIONS
--------------------------------------------------------

  ALTER TABLE "AFRICA"."LOCATIONS" MODIFY ("LOCATION_ID" NOT NULL ENABLE)
  ALTER TABLE "AFRICA"."LOCATIONS" MODIFY ("ADDRESS" NOT NULL ENABLE)
  ALTER TABLE "AFRICA"."LOCATIONS" ADD PRIMARY KEY ("LOCATION_ID") USING INDEX  ENABLE
--------------------------------------------------------
--  Constraints for Table ORDERS
--------------------------------------------------------

  ALTER TABLE "AFRICA"."ORDERS" MODIFY ("ORDER_ID" NOT NULL ENABLE)
  ALTER TABLE "AFRICA"."ORDERS" MODIFY ("CUSTOMER_ID" NOT NULL ENABLE)
  ALTER TABLE "AFRICA"."ORDERS" MODIFY ("STATUS" NOT NULL ENABLE)
  ALTER TABLE "AFRICA"."ORDERS" MODIFY ("ORDER_DATE" NOT NULL ENABLE)
  ALTER TABLE "AFRICA"."ORDERS" ADD PRIMARY KEY ("ORDER_ID") USING INDEX  ENABLE
--------------------------------------------------------
--  Constraints for Table ORDER_ITEMS
--------------------------------------------------------

  ALTER TABLE "AFRICA"."ORDER_ITEMS" MODIFY ("PRODUCT_ID" NOT NULL ENABLE)
  ALTER TABLE "AFRICA"."ORDER_ITEMS" MODIFY ("QUANTITY" NOT NULL ENABLE)
  ALTER TABLE "AFRICA"."ORDER_ITEMS" MODIFY ("UNIT_PRICE" NOT NULL ENABLE)
  ALTER TABLE "AFRICA"."ORDER_ITEMS" ADD CONSTRAINT "PK_ORDER_ITEMS" PRIMARY KEY ("ORDER_ID", "ITEM_ID") USING INDEX  ENABLE
--------------------------------------------------------
--  Constraints for Table PRODUCTS
--------------------------------------------------------

  ALTER TABLE "AFRICA"."PRODUCTS" MODIFY ("PRODUCT_ID" NOT NULL ENABLE)
  ALTER TABLE "AFRICA"."PRODUCTS" MODIFY ("PRODUCT_NAME" NOT NULL ENABLE)
  ALTER TABLE "AFRICA"."PRODUCTS" MODIFY ("CATEGORY_ID" NOT NULL ENABLE)
  ALTER TABLE "AFRICA"."PRODUCTS" ADD PRIMARY KEY ("PRODUCT_ID") USING INDEX  ENABLE
--------------------------------------------------------
--  Constraints for Table PRODUCT_CATEGORIES
--------------------------------------------------------

  ALTER TABLE "AFRICA"."PRODUCT_CATEGORIES" MODIFY ("CATEGORY_ID" NOT NULL ENABLE)
  ALTER TABLE "AFRICA"."PRODUCT_CATEGORIES" MODIFY ("CATEGORY_NAME" NOT NULL ENABLE)
  ALTER TABLE "AFRICA"."PRODUCT_CATEGORIES" ADD PRIMARY KEY ("CATEGORY_ID") USING INDEX  ENABLE
--------------------------------------------------------
--  Constraints for Table REGIONS
--------------------------------------------------------

  ALTER TABLE "AFRICA"."REGIONS" MODIFY ("REGION_ID" NOT NULL ENABLE)
  ALTER TABLE "AFRICA"."REGIONS" MODIFY ("REGION_NAME" NOT NULL ENABLE)
  ALTER TABLE "AFRICA"."REGIONS" ADD PRIMARY KEY ("REGION_ID") USING INDEX  ENABLE
--------------------------------------------------------
--  Constraints for Table WAREHOUSES
--------------------------------------------------------

  ALTER TABLE "AFRICA"."WAREHOUSES" MODIFY ("WAREHOUSE_ID" NOT NULL ENABLE)
  ALTER TABLE "AFRICA"."WAREHOUSES" ADD PRIMARY KEY ("WAREHOUSE_ID") USING INDEX  ENABLE
--------------------------------------------------------
--  Ref Constraints for Table CONTACTS
--------------------------------------------------------

  ALTER TABLE "AFRICA"."CONTACTS" ADD CONSTRAINT "FK_CONTACTS_CUSTOMERS" FOREIGN KEY ("CUSTOMER_ID") REFERENCES "AFRICA"."CUSTOMERS" ("CUSTOMER_ID") ON DELETE CASCADE ENABLE
--------------------------------------------------------
--  Ref Constraints for Table COUNTRIES
--------------------------------------------------------

  ALTER TABLE "AFRICA"."COUNTRIES" ADD CONSTRAINT "FK_COUNTRIES_REGIONS" FOREIGN KEY ("REGION_ID") REFERENCES "AFRICA"."REGIONS" ("REGION_ID") ON DELETE CASCADE ENABLE
--------------------------------------------------------
--  Ref Constraints for Table CUSTOMERS
--------------------------------------------------------

  ALTER TABLE "AFRICA"."CUSTOMERS" ADD CONSTRAINT "CUSTOMERS_FK1" FOREIGN KEY ("REGION_ID") REFERENCES "AFRICA"."REGIONS" ("REGION_ID") ENABLE
--------------------------------------------------------
--  Ref Constraints for Table EMPLOYEES
--------------------------------------------------------

  ALTER TABLE "AFRICA"."EMPLOYEES" ADD CONSTRAINT "FK_EMPLOYEES_MANAGER" FOREIGN KEY ("MANAGER_ID") REFERENCES "AFRICA"."EMPLOYEES" ("EMPLOYEE_ID") ON DELETE CASCADE DISABLE
  ALTER TABLE "AFRICA"."EMPLOYEES" ADD CONSTRAINT "EMPLOYEES_FK1" FOREIGN KEY ("REGION_ID") REFERENCES "AFRICA"."REGIONS" ("REGION_ID") ENABLE
--------------------------------------------------------
--  Ref Constraints for Table INVENTORIES
--------------------------------------------------------

  ALTER TABLE "AFRICA"."INVENTORIES" ADD CONSTRAINT "FK_INVENTORIES_PRODUCTS" FOREIGN KEY ("PRODUCT_ID") REFERENCES "AFRICA"."PRODUCTS" ("PRODUCT_ID") ON DELETE CASCADE ENABLE
  ALTER TABLE "AFRICA"."INVENTORIES" ADD CONSTRAINT "FK_INVENTORIES_WAREHOUSES" FOREIGN KEY ("WAREHOUSE_ID") REFERENCES "AFRICA"."WAREHOUSES" ("WAREHOUSE_ID") ON DELETE CASCADE ENABLE
--------------------------------------------------------
--  Ref Constraints for Table LOCATIONS
--------------------------------------------------------

  ALTER TABLE "AFRICA"."LOCATIONS" ADD CONSTRAINT "FK_LOCATIONS_COUNTRIES" FOREIGN KEY ("COUNTRY_ID") REFERENCES "AFRICA"."COUNTRIES" ("COUNTRY_ID") ON DELETE CASCADE ENABLE
--------------------------------------------------------
--  Ref Constraints for Table ORDERS
--------------------------------------------------------

  ALTER TABLE "AFRICA"."ORDERS" ADD CONSTRAINT "FK_ORDERS_CUSTOMERS" FOREIGN KEY ("CUSTOMER_ID") REFERENCES "AFRICA"."CUSTOMERS" ("CUSTOMER_ID") ON DELETE CASCADE ENABLE
  ALTER TABLE "AFRICA"."ORDERS" ADD CONSTRAINT "FK_ORDERS_EMPLOYEES" FOREIGN KEY ("SALESMAN_ID") REFERENCES "AFRICA"."EMPLOYEES" ("EMPLOYEE_ID") ON DELETE SET NULL ENABLE
--------------------------------------------------------
--  Ref Constraints for Table ORDER_ITEMS
--------------------------------------------------------

  ALTER TABLE "AFRICA"."ORDER_ITEMS" ADD CONSTRAINT "FK_ORDER_ITEMS_PRODUCTS" FOREIGN KEY ("PRODUCT_ID") REFERENCES "AFRICA"."PRODUCTS" ("PRODUCT_ID") ON DELETE CASCADE ENABLE
  ALTER TABLE "AFRICA"."ORDER_ITEMS" ADD CONSTRAINT "FK_ORDER_ITEMS_ORDERS" FOREIGN KEY ("ORDER_ID") REFERENCES "AFRICA"."ORDERS" ("ORDER_ID") ON DELETE CASCADE DISABLE
--------------------------------------------------------
--  Ref Constraints for Table PRODUCTS
--------------------------------------------------------

  ALTER TABLE "AFRICA"."PRODUCTS" ADD CONSTRAINT "FK_PRODUCTS_CATEGORIES" FOREIGN KEY ("CATEGORY_ID") REFERENCES "AFRICA"."PRODUCT_CATEGORIES" ("CATEGORY_ID") ON DELETE CASCADE ENABLE
--------------------------------------------------------
--  Ref Constraints for Table WAREHOUSES
--------------------------------------------------------

  ALTER TABLE "AFRICA"."WAREHOUSES" ADD CONSTRAINT "FK_WAREHOUSES_LOCATIONS" FOREIGN KEY ("LOCATION_ID") REFERENCES "AFRICA"."LOCATIONS" ("LOCATION_ID") ON DELETE CASCADE ENABLE
