

--
-- CATALOGOPRODUCTOS  (Table) 
--
--   Row Count: 12
CREATE TABLE CATALOGOPRODUCTOS
(
  CODPRODUCTO    CHAR(10 BYTE),
  DESCRIPCION    VARCHAR2(50 BYTE),
  RFCPROVEEDOR   CHAR(10 BYTE),
  PRECIO         NUMBER(5,2),
  INVENTARIOMIN  NUMBER(6)
);


--
-- CATALOGOPROVEEDORES  (Table) 
--
--   Row Count: 3
CREATE TABLE CATALOGOPROVEEDORES
(
  RFCPROVEEDOR     CHAR(10 BYTE),
  RAZONSOCIAL      VARCHAR2(50 BYTE),
  DIRECCIONFISCAL  VARCHAR2(50 BYTE)
)
;


--
-- CATALOGOSUCURSALES  (Table) 
--
--   Row Count: 4
CREATE TABLE CATALOGOSUCURSALES
(
  CODSUCURSAL   CHAR(5 BYTE),
  DIRECCION     VARCHAR2(50 BYTE),
  REGION        VARCHAR2(10 BYTE),
  RESPONSABLE   VARCHAR2(50 BYTE),
  CODIGOPOSTAL  CHAR(5 BYTE)
)
;


--
-- VENTAS  (Table) 
--
--   Row Count: 7680
CREATE TABLE VENTAS
(
  CODPRODUCTO  CHAR(10 BYTE),
  CODSUCURSAL  CHAR(5 BYTE),
  FECHAHORA    DATE,
  CANTIDAD     NUMBER(5),
  PRECIO       NUMBER(5,2)
);


GRANT SELECT ON CATALOGOPRODUCTOS TO PUBLIC;

GRANT SELECT ON CATALOGOPROVEEDORES TO PUBLIC;

GRANT SELECT ON CATALOGOSUCURSALES TO PUBLIC;

GRANT SELECT ON VENTAS TO PUBLIC;

REM INSERTING into CATALOGOPRODUCTOS
SET DEFINE OFF;
Insert into CATALOGOPRODUCTOS (CODPRODUCTO,DESCRIPCION,RFCPROVEEDOR,PRECIO,INVENTARIOMIN) values ('77700001  ','Coca cola','COCA500101',15,1000);
Insert into CATALOGOPRODUCTOS (CODPRODUCTO,DESCRIPCION,RFCPROVEEDOR,PRECIO,INVENTARIOMIN) values ('77700002  ','Manzana Lift','COCA500101',13,2000);
Insert into CATALOGOPRODUCTOS (CODPRODUCTO,DESCRIPCION,RFCPROVEEDOR,PRECIO,INVENTARIOMIN) values ('77700003  ','Victoria','COCA500101',13,1000);
Insert into CATALOGOPRODUCTOS (CODPRODUCTO,DESCRIPCION,RFCPROVEEDOR,PRECIO,INVENTARIOMIN) values ('77700004  ','Sprite','COCA500101',15,1000);
Insert into CATALOGOPRODUCTOS (CODPRODUCTO,DESCRIPCION,RFCPROVEEDOR,PRECIO,INVENTARIOMIN) values ('88800001  ','Sabritas','PEPS600301',22,2000);
Insert into CATALOGOPRODUCTOS (CODPRODUCTO,DESCRIPCION,RFCPROVEEDOR,PRECIO,INVENTARIOMIN) values ('88800003  ','Sabritones','PEPS600301',20,2000);
Insert into CATALOGOPRODUCTOS (CODPRODUCTO,DESCRIPCION,RFCPROVEEDOR,PRECIO,INVENTARIOMIN) values ('88800002  ','Fritos','PEPS600301',18,1000);
Insert into CATALOGOPRODUCTOS (CODPRODUCTO,DESCRIPCION,RFCPROVEEDOR,PRECIO,INVENTARIOMIN) values ('99900001  ','Submarinos','MARI650101',23,1000);
Insert into CATALOGOPRODUCTOS (CODPRODUCTO,DESCRIPCION,RFCPROVEEDOR,PRECIO,INVENTARIOMIN) values ('99900002  ','Pinguinos','MARI650101',25,2000);
Insert into CATALOGOPRODUCTOS (CODPRODUCTO,DESCRIPCION,RFCPROVEEDOR,PRECIO,INVENTARIOMIN) values ('99900003  ','Pay de nuez','MARI650101',33,1000);
Insert into CATALOGOPRODUCTOS (CODPRODUCTO,DESCRIPCION,RFCPROVEEDOR,PRECIO,INVENTARIOMIN) values ('99900004  ','Canelitas','MARI650101',22.50,500);
Insert into CATALOGOPRODUCTOS (CODPRODUCTO,DESCRIPCION,RFCPROVEEDOR,PRECIO,INVENTARIOMIN) values ('99900006  ','Gansito','MARI650101',10,100);
commit;
REM INSERTING into CATALOGOPROVEEDORES
SET DEFINE OFF;
Insert into CATALOGOPROVEEDORES (RFCPROVEEDOR,RAZONSOCIAL,DIRECCIONFISCAL) values ('COCA500101','Embotelladora Victoria del Centro','Epigmenio Gonzalez 1120. Queretaro');
Insert into CATALOGOPROVEEDORES (RFCPROVEEDOR,RAZONSOCIAL,DIRECCIONFISCAL) values ('PEPS600301','Pepsi Co. De Mexico','Eje Central 1020, Mexico D.F.');
Insert into CATALOGOPROVEEDORES (RFCPROVEEDOR,RAZONSOCIAL,DIRECCIONFISCAL) values ('MARI650101','Bimbo-Marinela S.A. de C.V.','Paseo Tollocan, Toluca');
commit;
REM INSERTING into CATALOGOSUCURSALES
SET DEFINE OFF;
Insert into CATALOGOSUCURSALES (CODSUCURSAL,DIRECCION,REGION,RESPONSABLE,CODIGOPOSTAL) values ('QRO  ','Blvd. Quintana 5000','Bajio','Pueblito Lopez','76090');
Insert into CATALOGOSUCURSALES (CODSUCURSAL,DIRECCION,REGION,RESPONSABLE,CODIGOPOSTAL) values ('GDA  ','Av. Aviacion 200','Occidente','Julian Jimenez','88990');
Insert into CATALOGOSUCURSALES (CODSUCURSAL,DIRECCION,REGION,RESPONSABLE,CODIGOPOSTAL) values ('MEX  ','Via Gustavo Baz 7000','Centro','Juan Perez','90120');
Insert into CATALOGOSUCURSALES (CODSUCURSAL,DIRECCION,REGION,RESPONSABLE,CODIGOPOSTAL) values ('MTY  ','Av. Garza Sada #1000','Norte','El mismo','99876');
commit;
